global_ic,regime_ic,shrunk_ic,regime_days,icir,direction,source,weight,window,regime,factor
0.0020295192409122927,-0.036488370388341844,-0.018146518183935114,44,1.530095201342366,-1,REGIME,0.1319937336954855,1,SIDEWAYS,relative_strength
0.035571223358785625,0.004824948455850221,0.01946603174296232,44,0.14562689486847216,1,REGIME,0.013475986558329314,1,SIDEWAYS,trend_score
0.013965564773548548,-0.02150488585260226,-0.004614195078244734,44,0.7591749868308437,-1,REGIME,0.016652498174722502,1,SIDEWAYS,momentum_score
0.009525487862764484,0.06988589503230985,0.040796542179516906,43,2.6208163610736785,1,REGIME,0.3878777815714627,1,SIDEWAYS,volatility_score
0.04096314707082248,0.10754210686198871,0.0758378402947667,44,4.59333994711911,1,REGIME,0.45,1,SIDEWAYS,liquidity_score
0.0020295192409122927,0.03379002412501068,0.015896781936786234,31,1.1939478018653913,1,REGIME,0.189087666567048,1,TREND_UP,relative_strength
0.035571223358785625,0.07591692468463311,0.05318695210669086,31,2.9423866570483916,1,REGIME,0.45,1,TREND_UP,trend_score
0.013965564773548548,0.031169334252446147,0.02147706975729257,31,1.1411224236964592,1,REGIME,0.24416078501666424,1,TREND_UP,momentum_score
0.009525487862764484,-0.013115014567954742,-0.0003598019309298253,31,0.47440875784503794,-1,REGIME,0.0017005320940482974,1,TREND_UP,volatility_score
0.04096314707082248,-0.026515787967580546,0.011500513462505664,31,1.00416385176799,1,REGIME,0.11505101632223945,1,TREND_UP,liquidity_score
0.0020295192409122927,0.0020295192409122927,0.0020295192409122927,9,1.012615830100765,1,GLOBAL_FALLBACK,0.020868768061641108,1,LOW_VOL,relative_strength
0.035571223358785625,0.035571223358785625,0.035571223358785625,9,0.49855527033433666,1,GLOBAL_FALLBACK,0.18008230469651518,1,LOW_VOL,trend_score
0.013965564773548548,0.013965564773548548,0.013965564773548548,9,1.2990108305403991,1,GLOBAL_FALLBACK,0.18421721076773875,1,LOW_VOL,momentum_score
0.009525487862764484,0.009525487862764484,0.009525487862764484,9,1.7040982336983546,1,GLOBAL_FALLBACK,0.16483171647410497,1,LOW_VOL,volatility_score
0.04096314707082248,0.04096314707082248,0.04096314707082248,9,1.3054074953714805,1,GLOBAL_FALLBACK,0.45,1,LOW_VOL,liquidity_score
0.0020295192409122927,0.0020295192409122927,0.0020295192409122927,8,1.1398543330496786,1,GLOBAL_FALLBACK,0.024714013503502982,1,HIGH_VOL_UP,relative_strength
0.035571223358785625,0.035571223358785625,0.035571223358785625,8,1.5300696266931038,1,GLOBAL_FALLBACK,0.45,1,HIGH_VOL_UP,trend_score
0.013965564773548548,0.013965564773548548,0.013965564773548548,8,1.0924682334729652,1,GLOBAL_FALLBACK,0.1629926696450621,1,HIGH_VOL_UP,momentum_score
0.009525487862764484,0.009525487862764484,0.009525487862764484,8,0.7177067515955138,1,GLOBAL_FALLBACK,0.07303566902200262,1,HIGH_VOL_UP,volatility_score
0.04096314707082248,0.04096314707082248,0.040963147070822485,8,0.6609837511727665,1,GLOBAL_FALLBACK,0.28925764782943236,1,HIGH_VOL_UP,liquidity_score
0.0020295192409122927,0.02184198182607391,0.009834428744157778,26,0.6314418556600315,1,REGIME,0.08839833824766637,1,HIGH_VOL_DOWN,relative_strength
0.035571223358785625,0.022489073390505123,0.030417649128856944,26,0.36174401567134656,1,REGIME,0.15663492311069802,1,HIGH_VOL_DOWN,trend_score
0.013965564773548548,0.036705712520387075,0.02292380479503039,26,1.1824481014032506,1,REGIME,0.3858605569904528,1,HIGH_VOL_DOWN,momentum_score
0.009525487862764484,-0.037442826526106344,-0.008977181441942206,26,1.5304294671130116,-1,REGIME,0.19557571156842626,1,HIGH_VOL_DOWN,volatility_score
0.04096314707082248,0.01224694367031151,0.029650703306984827,26,0.4111299800110865,1,REGIME,0.17353047008275665,1,HIGH_VOL_DOWN,liquidity_score
0.0020295192409122927,0.0020295192409122927,0.0020295192409122927,1,0.0,1,GLOBAL_FALLBACK,0.01988653557620403,1,TREND_DOWN,relative_strength
0.035571223358785625,0.035571223358785625,0.035571223358785625,1,0.0,1,GLOBAL_FALLBACK,0.34854973757016994,1,TREND_DOWN,trend_score
0.013965564773548548,0.013965564773548548,0.013965564773548548,1,0.0,1,GLOBAL_FALLBACK,0.1368435908920546,1,TREND_DOWN,momentum_score
0.009525487862764484,0.009525487862764484,0.009525487862764484,1,0.0,1,GLOBAL_FALLBACK,0.09333686000356177,1,TREND_DOWN,volatility_score
0.04096314707082248,0.04096314707082248,0.04096314707082248,1,0.0,1,GLOBAL_FALLBACK,0.4013832759580097,1,TREND_DOWN,liquidity_score
-0.0009007853536196841,-0.04586569432993511,-0.017762626219737968,24,1.5220110909629667,-1,REGIME,0.3289052212509635,2,SIDEWAYS,relative_strength
0.033767815470974495,-0.0030312950829955534,0.019968149013235726,24,0.0708510017750669,1,REGIME,0.02429313606171608,2,SIDEWAYS,trend_score
0.009285514913817936,-0.031998077340642805,-0.006195832181604842,24,0.8980991665730161,-1,REGIME,0.06769704516933998,2,SIDEWAYS,momentum_score
-0.0030423462437394523,0.0435289162895934,0.014421877206260366,24,1.0956740821014115,1,REGIME,0.19224230088325778,2,SIDEWAYS,volatility_score
0.021682831854846887,0.03542795511798757,0.026837253078524644,24,1.1848750931769858,1,REGIME,0.3868622966347227,2,SIDEWAYS,liquidity_score
-0.0009007853536196841,0.03379002412501068,0.014245906108880897,31,1.1939478018653913,1,REGIME,0.2191923609092773,2,TREND_UP,relative_strength
0.033767815470974495,0.07591692468463311,0.0521709476628536,31,2.9423866570483916,1,REGIME,0.45,2,TREND_UP,trend_score
0.009285514913817936,0.031169334252446147,0.018840421948993633,31,1.1411224236964592,1,REGIME,0.2770593819092816,2,TREND_UP,momentum_score
-0.0030423462437394523,-0.013115014567954742,-0.007440271850086972,31,0.47440875784503794,-1,REGIME,0.04548744024902078,2,TREND_UP,volatility_score
0.021682831854846887,-0.026515787967580546,0.0006383640450546291,31,1.00416385176799,1,REGIME,0.008260816932420405,2,TREND_UP,liquidity_score
-0.0009007853536196841,-0.0009007853536196841,-0.0009007853536196841,9,1.012615830100765,-1,GLOBAL_FALLBACK,0.014410253445189381,2,LOW_VOL,relative_strength
0.033767815470974495,0.033767815470974495,0.033767815470974495,9,0.49855527033433666,1,GLOBAL_FALLBACK,0.26596339509719913,2,LOW_VOL,trend_score
0.009285514913817936,0.009285514913817936,0.009285514913817936,9,1.2990108305403991,1,GLOBAL_FALLBACK,0.19055675763312735,2,LOW_VOL,momentum_score
-0.0030423462437394523,-0.0030423462437394523,-0.0030423462437394527,9,1.7040982336983546,-1,GLOBAL_FALLBACK,0.08190470600235478,2,LOW_VOL,volatility_score
0.021682831854846887,0.021682831854846887,0.021682831854846887,9,1.3054074953714805,1,GLOBAL_FALLBACK,0.44716488782212943,2,LOW_VOL,liquidity_score
-0.0009007853536196841,-0.0009007853536196841,-0.0009007853536196841,8,1.1398543330496786,-1,GLOBAL_FALLBACK,0.020397022489419388,2,HIGH_VOL_UP,relative_strength
0.033767815470974495,0.033767815470974495,0.033767815470974495,8,1.5300696266931038,1,GLOBAL_FALLBACK,0.4499999999999999,2,HIGH_VOL_UP,trend_score
0.009285514913817936,0.009285514913817936,0.009285514913817936,8,1.0924682334729652,1,GLOBAL_FALLBACK,0.2015166400873043,2,HIGH_VOL_UP,momentum_score
-0.0030423462437394523,-0.0030423462437394523,-0.0030423462437394527,8,0.7177067515955138,-1,GLOBAL_FALLBACK,0.04337622715975242,2,HIGH_VOL_UP,volatility_score
0.021682831854846887,0.021682831854846887,0.021682831854846887,8,0.6609837511727665,1,GLOBAL_FALLBACK,0.2847101102635239,2,HIGH_VOL_UP,liquidity_score
-0.0009007853536196841,-0.006207094618260472,-0.0037390437974973148,46,0.20177766683189777,-1,REGIME,0.031090853483539026,2,HIGH_VOL_DOWN,relative_strength
0.033767815470974495,0.01420338642750216,0.0233031208663265,46,0.3678909753431052,1,REGIME,0.3532907103590432,2,HIGH_VOL_DOWN,trend_score
0.009285514913817936,0.004662639587463445,0.006812814157860883,46,0.15057927046247785,1,REGIME,0.04227569216309687,2,HIGH_VOL_DOWN,momentum_score
-0.0030423462437394523,-0.011124534764291084,-0.00736537731287172,46,0.4063681017769397,-1,REGIME,0.12334274399432095,2,HIGH_VOL_DOWN,volatility_score
0.021682831854846887,0.041007923665365896,0.032019508869775656,46,1.9831489628405767,1,REGIME,0.45,2,HIGH_VOL_DOWN,liquidity_score
-0.0009007853536196841,-0.0009007853536196841,-0.0009007853536196841,1,0.0,-1,GLOBAL_FALLBACK,0.014191090371382935,2,TREND_DOWN,relative_strength
0.033767815470974495,0.033767815470974495,0.033767815470974495,1,0.0,1,GLOBAL_FALLBACK,0.45,2,TREND_DOWN,trend_score
0.009285514913817936,0.009285514913817936,0.009285514913817934,1,0.0,1,GLOBAL_FALLBACK,0.14628521740202377,2,TREND_DOWN,momentum_score
-0.0030423462437394523,-0.0030423462437394523,-0.0030423462437394523,1,0.0,-1,GLOBAL_FALLBACK,0.047929520959076724,2,TREND_DOWN,volatility_score
0.021682831854846887,0.021682831854846887,0.021682831854846887,1,0.0,1,GLOBAL_FALLBACK,0.3415941712675166,2,TREND_DOWN,liquidity_score
-0.0008759971635119019,0.003876271149863796,0.0007600296328961251,21,0.11838053428607878,1,REGIME,0.001237084943484062,3,TREND_UP,relative_strength
0.024909034779588998,0.09631930919423332,0.04949289974200753,21,2.896326128307648,1,REGIME,0.45,3,TREND_UP,trend_score
0.01447485819151739,0.0074810477562687935,0.012067152959710498,21,0.22297222598453312,1,REGIME,0.0369951069634817,3,TREND_UP,momentum_score
-0.02730349773904562,0.009587922514198164,-0.014603172733830546,21,0.3076282874548715,-1,REGIME,0.06176780809303428,3,TREND_UP,volatility_score
-0.002517806446122913,-0.08858979101103268,-0.0321491453946984,21,3.2879677399368954,-1,REGIME,0.45,3,TREND_UP,liquidity_score
-0.0008759971635119019,-0.0008759971635119019,-0.0008759971635119018,14,0.7988636317357829,-1,GLOBAL_FALLBACK,0.014736715735529137,3,SIDEWAYS,relative_strength
0.024909034779588998,0.024909034779588998,0.024909034779588994,14,2.479223672346267,1,GLOBAL_FALLBACK,0.4499999999999999,3,SIDEWAYS,trend_score
0.01447485819151739,0.01447485819151739,0.014474858191517389,14,0.7128084954575981,1,GLOBAL_FALLBACK,0.2172763919155345,3,SIDEWAYS,momentum_score
-0.02730349773904562,-0.02730349773904562,-0.02730349773904562,14,0.36862044704345726,-1,GLOBAL_FALLBACK,0.21194494542723213,3,SIDEWAYS,volatility_score
-0.002517806446122913,-0.002517806446122913,-0.002517806446122913,14,2.4024102709365565,-1,GLOBAL_FALLBACK,0.10604194692170422,3,SIDEWAYS,liquidity_score
-0.0008759971635119019,-0.0008759971635119019,-0.0008759971635119019,9,1.012615830100765,-1,GLOBAL_FALLBACK,0.013783642857629614,3,LOW_VOL,relative_strength
0.024909034779588998,0.024909034779588998,0.024909034779588998,9,0.49855527033433666,1,GLOBAL_FALLBACK,0.1929686729172249,3,LOW_VOL,trend_score
0.01447485819151739,0.01447485819151739,0.01447485819151739,9,1.2990108305403991,1,GLOBAL_FALLBACK,0.2921754281890357,3,LOW_VOL,momentum_score
-0.02730349773904562,-0.02730349773904562,-0.02730349773904562,9,1.7040982336983546,-1,GLOBAL_FALLBACK,0.45,3,LOW_VOL,volatility_score
-0.002517806446122913,-0.002517806446122913,-0.002517806446122913,9,1.3054074953714805,-1,GLOBAL_FALLBACK,0.051072256036109806,3,LOW_VOL,liquidity_score
-0.0008759971635119019,-0.0008759971635119019,-0.0008759971635119019,8,1.1398543330496786,-1,GLOBAL_FALLBACK,0.014424788127986478,3,HIGH_VOL_UP,relative_strength
0.024909034779588998,0.024909034779588998,0.024909034779588998,8,1.5300696266931038,1,GLOBAL_FALLBACK,0.4499999999999999,3,HIGH_VOL_UP,trend_score
0.01447485819151739,0.01447485819151739,0.014474858191517392,8,1.0924682334729652,1,GLOBAL_FALLBACK,0.22844440385568573,3,HIGH_VOL_UP,momentum_score
-0.02730349773904562,-0.02730349773904562,-0.02730349773904562,8,0.7177067515955138,-1,GLOBAL_FALLBACK,0.2830888124316321,3,HIGH_VOL_UP,volatility_score
-0.002517806446122913,-0.002517806446122913,-0.002517806446122913,8,0.6609837511727665,-1,GLOBAL_FALLBACK,0.024041995584695688,3,HIGH_VOL_UP,liquidity_score
-0.0008759971635119019,-0.0014839375426519263,-0.0012545260788255018,66,0.0568697750352656,-1,REGIME,0.005954462282020152,3,HIGH_VOL_DOWN,relative_strength
0.024909034779588998,-0.027470140956171372,-0.007704414263431606,66,0.8978417340591195,-1,REGIME,0.32832372780405533,3,HIGH_VOL_DOWN,trend_score
0.01447485819151739,0.008488828101708501,0.010747707380881669,66,0.33842812665697347,1,REGIME,0.1726414752707468,3,HIGH_VOL_DOWN,momentum_score
-0.02730349773904562,-0.041528305884790145,-0.03616045375432052,66,1.4959004271223115,-1,REGIME,0.45,3,HIGH_VOL_DOWN,volatility_score
-0.002517806446122913,-0.00463300928980562,-0.003834819537472523,66,0.23668529799566063,-1,REGIME,0.043080334643177766,3,HIGH_VOL_DOWN,liquidity_score
-0.0008759971635119019,-0.0008759971635119019,-0.0008759971635119018,1,0.0,-1,GLOBAL_FALLBACK,0.012499746501388772,3,TREND_DOWN,relative_strength
0.024909034779588998,0.024909034779588998,0.024909034779588998,1,0.0,1,GLOBAL_FALLBACK,0.3554310827798799,3,TREND_DOWN,trend_score
0.01447485819151739,0.01447485819151739,0.01447485819151739,1,0.0,1,GLOBAL_FALLBACK,0.20654411403817274,3,TREND_DOWN,momentum_score
-0.02730349773904562,-0.02730349773904562,-0.02730349773904562,1,0.0,-1,GLOBAL_FALLBACK,0.3895980655588901,3,TREND_DOWN,volatility_score
-0.002517806446122913,-0.002517806446122913,-0.002517806446122913,1,0.0,-1,GLOBAL_FALLBACK,0.035926991121668604,3,TREND_DOWN,liquidity_score
-0.002498256051371393,-0.002498256051371393,-0.002498256051371393,9,1.012615830100765,-1,GLOBAL_FALLBACK,0.044830565974584756,4,LOW_VOL,relative_strength
0.008500693261883954,0.008500693261883954,0.008500693261883954,9,0.49855527033433666,1,GLOBAL_FALLBACK,0.0751035072235929,4,LOW_VOL,trend_score
0.0054446354129277195,0.0054446354129277195,0.0054446354129277195,9,1.2990108305403991,1,GLOBAL_FALLBACK,0.1253355112661318,4,LOW_VOL,momentum_score
-0.020724214597956852,-0.020724214597956852,-0.020724214597956852,9,1.7040982336983546,-1,GLOBAL_FALLBACK,0.45,4,LOW_VOL,volatility_score
-0.013172770957161265,-0.013172770957161265,-0.013172770957161265,9,1.3054074953714805,-1,GLOBAL_FALLBACK,0.3047304155356906,4,LOW_VOL,liquidity_score
-0.002498256051371393,-0.002498256051371393,-0.002498256051371393,11,1.6377329468163992,-1,GLOBAL_FALLBACK,0.05878965636050315,4,HIGH_VOL_UP,relative_strength
0.008500693261883954,0.008500693261883954,0.008500693261883954,11,1.803412457727053,1,GLOBAL_FALLBACK,0.22027758093230726,4,HIGH_VOL_UP,trend_score
0.0054446354129277195,0.0054446354129277195,0.0054446354129277195,11,1.7349715083703523,1,GLOBAL_FALLBACK,0.13573193436365927,4,HIGH_VOL_UP,momentum_score
-0.020724214597956852,-0.020724214597956852,-0.020724214597956852,11,1.3194465132970996,-1,GLOBAL_FALLBACK,0.3929078974169136,4,HIGH_VOL_UP,volatility_score
-0.013172770957161265,-0.013172770957161265,-0.013172770957161264,11,1.0159335223727586,-1,GLOBAL_FALLBACK,0.19229293092661676,4,HIGH_VOL_UP,liquidity_score
-0.002498256051371393,-0.0021718066273730464,-0.0023894395767052774,20,0.0655760862099858,-1,REGIME,0.024823551027806486,4,SIDEWAYS,relative_strength
0.008500693261883954,0.04482824624677785,0.02060987759018192,20,1.020932901212996,1,REGIME,0.45,4,SIDEWAYS,trend_score
0.0054446354129277195,-0.003243299862595908,0.0025486569877531777,20,0.08453083652915394,1,REGIME,0.026477638273282072,4,SIDEWAYS,momentum_score
-0.020724214597956852,0.013354665201252081,-0.009364587998220543,20,0.33763587287347674,-1,REGIME,0.32847711153353315,4,SIDEWAYS,volatility_score
-0.013172770957161265,0.013946221853003826,-0.0041331066871062375,20,0.3964335947275251,-1,REGIME,0.17022169916537833,4,SIDEWAYS,liquidity_score
-0.002498256051371393,-0.002498256051371393,-0.0024982560513713936,8,0.08033215827251963,-1,GLOBAL_FALLBACK,0.008714713113859367,4,TREND_UP,relative_strength
0.008500693261883954,0.008500693261883954,0.008500693261883954,8,3.5652610766870683,1,GLOBAL_FALLBACK,0.45,4,TREND_UP,trend_score
0.0054446354129277195,0.0054446354129277195,0.0054446354129277195,8,0.06277736769447062,1,GLOBAL_FALLBACK,0.018992623116905073,4,TREND_UP,momentum_score
-0.020724214597956852,-0.020724214597956852,-0.020724214597956852,8,0.038161451835182734,-1,GLOBAL_FALLBACK,0.0722926637692356,4,TREND_UP,volatility_score
-0.013172770957161265,-0.013172770957161265,-0.013172770957161267,8,2.6962417288074914,-1,GLOBAL_FALLBACK,0.45,4,TREND_UP,liquidity_score
-0.002498256051371393,-0.0013802710688516613,-0.0017943395808960065,68,0.05450321391531446,-1,REGIME,0.003433809040837129,4,HIGH_VOL_DOWN,relative_strength
0.008500693261883954,-0.029196036640545913,-0.015234284824831149,68,0.9805074287011676,-1,REGIME,0.28585412387351467,4,HIGH_VOL_DOWN,trend_score
0.0054446354129277195,0.00769293819955741,0.006860233463768637,68,0.31560152029865374,1,REGIME,0.04143329620452272,4,HIGH_VOL_DOWN,momentum_score
-0.020724214597956852,-0.03778504887963177,-0.03146622136790032,68,1.389924755165489,-1,REGIME,0.45,4,HIGH_VOL_DOWN,volatility_score
-0.013172770957161265,-0.015914961346700385,-0.014899335276500711,68,0.7690564034143905,-1,REGIME,0.2192787708811255,4,HIGH_VOL_DOWN,liquidity_score
-0.002498256051371393,-0.002498256051371393,-0.002498256051371393,1,0.0,-1,GLOBAL_FALLBACK,0.04962709078207167,4,TREND_DOWN,relative_strength
0.008500693261883954,0.008500693261883954,0.008500693261883954,1,0.0,1,GLOBAL_FALLBACK,0.16886366631093777,4,TREND_DOWN,trend_score
0.0054446354129277195,0.0054446354129277195,0.0054446354129277195,1,0.0,1,GLOBAL_FALLBACK,0.10815601377781985,4,TREND_DOWN,momentum_score
-0.020724214597956852,-0.020724214597956852,-0.020724214597956852,1,0.0,-1,GLOBAL_FALLBACK,0.41168017132405793,4,TREND_DOWN,volatility_score
-0.013172770957161265,-0.013172770957161265,-0.013172770957161265,1,0.0,-1,GLOBAL_FALLBACK,0.26167305780511274,4,TREND_DOWN,liquidity_score
-0.004729256651181475,-0.004729256651181475,-0.004729256651181475,7,0.2798551857449872,-1,GLOBAL_FALLBACK,0.06632934743758535,5,TREND_UP,relative_strength
0.005914685289352713,0.005914685289352713,0.005914685289352713,7,3.4165238831746314,1,GLOBAL_FALLBACK,0.45,5,TREND_UP,trend_score
0.002713202481379791,0.002713202481379791,0.002713202481379791,7,0.12719079942462935,1,GLOBAL_FALLBACK,0.017294873310886923,5,TREND_UP,momentum_score
0.0009347054727303942,0.0009347054727303942,0.0009347054727303942,7,0.34958090901456174,1,GLOBAL_FALLBACK,0.01637577925152776,5,TREND_UP,volatility_score
-0.017382767829431288,-0.017382767829431288,-0.017382767829431288,7,2.1892528090713856,-1,GLOBAL_FALLBACK,0.45,5,TREND_UP,liquidity_score
-0.004729256651181475,-0.004729256651181475,-0.0047292566511814745,2,0.2498816562699352,-1,GLOBAL_FALLBACK,0.057397098523478574,5,LOW_VOL,relative_strength
0.005914685289352713,0.005914685289352713,0.005914685289352713,2,0.7853810240213734,1,GLOBAL_FALLBACK,0.22561850913447637,5,LOW_VOL,trend_score
0.002713202481379791,0.002713202481379791,0.0027132024813797907,2,1.337001897533207,1,GLOBAL_FALLBACK,0.17618823663759817,5,LOW_VOL,momentum_score
0.0009347054727303942,0.0009347054727303942,0.0009347054727303942,2,72.08000000000014,1,GLOBAL_FALLBACK,0.09079615570444692,5,LOW_VOL,volatility_score
-0.017382767829431288,-0.017382767829431288,-0.017382767829431284,2,2.435612175633929,-1,GLOBAL_FALLBACK,0.45,5,LOW_VOL,liquidity_score
-0.004729256651181475,-0.012200398282722598,-0.007991304405798021,31,0.3864297890540917,-1,REGIME,0.03935367698909474,5,SIDEWAYS,relative_strength
0.005914685289352713,0.06219326758279698,0.030487024037194575,31,1.5204915955831948,1,REGIME,0.45,5,SIDEWAYS,trend_score
0.002713202481379791,-0.016451586061958803,-0.005654522093880721,31,0.5037939635757317,-1,REGIME,0.03630328368889498,5,SIDEWAYS,momentum_score
0.0009347054727303942,0.049763633518347034,0.022254378281379914,31,1.4570992269703285,1,REGIME,0.41323932009503395,5,SIDEWAYS,volatility_score
-0.017382767829431288,-0.009792062954814766,-0.014068516405302947,31,0.34081782414967104,-1,REGIME,0.0611037192269764,5,SIDEWAYS,liquidity_score
-0.004729256651181475,-0.0013802710688516613,-0.002620636099344185,68,0.05450321391531446,-1,REGIME,0.004703850410791844,5,HIGH_VOL_DOWN,relative_strength
0.005914685289352713,-0.029196036640545913,-0.016192065555398275,68,0.9805074287011676,-1,REGIME,0.2849705133927796,5,HIGH_VOL_DOWN,trend_score
0.002713202481379791,0.00769293819955741,0.005848591637269404,68,0.31560152029865374,1,REGIME,0.03313120017827918,5,HIGH_VOL_DOWN,momentum_score
0.0009347054727303942,-0.03778504887963177,-0.023444399119497635,68,1.389924755165489,-1,REGIME,0.45,5,HIGH_VOL_DOWN,volatility_score
-0.017382767829431288,-0.015914961346700385,-0.01645859337734146,68,0.7690564034143905,-1,REGIME,0.22719443601814937,5,HIGH_VOL_DOWN,liquidity_score
-0.004729256651181475,-0.004729256651181475,-0.004729256651181475,6,0.0991820686957519,-1,GLOBAL_FALLBACK,0.0659499888713443,5,TREND_DOWN,relative_strength
0.005914685289352713,0.005914685289352713,0.005914685289352713,6,0.4471339910891531,1,GLOBAL_FALLBACK,0.36880021956017306,5,TREND_DOWN,trend_score
0.002713202481379791,0.002713202481379791,0.002713202481379791,6,0.36413185108023033,1,GLOBAL_FALLBACK,0.1377725566709139,5,TREND_DOWN,momentum_score
0.0009347054727303942,0.0009347054727303942,0.0009347054727303942,6,1.4198605391569312,1,GLOBAL_FALLBACK,0.1850726818230893,5,TREND_DOWN,volatility_score
-0.017382767829431288,-0.017382767829431288,-0.017382767829431288,6,0.050328811858665654,-1,GLOBAL_FALLBACK,0.2424045530744795,5,TREND_DOWN,liquidity_score
-0.004729256651181475,-0.004729256651181475,-0.004729256651181475,3,1.0561563791807267,-1,GLOBAL_FALLBACK,0.19376164314792185,5,HIGH_VOL_UP,relative_strength
0.005914685289352713,0.005914685289352713,0.005914685289352713,3,0.7787450743822875,1,GLOBAL_FALLBACK,0.1786790575644858,5,HIGH_VOL_UP,trend_score
0.002713202481379791,0.002713202481379791,0.0027132024813797907,3,1.3206249234310181,1,GLOBAL_FALLBACK,0.13899794954267325,5,HIGH_VOL_UP,momentum_score
0.0009347054727303942,0.0009347054727303942,0.0009347054727303942,3,1.0634834664264294,1,GLOBAL_FALLBACK,0.038561349744919135,5,HIGH_VOL_UP,volatility_score
-0.017382767829431288,-0.017382767829431288,-0.017382767829431288,3,0.7659306664121863,-1,GLOBAL_FALLBACK,0.45,5,HIGH_VOL_UP,liquidity_score
