batch_id,batch_priority,queue_priority,research_priority,scenario_id,primary_scenario,fingerprint,candidate,scenario_observations,oos_windows,target_oos_windows,oos_gap_to_target,eligibility_status,queue_action,batch_action,batch_reason,batch_rank
BATCH_001,P0,P0,HIGH,UNEXPLORED_20,TREND_DOWN,d59364ccfbbaa9f5,TRACK_B_BASELINE_FAILURE,28,5,10,5,EVIDENCE_PRESENT_EARLY,CONTINUE_OOS,CONTINUE_OOS_BATCH,UNEXPLORED_20 has existing OOS evidence; group 3 continuation relationship(s) to efficiently reach the current OOS milestone.,1
BATCH_001,P0,P0,HIGH,UNEXPLORED_20,TREND_DOWN,d59364ccfbbaa9f5,TRACK_B_CONDITIONAL_SCORE,28,5,10,5,EVIDENCE_PRESENT_EARLY,CONTINUE_OOS,CONTINUE_OOS_BATCH,UNEXPLORED_20 has existing OOS evidence; group 3 continuation relationship(s) to efficiently reach the current OOS milestone.,1
BATCH_001,P0,P0,HIGH,UNEXPLORED_20,TREND_DOWN,d59364ccfbbaa9f5,TRACK_B_FACTOR_AGREEMENT,28,5,10,5,EVIDENCE_PRESENT_EARLY,CONTINUE_OOS,CONTINUE_OOS_BATCH,UNEXPLORED_20 has existing OOS evidence; group 3 continuation relationship(s) to efficiently reach the current OOS milestone.,1
BATCH_002,P0,P0,HIGH,UNEXPLORED_33,TREND_DOWN,988b3f1605642100,TRACK_B_BASELINE_FAILURE,10,5,10,5,EVIDENCE_PRESENT_EARLY,CONTINUE_OOS,CONTINUE_OOS_BATCH,UNEXPLORED_33 has existing OOS evidence; group 3 continuation relationship(s) to efficiently reach the current OOS milestone.,2
BATCH_002,P0,P0,HIGH,UNEXPLORED_33,TREND_DOWN,988b3f1605642100,TRACK_B_CONDITIONAL_SCORE,10,5,10,5,EVIDENCE_PRESENT_EARLY,CONTINUE_OOS,CONTINUE_OOS_BATCH,UNEXPLORED_33 has existing OOS evidence; group 3 continuation relationship(s) to efficiently reach the current OOS milestone.,2
BATCH_002,P0,P0,HIGH,UNEXPLORED_33,TREND_DOWN,988b3f1605642100,TRACK_B_FACTOR_AGREEMENT,10,5,10,5,EVIDENCE_PRESENT_EARLY,CONTINUE_OOS,CONTINUE_OOS_BATCH,UNEXPLORED_33 has existing OOS evidence; group 3 continuation relationship(s) to efficiently reach the current OOS milestone.,2
BATCH_003,P1,P1,HIGH,UNEXPLORED_15,TREND_UP,39cd5fd0b3c726a8,TRACK_B_BASELINE_FAILURE,25,0,10,10,RESEARCHABLE_NO_EVIDENCE,START_OOS_RESEARCH,START_OOS_BATCH,UNEXPLORED_15 is a mature research scenario with no existing OOS evidence for 6 relationship(s).,3
BATCH_003,P1,P1,HIGH,UNEXPLORED_15,TREND_UP,39cd5fd0b3c726a8,TRACK_B_CONDITIONAL_SCORE,25,0,10,10,RESEARCHABLE_NO_EVIDENCE,START_OOS_RESEARCH,START_OOS_BATCH,UNEXPLORED_15 is a mature research scenario with no existing OOS evidence for 6 relationship(s).,3
BATCH_003,P1,P1,HIGH,UNEXPLORED_15,TREND_UP,39cd5fd0b3c726a8,TRACK_B_FACTOR_AGREEMENT,25,0,10,10,RESEARCHABLE_NO_EVIDENCE,START_OOS_RESEARCH,START_OOS_BATCH,UNEXPLORED_15 is a mature research scenario with no existing OOS evidence for 6 relationship(s).,3
BATCH_003,P1,P1,HIGH,UNEXPLORED_15,TREND_UP,39cd5fd0b3c726a8,TRACK_C_FACTOR_INTERACTION,25,0,10,10,RESEARCHABLE_NO_EVIDENCE,START_OOS_RESEARCH,START_OOS_BATCH,UNEXPLORED_15 is a mature research scenario with no existing OOS evidence for 6 relationship(s).,3
BATCH_003,P1,P1,HIGH,UNEXPLORED_15,TREND_UP,39cd5fd0b3c726a8,TRACK_C_REGIME_AWARE,25,0,10,10,RESEARCHABLE_NO_EVIDENCE,START_OOS_RESEARCH,START_OOS_BATCH,UNEXPLORED_15 is a mature research scenario with no existing OOS evidence for 6 relationship(s).,3
BATCH_003,P1,P1,HIGH,UNEXPLORED_15,TREND_UP,39cd5fd0b3c726a8,TRACK_C_SCENARIO_WEAPON,25,0,10,10,RESEARCHABLE_NO_EVIDENCE,START_OOS_RESEARCH,START_OOS_BATCH,UNEXPLORED_15 is a mature research scenario with no existing OOS evidence for 6 relationship(s).,3
BATCH_004,P1,P1,HIGH,UNEXPLORED_16,TREND_UP,ee5597a108fed5c1,TRACK_B_BASELINE_FAILURE,23,0,10,10,RESEARCHABLE_NO_EVIDENCE,START_OOS_RESEARCH,START_OOS_BATCH,UNEXPLORED_16 is a mature research scenario with no existing OOS evidence for 6 relationship(s).,4
BATCH_004,P1,P1,HIGH,UNEXPLORED_16,TREND_UP,ee5597a108fed5c1,TRACK_B_CONDITIONAL_SCORE,23,0,10,10,RESEARCHABLE_NO_EVIDENCE,START_OOS_RESEARCH,START_OOS_BATCH,UNEXPLORED_16 is a mature research scenario with no existing OOS evidence for 6 relationship(s).,4
BATCH_004,P1,P1,HIGH,UNEXPLORED_16,TREND_UP,ee5597a108fed5c1,TRACK_B_FACTOR_AGREEMENT,23,0,10,10,RESEARCHABLE_NO_EVIDENCE,START_OOS_RESEARCH,START_OOS_BATCH,UNEXPLORED_16 is a mature research scenario with no existing OOS evidence for 6 relationship(s).,4
BATCH_004,P1,P1,HIGH,UNEXPLORED_16,TREND_UP,ee5597a108fed5c1,TRACK_C_FACTOR_INTERACTION,23,0,10,10,RESEARCHABLE_NO_EVIDENCE,START_OOS_RESEARCH,START_OOS_BATCH,UNEXPLORED_16 is a mature research scenario with no existing OOS evidence for 6 relationship(s).,4
BATCH_004,P1,P1,HIGH,UNEXPLORED_16,TREND_UP,ee5597a108fed5c1,TRACK_C_REGIME_AWARE,23,0,10,10,RESEARCHABLE_NO_EVIDENCE,START_OOS_RESEARCH,START_OOS_BATCH,UNEXPLORED_16 is a mature research scenario with no existing OOS evidence for 6 relationship(s).,4
BATCH_004,P1,P1,HIGH,UNEXPLORED_16,TREND_UP,ee5597a108fed5c1,TRACK_C_SCENARIO_WEAPON,23,0,10,10,RESEARCHABLE_NO_EVIDENCE,START_OOS_RESEARCH,START_OOS_BATCH,UNEXPLORED_16 is a mature research scenario with no existing OOS evidence for 6 relationship(s).,4
BATCH_005,P1,P1,HIGH,UNEXPLORED_20,TREND_DOWN,d59364ccfbbaa9f5,TRACK_C_FACTOR_INTERACTION,28,0,10,10,RESEARCHABLE_NO_EVIDENCE,START_OOS_RESEARCH,START_OOS_BATCH,UNEXPLORED_20 is a mature research scenario with no existing OOS evidence for 3 relationship(s).,5
BATCH_005,P1,P1,HIGH,UNEXPLORED_20,TREND_DOWN,d59364ccfbbaa9f5,TRACK_C_REGIME_AWARE,28,0,10,10,RESEARCHABLE_NO_EVIDENCE,START_OOS_RESEARCH,START_OOS_BATCH,UNEXPLORED_20 is a mature research scenario with no existing OOS evidence for 3 relationship(s).,5
BATCH_005,P1,P1,HIGH,UNEXPLORED_20,TREND_DOWN,d59364ccfbbaa9f5,TRACK_C_SCENARIO_WEAPON,28,0,10,10,RESEARCHABLE_NO_EVIDENCE,START_OOS_RESEARCH,START_OOS_BATCH,UNEXPLORED_20 is a mature research scenario with no existing OOS evidence for 3 relationship(s).,5
BATCH_006,P2,P2,MEDIUM,UNEXPLORED_14,TREND_UP,0488aa61a160ea49,TRACK_B_BASELINE_FAILURE,10,0,10,10,RESEARCHABLE_NO_EVIDENCE,START_OOS_RESEARCH,START_OOS_BATCH,UNEXPLORED_14 has researchable but less-mature scenario coverage across 6 relationship(s).,6
BATCH_006,P2,P2,MEDIUM,UNEXPLORED_14,TREND_UP,0488aa61a160ea49,TRACK_B_CONDITIONAL_SCORE,10,0,10,10,RESEARCHABLE_NO_EVIDENCE,START_OOS_RESEARCH,START_OOS_BATCH,UNEXPLORED_14 has researchable but less-mature scenario coverage across 6 relationship(s).,6
BATCH_006,P2,P2,MEDIUM,UNEXPLORED_14,TREND_UP,0488aa61a160ea49,TRACK_B_FACTOR_AGREEMENT,10,0,10,10,RESEARCHABLE_NO_EVIDENCE,START_OOS_RESEARCH,START_OOS_BATCH,UNEXPLORED_14 has researchable but less-mature scenario coverage across 6 relationship(s).,6
BATCH_006,P2,P2,MEDIUM,UNEXPLORED_14,TREND_UP,0488aa61a160ea49,TRACK_C_FACTOR_INTERACTION,10,0,10,10,RESEARCHABLE_NO_EVIDENCE,START_OOS_RESEARCH,START_OOS_BATCH,UNEXPLORED_14 has researchable but less-mature scenario coverage across 6 relationship(s).,6
BATCH_006,P2,P2,MEDIUM,UNEXPLORED_14,TREND_UP,0488aa61a160ea49,TRACK_C_REGIME_AWARE,10,0,10,10,RESEARCHABLE_NO_EVIDENCE,START_OOS_RESEARCH,START_OOS_BATCH,UNEXPLORED_14 has researchable but less-mature scenario coverage across 6 relationship(s).,6
BATCH_006,P2,P2,MEDIUM,UNEXPLORED_14,TREND_UP,0488aa61a160ea49,TRACK_C_SCENARIO_WEAPON,10,0,10,10,RESEARCHABLE_NO_EVIDENCE,START_OOS_RESEARCH,START_OOS_BATCH,UNEXPLORED_14 has researchable but less-mature scenario coverage across 6 relationship(s).,6
BATCH_007,P2,P2,MEDIUM,UNEXPLORED_17,CHOPPY,3c9f74d9ff46c9aa,TRACK_B_BASELINE_FAILURE,15,0,10,10,RESEARCHABLE_NO_EVIDENCE,START_OOS_RESEARCH,START_OOS_BATCH,UNEXPLORED_17 has researchable but less-mature scenario coverage across 6 relationship(s).,7
BATCH_007,P2,P2,MEDIUM,UNEXPLORED_17,CHOPPY,3c9f74d9ff46c9aa,TRACK_B_CONDITIONAL_SCORE,15,0,10,10,RESEARCHABLE_NO_EVIDENCE,START_OOS_RESEARCH,START_OOS_BATCH,UNEXPLORED_17 has researchable but less-mature scenario coverage across 6 relationship(s).,7
BATCH_007,P2,P2,MEDIUM,UNEXPLORED_17,CHOPPY,3c9f74d9ff46c9aa,TRACK_B_FACTOR_AGREEMENT,15,0,10,10,RESEARCHABLE_NO_EVIDENCE,START_OOS_RESEARCH,START_OOS_BATCH,UNEXPLORED_17 has researchable but less-mature scenario coverage across 6 relationship(s).,7
BATCH_007,P2,P2,MEDIUM,UNEXPLORED_17,CHOPPY,3c9f74d9ff46c9aa,TRACK_C_FACTOR_INTERACTION,15,0,10,10,RESEARCHABLE_NO_EVIDENCE,START_OOS_RESEARCH,START_OOS_BATCH,UNEXPLORED_17 has researchable but less-mature scenario coverage across 6 relationship(s).,7
BATCH_007,P2,P2,MEDIUM,UNEXPLORED_17,CHOPPY,3c9f74d9ff46c9aa,TRACK_C_REGIME_AWARE,15,0,10,10,RESEARCHABLE_NO_EVIDENCE,START_OOS_RESEARCH,START_OOS_BATCH,UNEXPLORED_17 has researchable but less-mature scenario coverage across 6 relationship(s).,7
BATCH_007,P2,P2,MEDIUM,UNEXPLORED_17,CHOPPY,3c9f74d9ff46c9aa,TRACK_C_SCENARIO_WEAPON,15,0,10,10,RESEARCHABLE_NO_EVIDENCE,START_OOS_RESEARCH,START_OOS_BATCH,UNEXPLORED_17 has researchable but less-mature scenario coverage across 6 relationship(s).,7
BATCH_008,P2,P2,MEDIUM,UNEXPLORED_21,TREND_DOWN,e3647c9a4d3c5632,TRACK_B_BASELINE_FAILURE,12,0,10,10,RESEARCHABLE_NO_EVIDENCE,START_OOS_RESEARCH,START_OOS_BATCH,UNEXPLORED_21 has researchable but less-mature scenario coverage across 6 relationship(s).,8
BATCH_008,P2,P2,MEDIUM,UNEXPLORED_21,TREND_DOWN,e3647c9a4d3c5632,TRACK_B_CONDITIONAL_SCORE,12,0,10,10,RESEARCHABLE_NO_EVIDENCE,START_OOS_RESEARCH,START_OOS_BATCH,UNEXPLORED_21 has researchable but less-mature scenario coverage across 6 relationship(s).,8
BATCH_008,P2,P2,MEDIUM,UNEXPLORED_21,TREND_DOWN,e3647c9a4d3c5632,TRACK_B_FACTOR_AGREEMENT,12,0,10,10,RESEARCHABLE_NO_EVIDENCE,START_OOS_RESEARCH,START_OOS_BATCH,UNEXPLORED_21 has researchable but less-mature scenario coverage across 6 relationship(s).,8
BATCH_008,P2,P2,MEDIUM,UNEXPLORED_21,TREND_DOWN,e3647c9a4d3c5632,TRACK_C_FACTOR_INTERACTION,12,0,10,10,RESEARCHABLE_NO_EVIDENCE,START_OOS_RESEARCH,START_OOS_BATCH,UNEXPLORED_21 has researchable but less-mature scenario coverage across 6 relationship(s).,8
BATCH_008,P2,P2,MEDIUM,UNEXPLORED_21,TREND_DOWN,e3647c9a4d3c5632,TRACK_C_REGIME_AWARE,12,0,10,10,RESEARCHABLE_NO_EVIDENCE,START_OOS_RESEARCH,START_OOS_BATCH,UNEXPLORED_21 has researchable but less-mature scenario coverage across 6 relationship(s).,8
BATCH_008,P2,P2,MEDIUM,UNEXPLORED_21,TREND_DOWN,e3647c9a4d3c5632,TRACK_C_SCENARIO_WEAPON,12,0,10,10,RESEARCHABLE_NO_EVIDENCE,START_OOS_RESEARCH,START_OOS_BATCH,UNEXPLORED_21 has researchable but less-mature scenario coverage across 6 relationship(s).,8
BATCH_009,P2,P2,MEDIUM,UNEXPLORED_25,TREND_UP,462b4025dc9ef2d4,TRACK_B_BASELINE_FAILURE,11,0,10,10,RESEARCHABLE_NO_EVIDENCE,START_OOS_RESEARCH,START_OOS_BATCH,UNEXPLORED_25 has researchable but less-mature scenario coverage across 6 relationship(s).,9
BATCH_009,P2,P2,MEDIUM,UNEXPLORED_25,TREND_UP,462b4025dc9ef2d4,TRACK_B_CONDITIONAL_SCORE,11,0,10,10,RESEARCHABLE_NO_EVIDENCE,START_OOS_RESEARCH,START_OOS_BATCH,UNEXPLORED_25 has researchable but less-mature scenario coverage across 6 relationship(s).,9
BATCH_009,P2,P2,MEDIUM,UNEXPLORED_25,TREND_UP,462b4025dc9ef2d4,TRACK_B_FACTOR_AGREEMENT,11,0,10,10,RESEARCHABLE_NO_EVIDENCE,START_OOS_RESEARCH,START_OOS_BATCH,UNEXPLORED_25 has researchable but less-mature scenario coverage across 6 relationship(s).,9
BATCH_009,P2,P2,MEDIUM,UNEXPLORED_25,TREND_UP,462b4025dc9ef2d4,TRACK_C_FACTOR_INTERACTION,11,0,10,10,RESEARCHABLE_NO_EVIDENCE,START_OOS_RESEARCH,START_OOS_BATCH,UNEXPLORED_25 has researchable but less-mature scenario coverage across 6 relationship(s).,9
BATCH_009,P2,P2,MEDIUM,UNEXPLORED_25,TREND_UP,462b4025dc9ef2d4,TRACK_C_REGIME_AWARE,11,0,10,10,RESEARCHABLE_NO_EVIDENCE,START_OOS_RESEARCH,START_OOS_BATCH,UNEXPLORED_25 has researchable but less-mature scenario coverage across 6 relationship(s).,9
BATCH_009,P2,P2,MEDIUM,UNEXPLORED_25,TREND_UP,462b4025dc9ef2d4,TRACK_C_SCENARIO_WEAPON,11,0,10,10,RESEARCHABLE_NO_EVIDENCE,START_OOS_RESEARCH,START_OOS_BATCH,UNEXPLORED_25 has researchable but less-mature scenario coverage across 6 relationship(s).,9
BATCH_010,P2,P2,MEDIUM,UNEXPLORED_28,TREND_DOWN,17c4bc482d33330e,TRACK_B_BASELINE_FAILURE,11,0,10,10,RESEARCHABLE_NO_EVIDENCE,START_OOS_RESEARCH,START_OOS_BATCH,UNEXPLORED_28 has researchable but less-mature scenario coverage across 6 relationship(s).,10
BATCH_010,P2,P2,MEDIUM,UNEXPLORED_28,TREND_DOWN,17c4bc482d33330e,TRACK_B_CONDITIONAL_SCORE,11,0,10,10,RESEARCHABLE_NO_EVIDENCE,START_OOS_RESEARCH,START_OOS_BATCH,UNEXPLORED_28 has researchable but less-mature scenario coverage across 6 relationship(s).,10
BATCH_010,P2,P2,MEDIUM,UNEXPLORED_28,TREND_DOWN,17c4bc482d33330e,TRACK_B_FACTOR_AGREEMENT,11,0,10,10,RESEARCHABLE_NO_EVIDENCE,START_OOS_RESEARCH,START_OOS_BATCH,UNEXPLORED_28 has researchable but less-mature scenario coverage across 6 relationship(s).,10
BATCH_010,P2,P2,MEDIUM,UNEXPLORED_28,TREND_DOWN,17c4bc482d33330e,TRACK_C_FACTOR_INTERACTION,11,0,10,10,RESEARCHABLE_NO_EVIDENCE,START_OOS_RESEARCH,START_OOS_BATCH,UNEXPLORED_28 has researchable but less-mature scenario coverage across 6 relationship(s).,10
BATCH_010,P2,P2,MEDIUM,UNEXPLORED_28,TREND_DOWN,17c4bc482d33330e,TRACK_C_REGIME_AWARE,11,0,10,10,RESEARCHABLE_NO_EVIDENCE,START_OOS_RESEARCH,START_OOS_BATCH,UNEXPLORED_28 has researchable but less-mature scenario coverage across 6 relationship(s).,10
BATCH_010,P2,P2,MEDIUM,UNEXPLORED_28,TREND_DOWN,17c4bc482d33330e,TRACK_C_SCENARIO_WEAPON,11,0,10,10,RESEARCHABLE_NO_EVIDENCE,START_OOS_RESEARCH,START_OOS_BATCH,UNEXPLORED_28 has researchable but less-mature scenario coverage across 6 relationship(s).,10
BATCH_011,P2,P2,MEDIUM,UNEXPLORED_33,TREND_DOWN,988b3f1605642100,TRACK_C_FACTOR_INTERACTION,10,0,10,10,RESEARCHABLE_NO_EVIDENCE,START_OOS_RESEARCH,START_OOS_BATCH,UNEXPLORED_33 has researchable but less-mature scenario coverage across 3 relationship(s).,11
BATCH_011,P2,P2,MEDIUM,UNEXPLORED_33,TREND_DOWN,988b3f1605642100,TRACK_C_REGIME_AWARE,10,0,10,10,RESEARCHABLE_NO_EVIDENCE,START_OOS_RESEARCH,START_OOS_BATCH,UNEXPLORED_33 has researchable but less-mature scenario coverage across 3 relationship(s).,11
BATCH_011,P2,P2,MEDIUM,UNEXPLORED_33,TREND_DOWN,988b3f1605642100,TRACK_C_SCENARIO_WEAPON,10,0,10,10,RESEARCHABLE_NO_EVIDENCE,START_OOS_RESEARCH,START_OOS_BATCH,UNEXPLORED_33 has researchable but less-mature scenario coverage across 3 relationship(s).,11
BATCH_012,P3,P3,LOW,UNEXPLORED_1,FLAT,32a9608b9489497d,TRACK_B_BASELINE_FAILURE,1,0,10,10,INSUFFICIENT_SCENARIO_HISTORY,WAIT_FOR_SCENARIO_HISTORY,WAIT_FOR_SCENARIO_HISTORY,UNEXPLORED_1 does not currently have sufficient scenario history for immediate OOS research.,12
BATCH_012,P3,P3,LOW,UNEXPLORED_1,FLAT,32a9608b9489497d,TRACK_B_CONDITIONAL_SCORE,1,0,10,10,INSUFFICIENT_SCENARIO_HISTORY,WAIT_FOR_SCENARIO_HISTORY,WAIT_FOR_SCENARIO_HISTORY,UNEXPLORED_1 does not currently have sufficient scenario history for immediate OOS research.,12
BATCH_012,P3,P3,LOW,UNEXPLORED_1,FLAT,32a9608b9489497d,TRACK_B_FACTOR_AGREEMENT,1,0,10,10,INSUFFICIENT_SCENARIO_HISTORY,WAIT_FOR_SCENARIO_HISTORY,WAIT_FOR_SCENARIO_HISTORY,UNEXPLORED_1 does not currently have sufficient scenario history for immediate OOS research.,12
BATCH_012,P3,P3,LOW,UNEXPLORED_1,FLAT,32a9608b9489497d,TRACK_C_FACTOR_INTERACTION,1,0,10,10,INSUFFICIENT_SCENARIO_HISTORY,WAIT_FOR_SCENARIO_HISTORY,WAIT_FOR_SCENARIO_HISTORY,UNEXPLORED_1 does not currently have sufficient scenario history for immediate OOS research.,12
BATCH_012,P3,P3,LOW,UNEXPLORED_1,FLAT,32a9608b9489497d,TRACK_C_REGIME_AWARE,1,0,10,10,INSUFFICIENT_SCENARIO_HISTORY,WAIT_FOR_SCENARIO_HISTORY,WAIT_FOR_SCENARIO_HISTORY,UNEXPLORED_1 does not currently have sufficient scenario history for immediate OOS research.,12
BATCH_012,P3,P3,LOW,UNEXPLORED_1,FLAT,32a9608b9489497d,TRACK_C_SCENARIO_WEAPON,1,0,10,10,INSUFFICIENT_SCENARIO_HISTORY,WAIT_FOR_SCENARIO_HISTORY,WAIT_FOR_SCENARIO_HISTORY,UNEXPLORED_1 does not currently have sufficient scenario history for immediate OOS research.,12
BATCH_013,P3,P3,LOW,UNEXPLORED_10,FLAT,f1a5ebdcaa813af6,TRACK_B_BASELINE_FAILURE,3,0,10,10,INSUFFICIENT_SCENARIO_HISTORY,WAIT_FOR_SCENARIO_HISTORY,WAIT_FOR_SCENARIO_HISTORY,UNEXPLORED_10 does not currently have sufficient scenario history for immediate OOS research.,13
BATCH_013,P3,P3,LOW,UNEXPLORED_10,FLAT,f1a5ebdcaa813af6,TRACK_B_CONDITIONAL_SCORE,3,0,10,10,INSUFFICIENT_SCENARIO_HISTORY,WAIT_FOR_SCENARIO_HISTORY,WAIT_FOR_SCENARIO_HISTORY,UNEXPLORED_10 does not currently have sufficient scenario history for immediate OOS research.,13
BATCH_013,P3,P3,LOW,UNEXPLORED_10,FLAT,f1a5ebdcaa813af6,TRACK_B_FACTOR_AGREEMENT,3,0,10,10,INSUFFICIENT_SCENARIO_HISTORY,WAIT_FOR_SCENARIO_HISTORY,WAIT_FOR_SCENARIO_HISTORY,UNEXPLORED_10 does not currently have sufficient scenario history for immediate OOS research.,13
BATCH_013,P3,P3,LOW,UNEXPLORED_10,FLAT,f1a5ebdcaa813af6,TRACK_C_FACTOR_INTERACTION,3,0,10,10,INSUFFICIENT_SCENARIO_HISTORY,WAIT_FOR_SCENARIO_HISTORY,WAIT_FOR_SCENARIO_HISTORY,UNEXPLORED_10 does not currently have sufficient scenario history for immediate OOS research.,13
BATCH_013,P3,P3,LOW,UNEXPLORED_10,FLAT,f1a5ebdcaa813af6,TRACK_C_REGIME_AWARE,3,0,10,10,INSUFFICIENT_SCENARIO_HISTORY,WAIT_FOR_SCENARIO_HISTORY,WAIT_FOR_SCENARIO_HISTORY,UNEXPLORED_10 does not currently have sufficient scenario history for immediate OOS research.,13
BATCH_013,P3,P3,LOW,UNEXPLORED_10,FLAT,f1a5ebdcaa813af6,TRACK_C_SCENARIO_WEAPON,3,0,10,10,INSUFFICIENT_SCENARIO_HISTORY,WAIT_FOR_SCENARIO_HISTORY,WAIT_FOR_SCENARIO_HISTORY,UNEXPLORED_10 does not currently have sufficient scenario history for immediate OOS research.,13
BATCH_014,P3,P3,LOW,UNEXPLORED_11,FLAT,6df105900ba2225b,TRACK_B_BASELINE_FAILURE,1,0,10,10,INSUFFICIENT_SCENARIO_HISTORY,WAIT_FOR_SCENARIO_HISTORY,WAIT_FOR_SCENARIO_HISTORY,UNEXPLORED_11 does not currently have sufficient scenario history for immediate OOS research.,14
BATCH_014,P3,P3,LOW,UNEXPLORED_11,FLAT,6df105900ba2225b,TRACK_B_CONDITIONAL_SCORE,1,0,10,10,INSUFFICIENT_SCENARIO_HISTORY,WAIT_FOR_SCENARIO_HISTORY,WAIT_FOR_SCENARIO_HISTORY,UNEXPLORED_11 does not currently have sufficient scenario history for immediate OOS research.,14
BATCH_014,P3,P3,LOW,UNEXPLORED_11,FLAT,6df105900ba2225b,TRACK_B_FACTOR_AGREEMENT,1,0,10,10,INSUFFICIENT_SCENARIO_HISTORY,WAIT_FOR_SCENARIO_HISTORY,WAIT_FOR_SCENARIO_HISTORY,UNEXPLORED_11 does not currently have sufficient scenario history for immediate OOS research.,14
BATCH_014,P3,P3,LOW,UNEXPLORED_11,FLAT,6df105900ba2225b,TRACK_C_FACTOR_INTERACTION,1,0,10,10,INSUFFICIENT_SCENARIO_HISTORY,WAIT_FOR_SCENARIO_HISTORY,WAIT_FOR_SCENARIO_HISTORY,UNEXPLORED_11 does not currently have sufficient scenario history for immediate OOS research.,14
BATCH_014,P3,P3,LOW,UNEXPLORED_11,FLAT,6df105900ba2225b,TRACK_C_REGIME_AWARE,1,0,10,10,INSUFFICIENT_SCENARIO_HISTORY,WAIT_FOR_SCENARIO_HISTORY,WAIT_FOR_SCENARIO_HISTORY,UNEXPLORED_11 does not currently have sufficient scenario history for immediate OOS research.,14
BATCH_014,P3,P3,LOW,UNEXPLORED_11,FLAT,6df105900ba2225b,TRACK_C_SCENARIO_WEAPON,1,0,10,10,INSUFFICIENT_SCENARIO_HISTORY,WAIT_FOR_SCENARIO_HISTORY,WAIT_FOR_SCENARIO_HISTORY,UNEXPLORED_11 does not currently have sufficient scenario history for immediate OOS research.,14
BATCH_015,P3,P3,LOW,UNEXPLORED_12,FLAT,398ceb7da95082c7,TRACK_B_BASELINE_FAILURE,1,0,10,10,INSUFFICIENT_SCENARIO_HISTORY,WAIT_FOR_SCENARIO_HISTORY,WAIT_FOR_SCENARIO_HISTORY,UNEXPLORED_12 does not currently have sufficient scenario history for immediate OOS research.,15
BATCH_015,P3,P3,LOW,UNEXPLORED_12,FLAT,398ceb7da95082c7,TRACK_B_CONDITIONAL_SCORE,1,0,10,10,INSUFFICIENT_SCENARIO_HISTORY,WAIT_FOR_SCENARIO_HISTORY,WAIT_FOR_SCENARIO_HISTORY,UNEXPLORED_12 does not currently have sufficient scenario history for immediate OOS research.,15
BATCH_015,P3,P3,LOW,UNEXPLORED_12,FLAT,398ceb7da95082c7,TRACK_B_FACTOR_AGREEMENT,1,0,10,10,INSUFFICIENT_SCENARIO_HISTORY,WAIT_FOR_SCENARIO_HISTORY,WAIT_FOR_SCENARIO_HISTORY,UNEXPLORED_12 does not currently have sufficient scenario history for immediate OOS research.,15
BATCH_015,P3,P3,LOW,UNEXPLORED_12,FLAT,398ceb7da95082c7,TRACK_C_FACTOR_INTERACTION,1,0,10,10,INSUFFICIENT_SCENARIO_HISTORY,WAIT_FOR_SCENARIO_HISTORY,WAIT_FOR_SCENARIO_HISTORY,UNEXPLORED_12 does not currently have sufficient scenario history for immediate OOS research.,15
BATCH_015,P3,P3,LOW,UNEXPLORED_12,FLAT,398ceb7da95082c7,TRACK_C_REGIME_AWARE,1,0,10,10,INSUFFICIENT_SCENARIO_HISTORY,WAIT_FOR_SCENARIO_HISTORY,WAIT_FOR_SCENARIO_HISTORY,UNEXPLORED_12 does not currently have sufficient scenario history for immediate OOS research.,15
BATCH_015,P3,P3,LOW,UNEXPLORED_12,FLAT,398ceb7da95082c7,TRACK_C_SCENARIO_WEAPON,1,0,10,10,INSUFFICIENT_SCENARIO_HISTORY,WAIT_FOR_SCENARIO_HISTORY,WAIT_FOR_SCENARIO_HISTORY,UNEXPLORED_12 does not currently have sufficient scenario history for immediate OOS research.,15
BATCH_016,P3,P3,LOW,UNEXPLORED_13,FLAT,4d0babae7f4495ea,TRACK_B_BASELINE_FAILURE,2,0,10,10,INSUFFICIENT_SCENARIO_HISTORY,WAIT_FOR_SCENARIO_HISTORY,WAIT_FOR_SCENARIO_HISTORY,UNEXPLORED_13 does not currently have sufficient scenario history for immediate OOS research.,16
BATCH_016,P3,P3,LOW,UNEXPLORED_13,FLAT,4d0babae7f4495ea,TRACK_B_CONDITIONAL_SCORE,2,0,10,10,INSUFFICIENT_SCENARIO_HISTORY,WAIT_FOR_SCENARIO_HISTORY,WAIT_FOR_SCENARIO_HISTORY,UNEXPLORED_13 does not currently have sufficient scenario history for immediate OOS research.,16
BATCH_016,P3,P3,LOW,UNEXPLORED_13,FLAT,4d0babae7f4495ea,TRACK_B_FACTOR_AGREEMENT,2,0,10,10,INSUFFICIENT_SCENARIO_HISTORY,WAIT_FOR_SCENARIO_HISTORY,WAIT_FOR_SCENARIO_HISTORY,UNEXPLORED_13 does not currently have sufficient scenario history for immediate OOS research.,16
BATCH_016,P3,P3,LOW,UNEXPLORED_13,FLAT,4d0babae7f4495ea,TRACK_C_FACTOR_INTERACTION,2,0,10,10,INSUFFICIENT_SCENARIO_HISTORY,WAIT_FOR_SCENARIO_HISTORY,WAIT_FOR_SCENARIO_HISTORY,UNEXPLORED_13 does not currently have sufficient scenario history for immediate OOS research.,16
BATCH_016,P3,P3,LOW,UNEXPLORED_13,FLAT,4d0babae7f4495ea,TRACK_C_REGIME_AWARE,2,0,10,10,INSUFFICIENT_SCENARIO_HISTORY,WAIT_FOR_SCENARIO_HISTORY,WAIT_FOR_SCENARIO_HISTORY,UNEXPLORED_13 does not currently have sufficient scenario history for immediate OOS research.,16
BATCH_016,P3,P3,LOW,UNEXPLORED_13,FLAT,4d0babae7f4495ea,TRACK_C_SCENARIO_WEAPON,2,0,10,10,INSUFFICIENT_SCENARIO_HISTORY,WAIT_FOR_SCENARIO_HISTORY,WAIT_FOR_SCENARIO_HISTORY,UNEXPLORED_13 does not currently have sufficient scenario history for immediate OOS research.,16
BATCH_017,P3,P3,LOW,UNEXPLORED_18,CHOPPY,805568ee4a55f676,TRACK_B_BASELINE_FAILURE,4,0,10,10,INSUFFICIENT_SCENARIO_HISTORY,WAIT_FOR_SCENARIO_HISTORY,WAIT_FOR_SCENARIO_HISTORY,UNEXPLORED_18 does not currently have sufficient scenario history for immediate OOS research.,17
BATCH_017,P3,P3,LOW,UNEXPLORED_18,CHOPPY,805568ee4a55f676,TRACK_B_CONDITIONAL_SCORE,4,0,10,10,INSUFFICIENT_SCENARIO_HISTORY,WAIT_FOR_SCENARIO_HISTORY,WAIT_FOR_SCENARIO_HISTORY,UNEXPLORED_18 does not currently have sufficient scenario history for immediate OOS research.,17
BATCH_017,P3,P3,LOW,UNEXPLORED_18,CHOPPY,805568ee4a55f676,TRACK_B_FACTOR_AGREEMENT,4,0,10,10,INSUFFICIENT_SCENARIO_HISTORY,WAIT_FOR_SCENARIO_HISTORY,WAIT_FOR_SCENARIO_HISTORY,UNEXPLORED_18 does not currently have sufficient scenario history for immediate OOS research.,17
BATCH_017,P3,P3,LOW,UNEXPLORED_18,CHOPPY,805568ee4a55f676,TRACK_C_FACTOR_INTERACTION,4,0,10,10,INSUFFICIENT_SCENARIO_HISTORY,WAIT_FOR_SCENARIO_HISTORY,WAIT_FOR_SCENARIO_HISTORY,UNEXPLORED_18 does not currently have sufficient scenario history for immediate OOS research.,17
BATCH_017,P3,P3,LOW,UNEXPLORED_18,CHOPPY,805568ee4a55f676,TRACK_C_REGIME_AWARE,4,0,10,10,INSUFFICIENT_SCENARIO_HISTORY,WAIT_FOR_SCENARIO_HISTORY,WAIT_FOR_SCENARIO_HISTORY,UNEXPLORED_18 does not currently have sufficient scenario history for immediate OOS research.,17
BATCH_017,P3,P3,LOW,UNEXPLORED_18,CHOPPY,805568ee4a55f676,TRACK_C_SCENARIO_WEAPON,4,0,10,10,INSUFFICIENT_SCENARIO_HISTORY,WAIT_FOR_SCENARIO_HISTORY,WAIT_FOR_SCENARIO_HISTORY,UNEXPLORED_18 does not currently have sufficient scenario history for immediate OOS research.,17
BATCH_018,P3,P3,LOW,UNEXPLORED_19,TREND_DOWN,21580290ff890eea,TRACK_B_BASELINE_FAILURE,3,0,10,10,INSUFFICIENT_SCENARIO_HISTORY,WAIT_FOR_SCENARIO_HISTORY,WAIT_FOR_SCENARIO_HISTORY,UNEXPLORED_19 does not currently have sufficient scenario history for immediate OOS research.,18
BATCH_018,P3,P3,LOW,UNEXPLORED_19,TREND_DOWN,21580290ff890eea,TRACK_B_CONDITIONAL_SCORE,3,0,10,10,INSUFFICIENT_SCENARIO_HISTORY,WAIT_FOR_SCENARIO_HISTORY,WAIT_FOR_SCENARIO_HISTORY,UNEXPLORED_19 does not currently have sufficient scenario history for immediate OOS research.,18
BATCH_018,P3,P3,LOW,UNEXPLORED_19,TREND_DOWN,21580290ff890eea,TRACK_B_FACTOR_AGREEMENT,3,0,10,10,INSUFFICIENT_SCENARIO_HISTORY,WAIT_FOR_SCENARIO_HISTORY,WAIT_FOR_SCENARIO_HISTORY,UNEXPLORED_19 does not currently have sufficient scenario history for immediate OOS research.,18
BATCH_018,P3,P3,LOW,UNEXPLORED_19,TREND_DOWN,21580290ff890eea,TRACK_C_FACTOR_INTERACTION,3,0,10,10,INSUFFICIENT_SCENARIO_HISTORY,WAIT_FOR_SCENARIO_HISTORY,WAIT_FOR_SCENARIO_HISTORY,UNEXPLORED_19 does not currently have sufficient scenario history for immediate OOS research.,18
BATCH_018,P3,P3,LOW,UNEXPLORED_19,TREND_DOWN,21580290ff890eea,TRACK_C_REGIME_AWARE,3,0,10,10,INSUFFICIENT_SCENARIO_HISTORY,WAIT_FOR_SCENARIO_HISTORY,WAIT_FOR_SCENARIO_HISTORY,UNEXPLORED_19 does not currently have sufficient scenario history for immediate OOS research.,18
BATCH_018,P3,P3,LOW,UNEXPLORED_19,TREND_DOWN,21580290ff890eea,TRACK_C_SCENARIO_WEAPON,3,0,10,10,INSUFFICIENT_SCENARIO_HISTORY,WAIT_FOR_SCENARIO_HISTORY,WAIT_FOR_SCENARIO_HISTORY,UNEXPLORED_19 does not currently have sufficient scenario history for immediate OOS research.,18
BATCH_019,P3,P3,LOW,UNEXPLORED_2,FLAT,e1b16ce91e1326b2,TRACK_B_BASELINE_FAILURE,3,0,10,10,INSUFFICIENT_SCENARIO_HISTORY,WAIT_FOR_SCENARIO_HISTORY,WAIT_FOR_SCENARIO_HISTORY,UNEXPLORED_2 does not currently have sufficient scenario history for immediate OOS research.,19
BATCH_019,P3,P3,LOW,UNEXPLORED_2,FLAT,e1b16ce91e1326b2,TRACK_B_CONDITIONAL_SCORE,3,0,10,10,INSUFFICIENT_SCENARIO_HISTORY,WAIT_FOR_SCENARIO_HISTORY,WAIT_FOR_SCENARIO_HISTORY,UNEXPLORED_2 does not currently have sufficient scenario history for immediate OOS research.,19
BATCH_019,P3,P3,LOW,UNEXPLORED_2,FLAT,e1b16ce91e1326b2,TRACK_B_FACTOR_AGREEMENT,3,0,10,10,INSUFFICIENT_SCENARIO_HISTORY,WAIT_FOR_SCENARIO_HISTORY,WAIT_FOR_SCENARIO_HISTORY,UNEXPLORED_2 does not currently have sufficient scenario history for immediate OOS research.,19
BATCH_019,P3,P3,LOW,UNEXPLORED_2,FLAT,e1b16ce91e1326b2,TRACK_C_FACTOR_INTERACTION,3,0,10,10,INSUFFICIENT_SCENARIO_HISTORY,WAIT_FOR_SCENARIO_HISTORY,WAIT_FOR_SCENARIO_HISTORY,UNEXPLORED_2 does not currently have sufficient scenario history for immediate OOS research.,19
BATCH_019,P3,P3,LOW,UNEXPLORED_2,FLAT,e1b16ce91e1326b2,TRACK_C_REGIME_AWARE,3,0,10,10,INSUFFICIENT_SCENARIO_HISTORY,WAIT_FOR_SCENARIO_HISTORY,WAIT_FOR_SCENARIO_HISTORY,UNEXPLORED_2 does not currently have sufficient scenario history for immediate OOS research.,19
BATCH_019,P3,P3,LOW,UNEXPLORED_2,FLAT,e1b16ce91e1326b2,TRACK_C_SCENARIO_WEAPON,3,0,10,10,INSUFFICIENT_SCENARIO_HISTORY,WAIT_FOR_SCENARIO_HISTORY,WAIT_FOR_SCENARIO_HISTORY,UNEXPLORED_2 does not currently have sufficient scenario history for immediate OOS research.,19
BATCH_020,P3,P3,LOW,UNEXPLORED_22,TREND_DOWN,7dd654042398d311,TRACK_B_BASELINE_FAILURE,4,0,10,10,INSUFFICIENT_SCENARIO_HISTORY,WAIT_FOR_SCENARIO_HISTORY,WAIT_FOR_SCENARIO_HISTORY,UNEXPLORED_22 does not currently have sufficient scenario history for immediate OOS research.,20
BATCH_020,P3,P3,LOW,UNEXPLORED_22,TREND_DOWN,7dd654042398d311,TRACK_B_CONDITIONAL_SCORE,4,0,10,10,INSUFFICIENT_SCENARIO_HISTORY,WAIT_FOR_SCENARIO_HISTORY,WAIT_FOR_SCENARIO_HISTORY,UNEXPLORED_22 does not currently have sufficient scenario history for immediate OOS research.,20
BATCH_020,P3,P3,LOW,UNEXPLORED_22,TREND_DOWN,7dd654042398d311,TRACK_B_FACTOR_AGREEMENT,4,0,10,10,INSUFFICIENT_SCENARIO_HISTORY,WAIT_FOR_SCENARIO_HISTORY,WAIT_FOR_SCENARIO_HISTORY,UNEXPLORED_22 does not currently have sufficient scenario history for immediate OOS research.,20
BATCH_020,P3,P3,LOW,UNEXPLORED_22,TREND_DOWN,7dd654042398d311,TRACK_C_FACTOR_INTERACTION,4,0,10,10,INSUFFICIENT_SCENARIO_HISTORY,WAIT_FOR_SCENARIO_HISTORY,WAIT_FOR_SCENARIO_HISTORY,UNEXPLORED_22 does not currently have sufficient scenario history for immediate OOS research.,20
BATCH_020,P3,P3,LOW,UNEXPLORED_22,TREND_DOWN,7dd654042398d311,TRACK_C_REGIME_AWARE,4,0,10,10,INSUFFICIENT_SCENARIO_HISTORY,WAIT_FOR_SCENARIO_HISTORY,WAIT_FOR_SCENARIO_HISTORY,UNEXPLORED_22 does not currently have sufficient scenario history for immediate OOS research.,20
BATCH_020,P3,P3,LOW,UNEXPLORED_22,TREND_DOWN,7dd654042398d311,TRACK_C_SCENARIO_WEAPON,4,0,10,10,INSUFFICIENT_SCENARIO_HISTORY,WAIT_FOR_SCENARIO_HISTORY,WAIT_FOR_SCENARIO_HISTORY,UNEXPLORED_22 does not currently have sufficient scenario history for immediate OOS research.,20
BATCH_021,P3,P3,LOW,UNEXPLORED_23,CHOPPY,c812c38fa8967922,TRACK_B_BASELINE_FAILURE,2,0,10,10,INSUFFICIENT_SCENARIO_HISTORY,WAIT_FOR_SCENARIO_HISTORY,WAIT_FOR_SCENARIO_HISTORY,UNEXPLORED_23 does not currently have sufficient scenario history for immediate OOS research.,21
BATCH_021,P3,P3,LOW,UNEXPLORED_23,CHOPPY,c812c38fa8967922,TRACK_B_CONDITIONAL_SCORE,2,0,10,10,INSUFFICIENT_SCENARIO_HISTORY,WAIT_FOR_SCENARIO_HISTORY,WAIT_FOR_SCENARIO_HISTORY,UNEXPLORED_23 does not currently have sufficient scenario history for immediate OOS research.,21
BATCH_021,P3,P3,LOW,UNEXPLORED_23,CHOPPY,c812c38fa8967922,TRACK_B_FACTOR_AGREEMENT,2,0,10,10,INSUFFICIENT_SCENARIO_HISTORY,WAIT_FOR_SCENARIO_HISTORY,WAIT_FOR_SCENARIO_HISTORY,UNEXPLORED_23 does not currently have sufficient scenario history for immediate OOS research.,21
BATCH_021,P3,P3,LOW,UNEXPLORED_23,CHOPPY,c812c38fa8967922,TRACK_C_FACTOR_INTERACTION,2,0,10,10,INSUFFICIENT_SCENARIO_HISTORY,WAIT_FOR_SCENARIO_HISTORY,WAIT_FOR_SCENARIO_HISTORY,UNEXPLORED_23 does not currently have sufficient scenario history for immediate OOS research.,21
BATCH_021,P3,P3,LOW,UNEXPLORED_23,CHOPPY,c812c38fa8967922,TRACK_C_REGIME_AWARE,2,0,10,10,INSUFFICIENT_SCENARIO_HISTORY,WAIT_FOR_SCENARIO_HISTORY,WAIT_FOR_SCENARIO_HISTORY,UNEXPLORED_23 does not currently have sufficient scenario history for immediate OOS research.,21
BATCH_021,P3,P3,LOW,UNEXPLORED_23,CHOPPY,c812c38fa8967922,TRACK_C_SCENARIO_WEAPON,2,0,10,10,INSUFFICIENT_SCENARIO_HISTORY,WAIT_FOR_SCENARIO_HISTORY,WAIT_FOR_SCENARIO_HISTORY,UNEXPLORED_23 does not currently have sufficient scenario history for immediate OOS research.,21
BATCH_022,P3,P3,LOW,UNEXPLORED_24,TREND_UP,56b9948f187d1544,TRACK_B_BASELINE_FAILURE,4,0,10,10,INSUFFICIENT_SCENARIO_HISTORY,WAIT_FOR_SCENARIO_HISTORY,WAIT_FOR_SCENARIO_HISTORY,UNEXPLORED_24 does not currently have sufficient scenario history for immediate OOS research.,22
BATCH_022,P3,P3,LOW,UNEXPLORED_24,TREND_UP,56b9948f187d1544,TRACK_B_CONDITIONAL_SCORE,4,0,10,10,INSUFFICIENT_SCENARIO_HISTORY,WAIT_FOR_SCENARIO_HISTORY,WAIT_FOR_SCENARIO_HISTORY,UNEXPLORED_24 does not currently have sufficient scenario history for immediate OOS research.,22
BATCH_022,P3,P3,LOW,UNEXPLORED_24,TREND_UP,56b9948f187d1544,TRACK_B_FACTOR_AGREEMENT,4,0,10,10,INSUFFICIENT_SCENARIO_HISTORY,WAIT_FOR_SCENARIO_HISTORY,WAIT_FOR_SCENARIO_HISTORY,UNEXPLORED_24 does not currently have sufficient scenario history for immediate OOS research.,22
BATCH_022,P3,P3,LOW,UNEXPLORED_24,TREND_UP,56b9948f187d1544,TRACK_C_FACTOR_INTERACTION,4,0,10,10,INSUFFICIENT_SCENARIO_HISTORY,WAIT_FOR_SCENARIO_HISTORY,WAIT_FOR_SCENARIO_HISTORY,UNEXPLORED_24 does not currently have sufficient scenario history for immediate OOS research.,22
BATCH_022,P3,P3,LOW,UNEXPLORED_24,TREND_UP,56b9948f187d1544,TRACK_C_REGIME_AWARE,4,0,10,10,INSUFFICIENT_SCENARIO_HISTORY,WAIT_FOR_SCENARIO_HISTORY,WAIT_FOR_SCENARIO_HISTORY,UNEXPLORED_24 does not currently have sufficient scenario history for immediate OOS research.,22
BATCH_022,P3,P3,LOW,UNEXPLORED_24,TREND_UP,56b9948f187d1544,TRACK_C_SCENARIO_WEAPON,4,0,10,10,INSUFFICIENT_SCENARIO_HISTORY,WAIT_FOR_SCENARIO_HISTORY,WAIT_FOR_SCENARIO_HISTORY,UNEXPLORED_24 does not currently have sufficient scenario history for immediate OOS research.,22
BATCH_023,P3,P3,LOW,UNEXPLORED_26,CHOPPY,edc61dcc975ec559,TRACK_B_BASELINE_FAILURE,2,0,10,10,INSUFFICIENT_SCENARIO_HISTORY,WAIT_FOR_SCENARIO_HISTORY,WAIT_FOR_SCENARIO_HISTORY,UNEXPLORED_26 does not currently have sufficient scenario history for immediate OOS research.,23
BATCH_023,P3,P3,LOW,UNEXPLORED_26,CHOPPY,edc61dcc975ec559,TRACK_B_CONDITIONAL_SCORE,2,0,10,10,INSUFFICIENT_SCENARIO_HISTORY,WAIT_FOR_SCENARIO_HISTORY,WAIT_FOR_SCENARIO_HISTORY,UNEXPLORED_26 does not currently have sufficient scenario history for immediate OOS research.,23
BATCH_023,P3,P3,LOW,UNEXPLORED_26,CHOPPY,edc61dcc975ec559,TRACK_B_FACTOR_AGREEMENT,2,0,10,10,INSUFFICIENT_SCENARIO_HISTORY,WAIT_FOR_SCENARIO_HISTORY,WAIT_FOR_SCENARIO_HISTORY,UNEXPLORED_26 does not currently have sufficient scenario history for immediate OOS research.,23
BATCH_023,P3,P3,LOW,UNEXPLORED_26,CHOPPY,edc61dcc975ec559,TRACK_C_FACTOR_INTERACTION,2,0,10,10,INSUFFICIENT_SCENARIO_HISTORY,WAIT_FOR_SCENARIO_HISTORY,WAIT_FOR_SCENARIO_HISTORY,UNEXPLORED_26 does not currently have sufficient scenario history for immediate OOS research.,23
BATCH_023,P3,P3,LOW,UNEXPLORED_26,CHOPPY,edc61dcc975ec559,TRACK_C_REGIME_AWARE,2,0,10,10,INSUFFICIENT_SCENARIO_HISTORY,WAIT_FOR_SCENARIO_HISTORY,WAIT_FOR_SCENARIO_HISTORY,UNEXPLORED_26 does not currently have sufficient scenario history for immediate OOS research.,23
BATCH_023,P3,P3,LOW,UNEXPLORED_26,CHOPPY,edc61dcc975ec559,TRACK_C_SCENARIO_WEAPON,2,0,10,10,INSUFFICIENT_SCENARIO_HISTORY,WAIT_FOR_SCENARIO_HISTORY,WAIT_FOR_SCENARIO_HISTORY,UNEXPLORED_26 does not currently have sufficient scenario history for immediate OOS research.,23
BATCH_024,P3,P3,LOW,UNEXPLORED_27,FLAT,781a8762235d82c2,TRACK_B_BASELINE_FAILURE,5,0,10,10,INSUFFICIENT_SCENARIO_HISTORY,WAIT_FOR_SCENARIO_HISTORY,WAIT_FOR_SCENARIO_HISTORY,UNEXPLORED_27 does not currently have sufficient scenario history for immediate OOS research.,24
BATCH_024,P3,P3,LOW,UNEXPLORED_27,FLAT,781a8762235d82c2,TRACK_B_CONDITIONAL_SCORE,5,0,10,10,INSUFFICIENT_SCENARIO_HISTORY,WAIT_FOR_SCENARIO_HISTORY,WAIT_FOR_SCENARIO_HISTORY,UNEXPLORED_27 does not currently have sufficient scenario history for immediate OOS research.,24
BATCH_024,P3,P3,LOW,UNEXPLORED_27,FLAT,781a8762235d82c2,TRACK_B_FACTOR_AGREEMENT,5,0,10,10,INSUFFICIENT_SCENARIO_HISTORY,WAIT_FOR_SCENARIO_HISTORY,WAIT_FOR_SCENARIO_HISTORY,UNEXPLORED_27 does not currently have sufficient scenario history for immediate OOS research.,24
BATCH_024,P3,P3,LOW,UNEXPLORED_27,FLAT,781a8762235d82c2,TRACK_C_FACTOR_INTERACTION,5,0,10,10,INSUFFICIENT_SCENARIO_HISTORY,WAIT_FOR_SCENARIO_HISTORY,WAIT_FOR_SCENARIO_HISTORY,UNEXPLORED_27 does not currently have sufficient scenario history for immediate OOS research.,24
BATCH_024,P3,P3,LOW,UNEXPLORED_27,FLAT,781a8762235d82c2,TRACK_C_REGIME_AWARE,5,0,10,10,INSUFFICIENT_SCENARIO_HISTORY,WAIT_FOR_SCENARIO_HISTORY,WAIT_FOR_SCENARIO_HISTORY,UNEXPLORED_27 does not currently have sufficient scenario history for immediate OOS research.,24
BATCH_024,P3,P3,LOW,UNEXPLORED_27,FLAT,781a8762235d82c2,TRACK_C_SCENARIO_WEAPON,5,0,10,10,INSUFFICIENT_SCENARIO_HISTORY,WAIT_FOR_SCENARIO_HISTORY,WAIT_FOR_SCENARIO_HISTORY,UNEXPLORED_27 does not currently have sufficient scenario history for immediate OOS research.,24
BATCH_025,P3,P3,LOW,UNEXPLORED_29,TREND_DOWN,f8d582f6f5eae30a,TRACK_B_BASELINE_FAILURE,6,0,10,10,INSUFFICIENT_SCENARIO_HISTORY,WAIT_FOR_SCENARIO_HISTORY,WAIT_FOR_SCENARIO_HISTORY,UNEXPLORED_29 does not currently have sufficient scenario history for immediate OOS research.,25
BATCH_025,P3,P3,LOW,UNEXPLORED_29,TREND_DOWN,f8d582f6f5eae30a,TRACK_B_CONDITIONAL_SCORE,6,0,10,10,INSUFFICIENT_SCENARIO_HISTORY,WAIT_FOR_SCENARIO_HISTORY,WAIT_FOR_SCENARIO_HISTORY,UNEXPLORED_29 does not currently have sufficient scenario history for immediate OOS research.,25
BATCH_025,P3,P3,LOW,UNEXPLORED_29,TREND_DOWN,f8d582f6f5eae30a,TRACK_B_FACTOR_AGREEMENT,6,0,10,10,INSUFFICIENT_SCENARIO_HISTORY,WAIT_FOR_SCENARIO_HISTORY,WAIT_FOR_SCENARIO_HISTORY,UNEXPLORED_29 does not currently have sufficient scenario history for immediate OOS research.,25
BATCH_025,P3,P3,LOW,UNEXPLORED_29,TREND_DOWN,f8d582f6f5eae30a,TRACK_C_FACTOR_INTERACTION,6,0,10,10,INSUFFICIENT_SCENARIO_HISTORY,WAIT_FOR_SCENARIO_HISTORY,WAIT_FOR_SCENARIO_HISTORY,UNEXPLORED_29 does not currently have sufficient scenario history for immediate OOS research.,25
BATCH_025,P3,P3,LOW,UNEXPLORED_29,TREND_DOWN,f8d582f6f5eae30a,TRACK_C_REGIME_AWARE,6,0,10,10,INSUFFICIENT_SCENARIO_HISTORY,WAIT_FOR_SCENARIO_HISTORY,WAIT_FOR_SCENARIO_HISTORY,UNEXPLORED_29 does not currently have sufficient scenario history for immediate OOS research.,25
BATCH_025,P3,P3,LOW,UNEXPLORED_29,TREND_DOWN,f8d582f6f5eae30a,TRACK_C_SCENARIO_WEAPON,6,0,10,10,INSUFFICIENT_SCENARIO_HISTORY,WAIT_FOR_SCENARIO_HISTORY,WAIT_FOR_SCENARIO_HISTORY,UNEXPLORED_29 does not currently have sufficient scenario history for immediate OOS research.,25
BATCH_026,P3,P3,LOW,UNEXPLORED_3,FLAT,236a75368a945e62,TRACK_B_BASELINE_FAILURE,1,0,10,10,INSUFFICIENT_SCENARIO_HISTORY,WAIT_FOR_SCENARIO_HISTORY,WAIT_FOR_SCENARIO_HISTORY,UNEXPLORED_3 does not currently have sufficient scenario history for immediate OOS research.,26
BATCH_026,P3,P3,LOW,UNEXPLORED_3,FLAT,236a75368a945e62,TRACK_B_CONDITIONAL_SCORE,1,0,10,10,INSUFFICIENT_SCENARIO_HISTORY,WAIT_FOR_SCENARIO_HISTORY,WAIT_FOR_SCENARIO_HISTORY,UNEXPLORED_3 does not currently have sufficient scenario history for immediate OOS research.,26
BATCH_026,P3,P3,LOW,UNEXPLORED_3,FLAT,236a75368a945e62,TRACK_B_FACTOR_AGREEMENT,1,0,10,10,INSUFFICIENT_SCENARIO_HISTORY,WAIT_FOR_SCENARIO_HISTORY,WAIT_FOR_SCENARIO_HISTORY,UNEXPLORED_3 does not currently have sufficient scenario history for immediate OOS research.,26
BATCH_026,P3,P3,LOW,UNEXPLORED_3,FLAT,236a75368a945e62,TRACK_C_FACTOR_INTERACTION,1,0,10,10,INSUFFICIENT_SCENARIO_HISTORY,WAIT_FOR_SCENARIO_HISTORY,WAIT_FOR_SCENARIO_HISTORY,UNEXPLORED_3 does not currently have sufficient scenario history for immediate OOS research.,26
BATCH_026,P3,P3,LOW,UNEXPLORED_3,FLAT,236a75368a945e62,TRACK_C_REGIME_AWARE,1,0,10,10,INSUFFICIENT_SCENARIO_HISTORY,WAIT_FOR_SCENARIO_HISTORY,WAIT_FOR_SCENARIO_HISTORY,UNEXPLORED_3 does not currently have sufficient scenario history for immediate OOS research.,26
BATCH_026,P3,P3,LOW,UNEXPLORED_3,FLAT,236a75368a945e62,TRACK_C_SCENARIO_WEAPON,1,0,10,10,INSUFFICIENT_SCENARIO_HISTORY,WAIT_FOR_SCENARIO_HISTORY,WAIT_FOR_SCENARIO_HISTORY,UNEXPLORED_3 does not currently have sufficient scenario history for immediate OOS research.,26
BATCH_027,P3,P3,LOW,UNEXPLORED_30,TREND_DOWN,9bb208b0035bbc7f,TRACK_B_BASELINE_FAILURE,2,0,10,10,INSUFFICIENT_SCENARIO_HISTORY,WAIT_FOR_SCENARIO_HISTORY,WAIT_FOR_SCENARIO_HISTORY,UNEXPLORED_30 does not currently have sufficient scenario history for immediate OOS research.,27
BATCH_027,P3,P3,LOW,UNEXPLORED_30,TREND_DOWN,9bb208b0035bbc7f,TRACK_B_CONDITIONAL_SCORE,2,0,10,10,INSUFFICIENT_SCENARIO_HISTORY,WAIT_FOR_SCENARIO_HISTORY,WAIT_FOR_SCENARIO_HISTORY,UNEXPLORED_30 does not currently have sufficient scenario history for immediate OOS research.,27
BATCH_027,P3,P3,LOW,UNEXPLORED_30,TREND_DOWN,9bb208b0035bbc7f,TRACK_B_FACTOR_AGREEMENT,2,0,10,10,INSUFFICIENT_SCENARIO_HISTORY,WAIT_FOR_SCENARIO_HISTORY,WAIT_FOR_SCENARIO_HISTORY,UNEXPLORED_30 does not currently have sufficient scenario history for immediate OOS research.,27
BATCH_027,P3,P3,LOW,UNEXPLORED_30,TREND_DOWN,9bb208b0035bbc7f,TRACK_C_FACTOR_INTERACTION,2,0,10,10,INSUFFICIENT_SCENARIO_HISTORY,WAIT_FOR_SCENARIO_HISTORY,WAIT_FOR_SCENARIO_HISTORY,UNEXPLORED_30 does not currently have sufficient scenario history for immediate OOS research.,27
BATCH_027,P3,P3,LOW,UNEXPLORED_30,TREND_DOWN,9bb208b0035bbc7f,TRACK_C_REGIME_AWARE,2,0,10,10,INSUFFICIENT_SCENARIO_HISTORY,WAIT_FOR_SCENARIO_HISTORY,WAIT_FOR_SCENARIO_HISTORY,UNEXPLORED_30 does not currently have sufficient scenario history for immediate OOS research.,27
BATCH_027,P3,P3,LOW,UNEXPLORED_30,TREND_DOWN,9bb208b0035bbc7f,TRACK_C_SCENARIO_WEAPON,2,0,10,10,INSUFFICIENT_SCENARIO_HISTORY,WAIT_FOR_SCENARIO_HISTORY,WAIT_FOR_SCENARIO_HISTORY,UNEXPLORED_30 does not currently have sufficient scenario history for immediate OOS research.,27
BATCH_028,P3,P3,LOW,UNEXPLORED_31,CHOPPY,bfbb49ed1d9c554e,TRACK_B_BASELINE_FAILURE,1,0,10,10,INSUFFICIENT_SCENARIO_HISTORY,WAIT_FOR_SCENARIO_HISTORY,WAIT_FOR_SCENARIO_HISTORY,UNEXPLORED_31 does not currently have sufficient scenario history for immediate OOS research.,28
BATCH_028,P3,P3,LOW,UNEXPLORED_31,CHOPPY,bfbb49ed1d9c554e,TRACK_B_CONDITIONAL_SCORE,1,0,10,10,INSUFFICIENT_SCENARIO_HISTORY,WAIT_FOR_SCENARIO_HISTORY,WAIT_FOR_SCENARIO_HISTORY,UNEXPLORED_31 does not currently have sufficient scenario history for immediate OOS research.,28
BATCH_028,P3,P3,LOW,UNEXPLORED_31,CHOPPY,bfbb49ed1d9c554e,TRACK_B_FACTOR_AGREEMENT,1,0,10,10,INSUFFICIENT_SCENARIO_HISTORY,WAIT_FOR_SCENARIO_HISTORY,WAIT_FOR_SCENARIO_HISTORY,UNEXPLORED_31 does not currently have sufficient scenario history for immediate OOS research.,28
BATCH_028,P3,P3,LOW,UNEXPLORED_31,CHOPPY,bfbb49ed1d9c554e,TRACK_C_FACTOR_INTERACTION,1,0,10,10,INSUFFICIENT_SCENARIO_HISTORY,WAIT_FOR_SCENARIO_HISTORY,WAIT_FOR_SCENARIO_HISTORY,UNEXPLORED_31 does not currently have sufficient scenario history for immediate OOS research.,28
BATCH_028,P3,P3,LOW,UNEXPLORED_31,CHOPPY,bfbb49ed1d9c554e,TRACK_C_REGIME_AWARE,1,0,10,10,INSUFFICIENT_SCENARIO_HISTORY,WAIT_FOR_SCENARIO_HISTORY,WAIT_FOR_SCENARIO_HISTORY,UNEXPLORED_31 does not currently have sufficient scenario history for immediate OOS research.,28
BATCH_028,P3,P3,LOW,UNEXPLORED_31,CHOPPY,bfbb49ed1d9c554e,TRACK_C_SCENARIO_WEAPON,1,0,10,10,INSUFFICIENT_SCENARIO_HISTORY,WAIT_FOR_SCENARIO_HISTORY,WAIT_FOR_SCENARIO_HISTORY,UNEXPLORED_31 does not currently have sufficient scenario history for immediate OOS research.,28
BATCH_029,P3,P3,LOW,UNEXPLORED_32,TREND_UP,93d0311726a1d9e8,TRACK_B_BASELINE_FAILURE,1,0,10,10,INSUFFICIENT_SCENARIO_HISTORY,WAIT_FOR_SCENARIO_HISTORY,WAIT_FOR_SCENARIO_HISTORY,UNEXPLORED_32 does not currently have sufficient scenario history for immediate OOS research.,29
BATCH_029,P3,P3,LOW,UNEXPLORED_32,TREND_UP,93d0311726a1d9e8,TRACK_B_CONDITIONAL_SCORE,1,0,10,10,INSUFFICIENT_SCENARIO_HISTORY,WAIT_FOR_SCENARIO_HISTORY,WAIT_FOR_SCENARIO_HISTORY,UNEXPLORED_32 does not currently have sufficient scenario history for immediate OOS research.,29
BATCH_029,P3,P3,LOW,UNEXPLORED_32,TREND_UP,93d0311726a1d9e8,TRACK_B_FACTOR_AGREEMENT,1,0,10,10,INSUFFICIENT_SCENARIO_HISTORY,WAIT_FOR_SCENARIO_HISTORY,WAIT_FOR_SCENARIO_HISTORY,UNEXPLORED_32 does not currently have sufficient scenario history for immediate OOS research.,29
BATCH_029,P3,P3,LOW,UNEXPLORED_32,TREND_UP,93d0311726a1d9e8,TRACK_C_FACTOR_INTERACTION,1,0,10,10,INSUFFICIENT_SCENARIO_HISTORY,WAIT_FOR_SCENARIO_HISTORY,WAIT_FOR_SCENARIO_HISTORY,UNEXPLORED_32 does not currently have sufficient scenario history for immediate OOS research.,29
BATCH_029,P3,P3,LOW,UNEXPLORED_32,TREND_UP,93d0311726a1d9e8,TRACK_C_REGIME_AWARE,1,0,10,10,INSUFFICIENT_SCENARIO_HISTORY,WAIT_FOR_SCENARIO_HISTORY,WAIT_FOR_SCENARIO_HISTORY,UNEXPLORED_32 does not currently have sufficient scenario history for immediate OOS research.,29
BATCH_029,P3,P3,LOW,UNEXPLORED_32,TREND_UP,93d0311726a1d9e8,TRACK_C_SCENARIO_WEAPON,1,0,10,10,INSUFFICIENT_SCENARIO_HISTORY,WAIT_FOR_SCENARIO_HISTORY,WAIT_FOR_SCENARIO_HISTORY,UNEXPLORED_32 does not currently have sufficient scenario history for immediate OOS research.,29
BATCH_030,P3,P3,LOW,UNEXPLORED_34,TREND_DOWN,c95d5d654f98d00f,TRACK_B_BASELINE_FAILURE,5,0,10,10,INSUFFICIENT_SCENARIO_HISTORY,WAIT_FOR_SCENARIO_HISTORY,WAIT_FOR_SCENARIO_HISTORY,UNEXPLORED_34 does not currently have sufficient scenario history for immediate OOS research.,30
BATCH_030,P3,P3,LOW,UNEXPLORED_34,TREND_DOWN,c95d5d654f98d00f,TRACK_B_CONDITIONAL_SCORE,5,0,10,10,INSUFFICIENT_SCENARIO_HISTORY,WAIT_FOR_SCENARIO_HISTORY,WAIT_FOR_SCENARIO_HISTORY,UNEXPLORED_34 does not currently have sufficient scenario history for immediate OOS research.,30
BATCH_030,P3,P3,LOW,UNEXPLORED_34,TREND_DOWN,c95d5d654f98d00f,TRACK_B_FACTOR_AGREEMENT,5,0,10,10,INSUFFICIENT_SCENARIO_HISTORY,WAIT_FOR_SCENARIO_HISTORY,WAIT_FOR_SCENARIO_HISTORY,UNEXPLORED_34 does not currently have sufficient scenario history for immediate OOS research.,30
BATCH_030,P3,P3,LOW,UNEXPLORED_34,TREND_DOWN,c95d5d654f98d00f,TRACK_C_FACTOR_INTERACTION,5,0,10,10,INSUFFICIENT_SCENARIO_HISTORY,WAIT_FOR_SCENARIO_HISTORY,WAIT_FOR_SCENARIO_HISTORY,UNEXPLORED_34 does not currently have sufficient scenario history for immediate OOS research.,30
BATCH_030,P3,P3,LOW,UNEXPLORED_34,TREND_DOWN,c95d5d654f98d00f,TRACK_C_REGIME_AWARE,5,0,10,10,INSUFFICIENT_SCENARIO_HISTORY,WAIT_FOR_SCENARIO_HISTORY,WAIT_FOR_SCENARIO_HISTORY,UNEXPLORED_34 does not currently have sufficient scenario history for immediate OOS research.,30
BATCH_030,P3,P3,LOW,UNEXPLORED_34,TREND_DOWN,c95d5d654f98d00f,TRACK_C_SCENARIO_WEAPON,5,0,10,10,INSUFFICIENT_SCENARIO_HISTORY,WAIT_FOR_SCENARIO_HISTORY,WAIT_FOR_SCENARIO_HISTORY,UNEXPLORED_34 does not currently have sufficient scenario history for immediate OOS research.,30
BATCH_031,P3,P3,LOW,UNEXPLORED_35,CHOPPY,82ce59f078fed6c1,TRACK_B_BASELINE_FAILURE,4,0,10,10,INSUFFICIENT_SCENARIO_HISTORY,WAIT_FOR_SCENARIO_HISTORY,WAIT_FOR_SCENARIO_HISTORY,UNEXPLORED_35 does not currently have sufficient scenario history for immediate OOS research.,31
BATCH_031,P3,P3,LOW,UNEXPLORED_35,CHOPPY,82ce59f078fed6c1,TRACK_B_CONDITIONAL_SCORE,4,0,10,10,INSUFFICIENT_SCENARIO_HISTORY,WAIT_FOR_SCENARIO_HISTORY,WAIT_FOR_SCENARIO_HISTORY,UNEXPLORED_35 does not currently have sufficient scenario history for immediate OOS research.,31
BATCH_031,P3,P3,LOW,UNEXPLORED_35,CHOPPY,82ce59f078fed6c1,TRACK_B_FACTOR_AGREEMENT,4,0,10,10,INSUFFICIENT_SCENARIO_HISTORY,WAIT_FOR_SCENARIO_HISTORY,WAIT_FOR_SCENARIO_HISTORY,UNEXPLORED_35 does not currently have sufficient scenario history for immediate OOS research.,31
BATCH_031,P3,P3,LOW,UNEXPLORED_35,CHOPPY,82ce59f078fed6c1,TRACK_C_FACTOR_INTERACTION,4,0,10,10,INSUFFICIENT_SCENARIO_HISTORY,WAIT_FOR_SCENARIO_HISTORY,WAIT_FOR_SCENARIO_HISTORY,UNEXPLORED_35 does not currently have sufficient scenario history for immediate OOS research.,31
BATCH_031,P3,P3,LOW,UNEXPLORED_35,CHOPPY,82ce59f078fed6c1,TRACK_C_REGIME_AWARE,4,0,10,10,INSUFFICIENT_SCENARIO_HISTORY,WAIT_FOR_SCENARIO_HISTORY,WAIT_FOR_SCENARIO_HISTORY,UNEXPLORED_35 does not currently have sufficient scenario history for immediate OOS research.,31
BATCH_031,P3,P3,LOW,UNEXPLORED_35,CHOPPY,82ce59f078fed6c1,TRACK_C_SCENARIO_WEAPON,4,0,10,10,INSUFFICIENT_SCENARIO_HISTORY,WAIT_FOR_SCENARIO_HISTORY,WAIT_FOR_SCENARIO_HISTORY,UNEXPLORED_35 does not currently have sufficient scenario history for immediate OOS research.,31
BATCH_032,P3,P3,LOW,UNEXPLORED_36,TREND_UP,92a560e6db252f77,TRACK_B_BASELINE_FAILURE,2,0,10,10,INSUFFICIENT_SCENARIO_HISTORY,WAIT_FOR_SCENARIO_HISTORY,WAIT_FOR_SCENARIO_HISTORY,UNEXPLORED_36 does not currently have sufficient scenario history for immediate OOS research.,32
BATCH_032,P3,P3,LOW,UNEXPLORED_36,TREND_UP,92a560e6db252f77,TRACK_B_CONDITIONAL_SCORE,2,0,10,10,INSUFFICIENT_SCENARIO_HISTORY,WAIT_FOR_SCENARIO_HISTORY,WAIT_FOR_SCENARIO_HISTORY,UNEXPLORED_36 does not currently have sufficient scenario history for immediate OOS research.,32
BATCH_032,P3,P3,LOW,UNEXPLORED_36,TREND_UP,92a560e6db252f77,TRACK_B_FACTOR_AGREEMENT,2,0,10,10,INSUFFICIENT_SCENARIO_HISTORY,WAIT_FOR_SCENARIO_HISTORY,WAIT_FOR_SCENARIO_HISTORY,UNEXPLORED_36 does not currently have sufficient scenario history for immediate OOS research.,32
BATCH_032,P3,P3,LOW,UNEXPLORED_36,TREND_UP,92a560e6db252f77,TRACK_C_FACTOR_INTERACTION,2,0,10,10,INSUFFICIENT_SCENARIO_HISTORY,WAIT_FOR_SCENARIO_HISTORY,WAIT_FOR_SCENARIO_HISTORY,UNEXPLORED_36 does not currently have sufficient scenario history for immediate OOS research.,32
BATCH_032,P3,P3,LOW,UNEXPLORED_36,TREND_UP,92a560e6db252f77,TRACK_C_REGIME_AWARE,2,0,10,10,INSUFFICIENT_SCENARIO_HISTORY,WAIT_FOR_SCENARIO_HISTORY,WAIT_FOR_SCENARIO_HISTORY,UNEXPLORED_36 does not currently have sufficient scenario history for immediate OOS research.,32
BATCH_032,P3,P3,LOW,UNEXPLORED_36,TREND_UP,92a560e6db252f77,TRACK_C_SCENARIO_WEAPON,2,0,10,10,INSUFFICIENT_SCENARIO_HISTORY,WAIT_FOR_SCENARIO_HISTORY,WAIT_FOR_SCENARIO_HISTORY,UNEXPLORED_36 does not currently have sufficient scenario history for immediate OOS research.,32
BATCH_033,P3,P3,LOW,UNEXPLORED_37,TREND_DOWN,d247e2b79d79bbff,TRACK_B_BASELINE_FAILURE,1,0,10,10,INSUFFICIENT_SCENARIO_HISTORY,WAIT_FOR_SCENARIO_HISTORY,WAIT_FOR_SCENARIO_HISTORY,UNEXPLORED_37 does not currently have sufficient scenario history for immediate OOS research.,33
BATCH_033,P3,P3,LOW,UNEXPLORED_37,TREND_DOWN,d247e2b79d79bbff,TRACK_B_CONDITIONAL_SCORE,1,0,10,10,INSUFFICIENT_SCENARIO_HISTORY,WAIT_FOR_SCENARIO_HISTORY,WAIT_FOR_SCENARIO_HISTORY,UNEXPLORED_37 does not currently have sufficient scenario history for immediate OOS research.,33
BATCH_033,P3,P3,LOW,UNEXPLORED_37,TREND_DOWN,d247e2b79d79bbff,TRACK_B_FACTOR_AGREEMENT,1,0,10,10,INSUFFICIENT_SCENARIO_HISTORY,WAIT_FOR_SCENARIO_HISTORY,WAIT_FOR_SCENARIO_HISTORY,UNEXPLORED_37 does not currently have sufficient scenario history for immediate OOS research.,33
BATCH_033,P3,P3,LOW,UNEXPLORED_37,TREND_DOWN,d247e2b79d79bbff,TRACK_C_FACTOR_INTERACTION,1,0,10,10,INSUFFICIENT_SCENARIO_HISTORY,WAIT_FOR_SCENARIO_HISTORY,WAIT_FOR_SCENARIO_HISTORY,UNEXPLORED_37 does not currently have sufficient scenario history for immediate OOS research.,33
BATCH_033,P3,P3,LOW,UNEXPLORED_37,TREND_DOWN,d247e2b79d79bbff,TRACK_C_REGIME_AWARE,1,0,10,10,INSUFFICIENT_SCENARIO_HISTORY,WAIT_FOR_SCENARIO_HISTORY,WAIT_FOR_SCENARIO_HISTORY,UNEXPLORED_37 does not currently have sufficient scenario history for immediate OOS research.,33
BATCH_033,P3,P3,LOW,UNEXPLORED_37,TREND_DOWN,d247e2b79d79bbff,TRACK_C_SCENARIO_WEAPON,1,0,10,10,INSUFFICIENT_SCENARIO_HISTORY,WAIT_FOR_SCENARIO_HISTORY,WAIT_FOR_SCENARIO_HISTORY,UNEXPLORED_37 does not currently have sufficient scenario history for immediate OOS research.,33
BATCH_034,P3,P3,LOW,UNEXPLORED_38,TREND_UP,ec5942bbf1e99e3c,TRACK_B_BASELINE_FAILURE,1,0,10,10,INSUFFICIENT_SCENARIO_HISTORY,WAIT_FOR_SCENARIO_HISTORY,WAIT_FOR_SCENARIO_HISTORY,UNEXPLORED_38 does not currently have sufficient scenario history for immediate OOS research.,34
BATCH_034,P3,P3,LOW,UNEXPLORED_38,TREND_UP,ec5942bbf1e99e3c,TRACK_B_CONDITIONAL_SCORE,1,0,10,10,INSUFFICIENT_SCENARIO_HISTORY,WAIT_FOR_SCENARIO_HISTORY,WAIT_FOR_SCENARIO_HISTORY,UNEXPLORED_38 does not currently have sufficient scenario history for immediate OOS research.,34
BATCH_034,P3,P3,LOW,UNEXPLORED_38,TREND_UP,ec5942bbf1e99e3c,TRACK_B_FACTOR_AGREEMENT,1,0,10,10,INSUFFICIENT_SCENARIO_HISTORY,WAIT_FOR_SCENARIO_HISTORY,WAIT_FOR_SCENARIO_HISTORY,UNEXPLORED_38 does not currently have sufficient scenario history for immediate OOS research.,34
BATCH_034,P3,P3,LOW,UNEXPLORED_38,TREND_UP,ec5942bbf1e99e3c,TRACK_C_FACTOR_INTERACTION,1,0,10,10,INSUFFICIENT_SCENARIO_HISTORY,WAIT_FOR_SCENARIO_HISTORY,WAIT_FOR_SCENARIO_HISTORY,UNEXPLORED_38 does not currently have sufficient scenario history for immediate OOS research.,34
BATCH_034,P3,P3,LOW,UNEXPLORED_38,TREND_UP,ec5942bbf1e99e3c,TRACK_C_REGIME_AWARE,1,0,10,10,INSUFFICIENT_SCENARIO_HISTORY,WAIT_FOR_SCENARIO_HISTORY,WAIT_FOR_SCENARIO_HISTORY,UNEXPLORED_38 does not currently have sufficient scenario history for immediate OOS research.,34
BATCH_034,P3,P3,LOW,UNEXPLORED_38,TREND_UP,ec5942bbf1e99e3c,TRACK_C_SCENARIO_WEAPON,1,0,10,10,INSUFFICIENT_SCENARIO_HISTORY,WAIT_FOR_SCENARIO_HISTORY,WAIT_FOR_SCENARIO_HISTORY,UNEXPLORED_38 does not currently have sufficient scenario history for immediate OOS research.,34
BATCH_035,P3,P3,LOW,UNEXPLORED_39,HIGH_VOL,60b2829a0cf4b20d,TRACK_B_BASELINE_FAILURE,2,0,10,10,INSUFFICIENT_SCENARIO_HISTORY,WAIT_FOR_SCENARIO_HISTORY,WAIT_FOR_SCENARIO_HISTORY,UNEXPLORED_39 does not currently have sufficient scenario history for immediate OOS research.,35
BATCH_035,P3,P3,LOW,UNEXPLORED_39,HIGH_VOL,60b2829a0cf4b20d,TRACK_B_CONDITIONAL_SCORE,2,0,10,10,INSUFFICIENT_SCENARIO_HISTORY,WAIT_FOR_SCENARIO_HISTORY,WAIT_FOR_SCENARIO_HISTORY,UNEXPLORED_39 does not currently have sufficient scenario history for immediate OOS research.,35
BATCH_035,P3,P3,LOW,UNEXPLORED_39,HIGH_VOL,60b2829a0cf4b20d,TRACK_B_FACTOR_AGREEMENT,2,0,10,10,INSUFFICIENT_SCENARIO_HISTORY,WAIT_FOR_SCENARIO_HISTORY,WAIT_FOR_SCENARIO_HISTORY,UNEXPLORED_39 does not currently have sufficient scenario history for immediate OOS research.,35
BATCH_035,P3,P3,LOW,UNEXPLORED_39,HIGH_VOL,60b2829a0cf4b20d,TRACK_C_FACTOR_INTERACTION,2,0,10,10,INSUFFICIENT_SCENARIO_HISTORY,WAIT_FOR_SCENARIO_HISTORY,WAIT_FOR_SCENARIO_HISTORY,UNEXPLORED_39 does not currently have sufficient scenario history for immediate OOS research.,35
BATCH_035,P3,P3,LOW,UNEXPLORED_39,HIGH_VOL,60b2829a0cf4b20d,TRACK_C_REGIME_AWARE,2,0,10,10,INSUFFICIENT_SCENARIO_HISTORY,WAIT_FOR_SCENARIO_HISTORY,WAIT_FOR_SCENARIO_HISTORY,UNEXPLORED_39 does not currently have sufficient scenario history for immediate OOS research.,35
BATCH_035,P3,P3,LOW,UNEXPLORED_39,HIGH_VOL,60b2829a0cf4b20d,TRACK_C_SCENARIO_WEAPON,2,0,10,10,INSUFFICIENT_SCENARIO_HISTORY,WAIT_FOR_SCENARIO_HISTORY,WAIT_FOR_SCENARIO_HISTORY,UNEXPLORED_39 does not currently have sufficient scenario history for immediate OOS research.,35
BATCH_036,P3,P3,LOW,UNEXPLORED_4,FLAT,e9bef98c2da50652,TRACK_B_BASELINE_FAILURE,1,0,10,10,INSUFFICIENT_SCENARIO_HISTORY,WAIT_FOR_SCENARIO_HISTORY,WAIT_FOR_SCENARIO_HISTORY,UNEXPLORED_4 does not currently have sufficient scenario history for immediate OOS research.,36
BATCH_036,P3,P3,LOW,UNEXPLORED_4,FLAT,e9bef98c2da50652,TRACK_B_CONDITIONAL_SCORE,1,0,10,10,INSUFFICIENT_SCENARIO_HISTORY,WAIT_FOR_SCENARIO_HISTORY,WAIT_FOR_SCENARIO_HISTORY,UNEXPLORED_4 does not currently have sufficient scenario history for immediate OOS research.,36
BATCH_036,P3,P3,LOW,UNEXPLORED_4,FLAT,e9bef98c2da50652,TRACK_B_FACTOR_AGREEMENT,1,0,10,10,INSUFFICIENT_SCENARIO_HISTORY,WAIT_FOR_SCENARIO_HISTORY,WAIT_FOR_SCENARIO_HISTORY,UNEXPLORED_4 does not currently have sufficient scenario history for immediate OOS research.,36
BATCH_036,P3,P3,LOW,UNEXPLORED_4,FLAT,e9bef98c2da50652,TRACK_C_FACTOR_INTERACTION,1,0,10,10,INSUFFICIENT_SCENARIO_HISTORY,WAIT_FOR_SCENARIO_HISTORY,WAIT_FOR_SCENARIO_HISTORY,UNEXPLORED_4 does not currently have sufficient scenario history for immediate OOS research.,36
BATCH_036,P3,P3,LOW,UNEXPLORED_4,FLAT,e9bef98c2da50652,TRACK_C_REGIME_AWARE,1,0,10,10,INSUFFICIENT_SCENARIO_HISTORY,WAIT_FOR_SCENARIO_HISTORY,WAIT_FOR_SCENARIO_HISTORY,UNEXPLORED_4 does not currently have sufficient scenario history for immediate OOS research.,36
BATCH_036,P3,P3,LOW,UNEXPLORED_4,FLAT,e9bef98c2da50652,TRACK_C_SCENARIO_WEAPON,1,0,10,10,INSUFFICIENT_SCENARIO_HISTORY,WAIT_FOR_SCENARIO_HISTORY,WAIT_FOR_SCENARIO_HISTORY,UNEXPLORED_4 does not currently have sufficient scenario history for immediate OOS research.,36
BATCH_037,P3,P3,LOW,UNEXPLORED_40,HIGH_VOL,0c9a77d1b82b9eb1,TRACK_B_BASELINE_FAILURE,2,0,10,10,INSUFFICIENT_SCENARIO_HISTORY,WAIT_FOR_SCENARIO_HISTORY,WAIT_FOR_SCENARIO_HISTORY,UNEXPLORED_40 does not currently have sufficient scenario history for immediate OOS research.,37
BATCH_037,P3,P3,LOW,UNEXPLORED_40,HIGH_VOL,0c9a77d1b82b9eb1,TRACK_B_CONDITIONAL_SCORE,2,0,10,10,INSUFFICIENT_SCENARIO_HISTORY,WAIT_FOR_SCENARIO_HISTORY,WAIT_FOR_SCENARIO_HISTORY,UNEXPLORED_40 does not currently have sufficient scenario history for immediate OOS research.,37
BATCH_037,P3,P3,LOW,UNEXPLORED_40,HIGH_VOL,0c9a77d1b82b9eb1,TRACK_B_FACTOR_AGREEMENT,2,0,10,10,INSUFFICIENT_SCENARIO_HISTORY,WAIT_FOR_SCENARIO_HISTORY,WAIT_FOR_SCENARIO_HISTORY,UNEXPLORED_40 does not currently have sufficient scenario history for immediate OOS research.,37
BATCH_037,P3,P3,LOW,UNEXPLORED_40,HIGH_VOL,0c9a77d1b82b9eb1,TRACK_C_FACTOR_INTERACTION,2,0,10,10,INSUFFICIENT_SCENARIO_HISTORY,WAIT_FOR_SCENARIO_HISTORY,WAIT_FOR_SCENARIO_HISTORY,UNEXPLORED_40 does not currently have sufficient scenario history for immediate OOS research.,37
BATCH_037,P3,P3,LOW,UNEXPLORED_40,HIGH_VOL,0c9a77d1b82b9eb1,TRACK_C_REGIME_AWARE,2,0,10,10,INSUFFICIENT_SCENARIO_HISTORY,WAIT_FOR_SCENARIO_HISTORY,WAIT_FOR_SCENARIO_HISTORY,UNEXPLORED_40 does not currently have sufficient scenario history for immediate OOS research.,37
BATCH_037,P3,P3,LOW,UNEXPLORED_40,HIGH_VOL,0c9a77d1b82b9eb1,TRACK_C_SCENARIO_WEAPON,2,0,10,10,INSUFFICIENT_SCENARIO_HISTORY,WAIT_FOR_SCENARIO_HISTORY,WAIT_FOR_SCENARIO_HISTORY,UNEXPLORED_40 does not currently have sufficient scenario history for immediate OOS research.,37
BATCH_038,P3,P3,LOW,UNEXPLORED_41,HIGH_VOL,3ae33daf9fd2cc89,TRACK_B_BASELINE_FAILURE,1,0,10,10,INSUFFICIENT_SCENARIO_HISTORY,WAIT_FOR_SCENARIO_HISTORY,WAIT_FOR_SCENARIO_HISTORY,UNEXPLORED_41 does not currently have sufficient scenario history for immediate OOS research.,38
BATCH_038,P3,P3,LOW,UNEXPLORED_41,HIGH_VOL,3ae33daf9fd2cc89,TRACK_B_CONDITIONAL_SCORE,1,0,10,10,INSUFFICIENT_SCENARIO_HISTORY,WAIT_FOR_SCENARIO_HISTORY,WAIT_FOR_SCENARIO_HISTORY,UNEXPLORED_41 does not currently have sufficient scenario history for immediate OOS research.,38
BATCH_038,P3,P3,LOW,UNEXPLORED_41,HIGH_VOL,3ae33daf9fd2cc89,TRACK_B_FACTOR_AGREEMENT,1,0,10,10,INSUFFICIENT_SCENARIO_HISTORY,WAIT_FOR_SCENARIO_HISTORY,WAIT_FOR_SCENARIO_HISTORY,UNEXPLORED_41 does not currently have sufficient scenario history for immediate OOS research.,38
BATCH_038,P3,P3,LOW,UNEXPLORED_41,HIGH_VOL,3ae33daf9fd2cc89,TRACK_C_FACTOR_INTERACTION,1,0,10,10,INSUFFICIENT_SCENARIO_HISTORY,WAIT_FOR_SCENARIO_HISTORY,WAIT_FOR_SCENARIO_HISTORY,UNEXPLORED_41 does not currently have sufficient scenario history for immediate OOS research.,38
BATCH_038,P3,P3,LOW,UNEXPLORED_41,HIGH_VOL,3ae33daf9fd2cc89,TRACK_C_REGIME_AWARE,1,0,10,10,INSUFFICIENT_SCENARIO_HISTORY,WAIT_FOR_SCENARIO_HISTORY,WAIT_FOR_SCENARIO_HISTORY,UNEXPLORED_41 does not currently have sufficient scenario history for immediate OOS research.,38
BATCH_038,P3,P3,LOW,UNEXPLORED_41,HIGH_VOL,3ae33daf9fd2cc89,TRACK_C_SCENARIO_WEAPON,1,0,10,10,INSUFFICIENT_SCENARIO_HISTORY,WAIT_FOR_SCENARIO_HISTORY,WAIT_FOR_SCENARIO_HISTORY,UNEXPLORED_41 does not currently have sufficient scenario history for immediate OOS research.,38
BATCH_039,P3,P3,LOW,UNEXPLORED_42,TREND_UP,58890405cc7b814b,TRACK_B_BASELINE_FAILURE,3,0,10,10,INSUFFICIENT_SCENARIO_HISTORY,WAIT_FOR_SCENARIO_HISTORY,WAIT_FOR_SCENARIO_HISTORY,UNEXPLORED_42 does not currently have sufficient scenario history for immediate OOS research.,39
BATCH_039,P3,P3,LOW,UNEXPLORED_42,TREND_UP,58890405cc7b814b,TRACK_B_CONDITIONAL_SCORE,3,0,10,10,INSUFFICIENT_SCENARIO_HISTORY,WAIT_FOR_SCENARIO_HISTORY,WAIT_FOR_SCENARIO_HISTORY,UNEXPLORED_42 does not currently have sufficient scenario history for immediate OOS research.,39
BATCH_039,P3,P3,LOW,UNEXPLORED_42,TREND_UP,58890405cc7b814b,TRACK_B_FACTOR_AGREEMENT,3,0,10,10,INSUFFICIENT_SCENARIO_HISTORY,WAIT_FOR_SCENARIO_HISTORY,WAIT_FOR_SCENARIO_HISTORY,UNEXPLORED_42 does not currently have sufficient scenario history for immediate OOS research.,39
BATCH_039,P3,P3,LOW,UNEXPLORED_42,TREND_UP,58890405cc7b814b,TRACK_C_FACTOR_INTERACTION,3,0,10,10,INSUFFICIENT_SCENARIO_HISTORY,WAIT_FOR_SCENARIO_HISTORY,WAIT_FOR_SCENARIO_HISTORY,UNEXPLORED_42 does not currently have sufficient scenario history for immediate OOS research.,39
BATCH_039,P3,P3,LOW,UNEXPLORED_42,TREND_UP,58890405cc7b814b,TRACK_C_REGIME_AWARE,3,0,10,10,INSUFFICIENT_SCENARIO_HISTORY,WAIT_FOR_SCENARIO_HISTORY,WAIT_FOR_SCENARIO_HISTORY,UNEXPLORED_42 does not currently have sufficient scenario history for immediate OOS research.,39
BATCH_039,P3,P3,LOW,UNEXPLORED_42,TREND_UP,58890405cc7b814b,TRACK_C_SCENARIO_WEAPON,3,0,10,10,INSUFFICIENT_SCENARIO_HISTORY,WAIT_FOR_SCENARIO_HISTORY,WAIT_FOR_SCENARIO_HISTORY,UNEXPLORED_42 does not currently have sufficient scenario history for immediate OOS research.,39
BATCH_040,P3,P3,LOW,UNEXPLORED_43,TREND_UP,4118ac72c4d880f1,TRACK_B_BASELINE_FAILURE,4,0,10,10,INSUFFICIENT_SCENARIO_HISTORY,WAIT_FOR_SCENARIO_HISTORY,WAIT_FOR_SCENARIO_HISTORY,UNEXPLORED_43 does not currently have sufficient scenario history for immediate OOS research.,40
BATCH_040,P3,P3,LOW,UNEXPLORED_43,TREND_UP,4118ac72c4d880f1,TRACK_B_CONDITIONAL_SCORE,4,0,10,10,INSUFFICIENT_SCENARIO_HISTORY,WAIT_FOR_SCENARIO_HISTORY,WAIT_FOR_SCENARIO_HISTORY,UNEXPLORED_43 does not currently have sufficient scenario history for immediate OOS research.,40
BATCH_040,P3,P3,LOW,UNEXPLORED_43,TREND_UP,4118ac72c4d880f1,TRACK_B_FACTOR_AGREEMENT,4,0,10,10,INSUFFICIENT_SCENARIO_HISTORY,WAIT_FOR_SCENARIO_HISTORY,WAIT_FOR_SCENARIO_HISTORY,UNEXPLORED_43 does not currently have sufficient scenario history for immediate OOS research.,40
BATCH_040,P3,P3,LOW,UNEXPLORED_43,TREND_UP,4118ac72c4d880f1,TRACK_C_FACTOR_INTERACTION,4,0,10,10,INSUFFICIENT_SCENARIO_HISTORY,WAIT_FOR_SCENARIO_HISTORY,WAIT_FOR_SCENARIO_HISTORY,UNEXPLORED_43 does not currently have sufficient scenario history for immediate OOS research.,40
BATCH_040,P3,P3,LOW,UNEXPLORED_43,TREND_UP,4118ac72c4d880f1,TRACK_C_REGIME_AWARE,4,0,10,10,INSUFFICIENT_SCENARIO_HISTORY,WAIT_FOR_SCENARIO_HISTORY,WAIT_FOR_SCENARIO_HISTORY,UNEXPLORED_43 does not currently have sufficient scenario history for immediate OOS research.,40
BATCH_040,P3,P3,LOW,UNEXPLORED_43,TREND_UP,4118ac72c4d880f1,TRACK_C_SCENARIO_WEAPON,4,0,10,10,INSUFFICIENT_SCENARIO_HISTORY,WAIT_FOR_SCENARIO_HISTORY,WAIT_FOR_SCENARIO_HISTORY,UNEXPLORED_43 does not currently have sufficient scenario history for immediate OOS research.,40
BATCH_041,P3,P3,LOW,UNEXPLORED_44,TREND_DOWN,79c3c63ae1d8c9ec,TRACK_B_BASELINE_FAILURE,1,0,10,10,INSUFFICIENT_SCENARIO_HISTORY,WAIT_FOR_SCENARIO_HISTORY,WAIT_FOR_SCENARIO_HISTORY,UNEXPLORED_44 does not currently have sufficient scenario history for immediate OOS research.,41
BATCH_041,P3,P3,LOW,UNEXPLORED_44,TREND_DOWN,79c3c63ae1d8c9ec,TRACK_B_CONDITIONAL_SCORE,1,0,10,10,INSUFFICIENT_SCENARIO_HISTORY,WAIT_FOR_SCENARIO_HISTORY,WAIT_FOR_SCENARIO_HISTORY,UNEXPLORED_44 does not currently have sufficient scenario history for immediate OOS research.,41
BATCH_041,P3,P3,LOW,UNEXPLORED_44,TREND_DOWN,79c3c63ae1d8c9ec,TRACK_B_FACTOR_AGREEMENT,1,0,10,10,INSUFFICIENT_SCENARIO_HISTORY,WAIT_FOR_SCENARIO_HISTORY,WAIT_FOR_SCENARIO_HISTORY,UNEXPLORED_44 does not currently have sufficient scenario history for immediate OOS research.,41
BATCH_041,P3,P3,LOW,UNEXPLORED_44,TREND_DOWN,79c3c63ae1d8c9ec,TRACK_C_FACTOR_INTERACTION,1,0,10,10,INSUFFICIENT_SCENARIO_HISTORY,WAIT_FOR_SCENARIO_HISTORY,WAIT_FOR_SCENARIO_HISTORY,UNEXPLORED_44 does not currently have sufficient scenario history for immediate OOS research.,41
BATCH_041,P3,P3,LOW,UNEXPLORED_44,TREND_DOWN,79c3c63ae1d8c9ec,TRACK_C_REGIME_AWARE,1,0,10,10,INSUFFICIENT_SCENARIO_HISTORY,WAIT_FOR_SCENARIO_HISTORY,WAIT_FOR_SCENARIO_HISTORY,UNEXPLORED_44 does not currently have sufficient scenario history for immediate OOS research.,41
BATCH_041,P3,P3,LOW,UNEXPLORED_44,TREND_DOWN,79c3c63ae1d8c9ec,TRACK_C_SCENARIO_WEAPON,1,0,10,10,INSUFFICIENT_SCENARIO_HISTORY,WAIT_FOR_SCENARIO_HISTORY,WAIT_FOR_SCENARIO_HISTORY,UNEXPLORED_44 does not currently have sufficient scenario history for immediate OOS research.,41
BATCH_042,P3,P3,LOW,UNEXPLORED_45,TREND_UP,d6359b8ab950e757,TRACK_B_BASELINE_FAILURE,1,0,10,10,INSUFFICIENT_SCENARIO_HISTORY,WAIT_FOR_SCENARIO_HISTORY,WAIT_FOR_SCENARIO_HISTORY,UNEXPLORED_45 does not currently have sufficient scenario history for immediate OOS research.,42
BATCH_042,P3,P3,LOW,UNEXPLORED_45,TREND_UP,d6359b8ab950e757,TRACK_B_CONDITIONAL_SCORE,1,0,10,10,INSUFFICIENT_SCENARIO_HISTORY,WAIT_FOR_SCENARIO_HISTORY,WAIT_FOR_SCENARIO_HISTORY,UNEXPLORED_45 does not currently have sufficient scenario history for immediate OOS research.,42
BATCH_042,P3,P3,LOW,UNEXPLORED_45,TREND_UP,d6359b8ab950e757,TRACK_B_FACTOR_AGREEMENT,1,0,10,10,INSUFFICIENT_SCENARIO_HISTORY,WAIT_FOR_SCENARIO_HISTORY,WAIT_FOR_SCENARIO_HISTORY,UNEXPLORED_45 does not currently have sufficient scenario history for immediate OOS research.,42
BATCH_042,P3,P3,LOW,UNEXPLORED_45,TREND_UP,d6359b8ab950e757,TRACK_C_FACTOR_INTERACTION,1,0,10,10,INSUFFICIENT_SCENARIO_HISTORY,WAIT_FOR_SCENARIO_HISTORY,WAIT_FOR_SCENARIO_HISTORY,UNEXPLORED_45 does not currently have sufficient scenario history for immediate OOS research.,42
BATCH_042,P3,P3,LOW,UNEXPLORED_45,TREND_UP,d6359b8ab950e757,TRACK_C_REGIME_AWARE,1,0,10,10,INSUFFICIENT_SCENARIO_HISTORY,WAIT_FOR_SCENARIO_HISTORY,WAIT_FOR_SCENARIO_HISTORY,UNEXPLORED_45 does not currently have sufficient scenario history for immediate OOS research.,42
BATCH_042,P3,P3,LOW,UNEXPLORED_45,TREND_UP,d6359b8ab950e757,TRACK_C_SCENARIO_WEAPON,1,0,10,10,INSUFFICIENT_SCENARIO_HISTORY,WAIT_FOR_SCENARIO_HISTORY,WAIT_FOR_SCENARIO_HISTORY,UNEXPLORED_45 does not currently have sufficient scenario history for immediate OOS research.,42
BATCH_043,P3,P3,LOW,UNEXPLORED_46,CHOPPY,9e7e6af0fb384ff0,TRACK_B_BASELINE_FAILURE,2,0,10,10,INSUFFICIENT_SCENARIO_HISTORY,WAIT_FOR_SCENARIO_HISTORY,WAIT_FOR_SCENARIO_HISTORY,UNEXPLORED_46 does not currently have sufficient scenario history for immediate OOS research.,43
BATCH_043,P3,P3,LOW,UNEXPLORED_46,CHOPPY,9e7e6af0fb384ff0,TRACK_B_CONDITIONAL_SCORE,2,0,10,10,INSUFFICIENT_SCENARIO_HISTORY,WAIT_FOR_SCENARIO_HISTORY,WAIT_FOR_SCENARIO_HISTORY,UNEXPLORED_46 does not currently have sufficient scenario history for immediate OOS research.,43
BATCH_043,P3,P3,LOW,UNEXPLORED_46,CHOPPY,9e7e6af0fb384ff0,TRACK_B_FACTOR_AGREEMENT,2,0,10,10,INSUFFICIENT_SCENARIO_HISTORY,WAIT_FOR_SCENARIO_HISTORY,WAIT_FOR_SCENARIO_HISTORY,UNEXPLORED_46 does not currently have sufficient scenario history for immediate OOS research.,43
BATCH_043,P3,P3,LOW,UNEXPLORED_46,CHOPPY,9e7e6af0fb384ff0,TRACK_C_FACTOR_INTERACTION,2,0,10,10,INSUFFICIENT_SCENARIO_HISTORY,WAIT_FOR_SCENARIO_HISTORY,WAIT_FOR_SCENARIO_HISTORY,UNEXPLORED_46 does not currently have sufficient scenario history for immediate OOS research.,43
BATCH_043,P3,P3,LOW,UNEXPLORED_46,CHOPPY,9e7e6af0fb384ff0,TRACK_C_REGIME_AWARE,2,0,10,10,INSUFFICIENT_SCENARIO_HISTORY,WAIT_FOR_SCENARIO_HISTORY,WAIT_FOR_SCENARIO_HISTORY,UNEXPLORED_46 does not currently have sufficient scenario history for immediate OOS research.,43
BATCH_043,P3,P3,LOW,UNEXPLORED_46,CHOPPY,9e7e6af0fb384ff0,TRACK_C_SCENARIO_WEAPON,2,0,10,10,INSUFFICIENT_SCENARIO_HISTORY,WAIT_FOR_SCENARIO_HISTORY,WAIT_FOR_SCENARIO_HISTORY,UNEXPLORED_46 does not currently have sufficient scenario history for immediate OOS research.,43
BATCH_044,P3,P3,LOW,UNEXPLORED_47,CHOPPY,84073d217eb96862,TRACK_B_BASELINE_FAILURE,1,0,10,10,INSUFFICIENT_SCENARIO_HISTORY,WAIT_FOR_SCENARIO_HISTORY,WAIT_FOR_SCENARIO_HISTORY,UNEXPLORED_47 does not currently have sufficient scenario history for immediate OOS research.,44
BATCH_044,P3,P3,LOW,UNEXPLORED_47,CHOPPY,84073d217eb96862,TRACK_B_CONDITIONAL_SCORE,1,0,10,10,INSUFFICIENT_SCENARIO_HISTORY,WAIT_FOR_SCENARIO_HISTORY,WAIT_FOR_SCENARIO_HISTORY,UNEXPLORED_47 does not currently have sufficient scenario history for immediate OOS research.,44
BATCH_044,P3,P3,LOW,UNEXPLORED_47,CHOPPY,84073d217eb96862,TRACK_B_FACTOR_AGREEMENT,1,0,10,10,INSUFFICIENT_SCENARIO_HISTORY,WAIT_FOR_SCENARIO_HISTORY,WAIT_FOR_SCENARIO_HISTORY,UNEXPLORED_47 does not currently have sufficient scenario history for immediate OOS research.,44
BATCH_044,P3,P3,LOW,UNEXPLORED_47,CHOPPY,84073d217eb96862,TRACK_C_FACTOR_INTERACTION,1,0,10,10,INSUFFICIENT_SCENARIO_HISTORY,WAIT_FOR_SCENARIO_HISTORY,WAIT_FOR_SCENARIO_HISTORY,UNEXPLORED_47 does not currently have sufficient scenario history for immediate OOS research.,44
BATCH_044,P3,P3,LOW,UNEXPLORED_47,CHOPPY,84073d217eb96862,TRACK_C_REGIME_AWARE,1,0,10,10,INSUFFICIENT_SCENARIO_HISTORY,WAIT_FOR_SCENARIO_HISTORY,WAIT_FOR_SCENARIO_HISTORY,UNEXPLORED_47 does not currently have sufficient scenario history for immediate OOS research.,44
BATCH_044,P3,P3,LOW,UNEXPLORED_47,CHOPPY,84073d217eb96862,TRACK_C_SCENARIO_WEAPON,1,0,10,10,INSUFFICIENT_SCENARIO_HISTORY,WAIT_FOR_SCENARIO_HISTORY,WAIT_FOR_SCENARIO_HISTORY,UNEXPLORED_47 does not currently have sufficient scenario history for immediate OOS research.,44
BATCH_045,P3,P3,LOW,UNEXPLORED_48,LOW_VOL,c80defeab6d188b3,TRACK_B_BASELINE_FAILURE,8,0,10,10,INSUFFICIENT_SCENARIO_HISTORY,WAIT_FOR_SCENARIO_HISTORY,WAIT_FOR_SCENARIO_HISTORY,UNEXPLORED_48 does not currently have sufficient scenario history for immediate OOS research.,45
BATCH_045,P3,P3,LOW,UNEXPLORED_48,LOW_VOL,c80defeab6d188b3,TRACK_B_CONDITIONAL_SCORE,8,0,10,10,INSUFFICIENT_SCENARIO_HISTORY,WAIT_FOR_SCENARIO_HISTORY,WAIT_FOR_SCENARIO_HISTORY,UNEXPLORED_48 does not currently have sufficient scenario history for immediate OOS research.,45
BATCH_045,P3,P3,LOW,UNEXPLORED_48,LOW_VOL,c80defeab6d188b3,TRACK_B_FACTOR_AGREEMENT,8,0,10,10,INSUFFICIENT_SCENARIO_HISTORY,WAIT_FOR_SCENARIO_HISTORY,WAIT_FOR_SCENARIO_HISTORY,UNEXPLORED_48 does not currently have sufficient scenario history for immediate OOS research.,45
BATCH_045,P3,P3,LOW,UNEXPLORED_48,LOW_VOL,c80defeab6d188b3,TRACK_C_FACTOR_INTERACTION,8,0,10,10,INSUFFICIENT_SCENARIO_HISTORY,WAIT_FOR_SCENARIO_HISTORY,WAIT_FOR_SCENARIO_HISTORY,UNEXPLORED_48 does not currently have sufficient scenario history for immediate OOS research.,45
BATCH_045,P3,P3,LOW,UNEXPLORED_48,LOW_VOL,c80defeab6d188b3,TRACK_C_REGIME_AWARE,8,0,10,10,INSUFFICIENT_SCENARIO_HISTORY,WAIT_FOR_SCENARIO_HISTORY,WAIT_FOR_SCENARIO_HISTORY,UNEXPLORED_48 does not currently have sufficient scenario history for immediate OOS research.,45
BATCH_045,P3,P3,LOW,UNEXPLORED_48,LOW_VOL,c80defeab6d188b3,TRACK_C_SCENARIO_WEAPON,8,0,10,10,INSUFFICIENT_SCENARIO_HISTORY,WAIT_FOR_SCENARIO_HISTORY,WAIT_FOR_SCENARIO_HISTORY,UNEXPLORED_48 does not currently have sufficient scenario history for immediate OOS research.,45
BATCH_046,P3,P3,LOW,UNEXPLORED_49,LOW_VOL,54272f837f9338fd,TRACK_B_BASELINE_FAILURE,4,0,10,10,INSUFFICIENT_SCENARIO_HISTORY,WAIT_FOR_SCENARIO_HISTORY,WAIT_FOR_SCENARIO_HISTORY,UNEXPLORED_49 does not currently have sufficient scenario history for immediate OOS research.,46
BATCH_046,P3,P3,LOW,UNEXPLORED_49,LOW_VOL,54272f837f9338fd,TRACK_B_CONDITIONAL_SCORE,4,0,10,10,INSUFFICIENT_SCENARIO_HISTORY,WAIT_FOR_SCENARIO_HISTORY,WAIT_FOR_SCENARIO_HISTORY,UNEXPLORED_49 does not currently have sufficient scenario history for immediate OOS research.,46
BATCH_046,P3,P3,LOW,UNEXPLORED_49,LOW_VOL,54272f837f9338fd,TRACK_B_FACTOR_AGREEMENT,4,0,10,10,INSUFFICIENT_SCENARIO_HISTORY,WAIT_FOR_SCENARIO_HISTORY,WAIT_FOR_SCENARIO_HISTORY,UNEXPLORED_49 does not currently have sufficient scenario history for immediate OOS research.,46
BATCH_046,P3,P3,LOW,UNEXPLORED_49,LOW_VOL,54272f837f9338fd,TRACK_C_FACTOR_INTERACTION,4,0,10,10,INSUFFICIENT_SCENARIO_HISTORY,WAIT_FOR_SCENARIO_HISTORY,WAIT_FOR_SCENARIO_HISTORY,UNEXPLORED_49 does not currently have sufficient scenario history for immediate OOS research.,46
BATCH_046,P3,P3,LOW,UNEXPLORED_49,LOW_VOL,54272f837f9338fd,TRACK_C_REGIME_AWARE,4,0,10,10,INSUFFICIENT_SCENARIO_HISTORY,WAIT_FOR_SCENARIO_HISTORY,WAIT_FOR_SCENARIO_HISTORY,UNEXPLORED_49 does not currently have sufficient scenario history for immediate OOS research.,46
BATCH_046,P3,P3,LOW,UNEXPLORED_49,LOW_VOL,54272f837f9338fd,TRACK_C_SCENARIO_WEAPON,4,0,10,10,INSUFFICIENT_SCENARIO_HISTORY,WAIT_FOR_SCENARIO_HISTORY,WAIT_FOR_SCENARIO_HISTORY,UNEXPLORED_49 does not currently have sufficient scenario history for immediate OOS research.,46
BATCH_047,P3,P3,LOW,UNEXPLORED_5,FLAT,93124ec8190bd08f,TRACK_B_BASELINE_FAILURE,3,0,10,10,INSUFFICIENT_SCENARIO_HISTORY,WAIT_FOR_SCENARIO_HISTORY,WAIT_FOR_SCENARIO_HISTORY,UNEXPLORED_5 does not currently have sufficient scenario history for immediate OOS research.,47
BATCH_047,P3,P3,LOW,UNEXPLORED_5,FLAT,93124ec8190bd08f,TRACK_B_CONDITIONAL_SCORE,3,0,10,10,INSUFFICIENT_SCENARIO_HISTORY,WAIT_FOR_SCENARIO_HISTORY,WAIT_FOR_SCENARIO_HISTORY,UNEXPLORED_5 does not currently have sufficient scenario history for immediate OOS research.,47
BATCH_047,P3,P3,LOW,UNEXPLORED_5,FLAT,93124ec8190bd08f,TRACK_B_FACTOR_AGREEMENT,3,0,10,10,INSUFFICIENT_SCENARIO_HISTORY,WAIT_FOR_SCENARIO_HISTORY,WAIT_FOR_SCENARIO_HISTORY,UNEXPLORED_5 does not currently have sufficient scenario history for immediate OOS research.,47
BATCH_047,P3,P3,LOW,UNEXPLORED_5,FLAT,93124ec8190bd08f,TRACK_C_FACTOR_INTERACTION,3,0,10,10,INSUFFICIENT_SCENARIO_HISTORY,WAIT_FOR_SCENARIO_HISTORY,WAIT_FOR_SCENARIO_HISTORY,UNEXPLORED_5 does not currently have sufficient scenario history for immediate OOS research.,47
BATCH_047,P3,P3,LOW,UNEXPLORED_5,FLAT,93124ec8190bd08f,TRACK_C_REGIME_AWARE,3,0,10,10,INSUFFICIENT_SCENARIO_HISTORY,WAIT_FOR_SCENARIO_HISTORY,WAIT_FOR_SCENARIO_HISTORY,UNEXPLORED_5 does not currently have sufficient scenario history for immediate OOS research.,47
BATCH_047,P3,P3,LOW,UNEXPLORED_5,FLAT,93124ec8190bd08f,TRACK_C_SCENARIO_WEAPON,3,0,10,10,INSUFFICIENT_SCENARIO_HISTORY,WAIT_FOR_SCENARIO_HISTORY,WAIT_FOR_SCENARIO_HISTORY,UNEXPLORED_5 does not currently have sufficient scenario history for immediate OOS research.,47
BATCH_048,P3,P3,LOW,UNEXPLORED_50,LOW_VOL,541d282d55435420,TRACK_B_BASELINE_FAILURE,6,0,10,10,INSUFFICIENT_SCENARIO_HISTORY,WAIT_FOR_SCENARIO_HISTORY,WAIT_FOR_SCENARIO_HISTORY,UNEXPLORED_50 does not currently have sufficient scenario history for immediate OOS research.,48
BATCH_048,P3,P3,LOW,UNEXPLORED_50,LOW_VOL,541d282d55435420,TRACK_B_CONDITIONAL_SCORE,6,0,10,10,INSUFFICIENT_SCENARIO_HISTORY,WAIT_FOR_SCENARIO_HISTORY,WAIT_FOR_SCENARIO_HISTORY,UNEXPLORED_50 does not currently have sufficient scenario history for immediate OOS research.,48
BATCH_048,P3,P3,LOW,UNEXPLORED_50,LOW_VOL,541d282d55435420,TRACK_B_FACTOR_AGREEMENT,6,0,10,10,INSUFFICIENT_SCENARIO_HISTORY,WAIT_FOR_SCENARIO_HISTORY,WAIT_FOR_SCENARIO_HISTORY,UNEXPLORED_50 does not currently have sufficient scenario history for immediate OOS research.,48
BATCH_048,P3,P3,LOW,UNEXPLORED_50,LOW_VOL,541d282d55435420,TRACK_C_FACTOR_INTERACTION,6,0,10,10,INSUFFICIENT_SCENARIO_HISTORY,WAIT_FOR_SCENARIO_HISTORY,WAIT_FOR_SCENARIO_HISTORY,UNEXPLORED_50 does not currently have sufficient scenario history for immediate OOS research.,48
BATCH_048,P3,P3,LOW,UNEXPLORED_50,LOW_VOL,541d282d55435420,TRACK_C_REGIME_AWARE,6,0,10,10,INSUFFICIENT_SCENARIO_HISTORY,WAIT_FOR_SCENARIO_HISTORY,WAIT_FOR_SCENARIO_HISTORY,UNEXPLORED_50 does not currently have sufficient scenario history for immediate OOS research.,48
BATCH_048,P3,P3,LOW,UNEXPLORED_50,LOW_VOL,541d282d55435420,TRACK_C_SCENARIO_WEAPON,6,0,10,10,INSUFFICIENT_SCENARIO_HISTORY,WAIT_FOR_SCENARIO_HISTORY,WAIT_FOR_SCENARIO_HISTORY,UNEXPLORED_50 does not currently have sufficient scenario history for immediate OOS research.,48
BATCH_049,P3,P3,LOW,UNEXPLORED_6,FLAT,c99712d194516d6c,TRACK_B_BASELINE_FAILURE,1,0,10,10,INSUFFICIENT_SCENARIO_HISTORY,WAIT_FOR_SCENARIO_HISTORY,WAIT_FOR_SCENARIO_HISTORY,UNEXPLORED_6 does not currently have sufficient scenario history for immediate OOS research.,49
BATCH_049,P3,P3,LOW,UNEXPLORED_6,FLAT,c99712d194516d6c,TRACK_B_CONDITIONAL_SCORE,1,0,10,10,INSUFFICIENT_SCENARIO_HISTORY,WAIT_FOR_SCENARIO_HISTORY,WAIT_FOR_SCENARIO_HISTORY,UNEXPLORED_6 does not currently have sufficient scenario history for immediate OOS research.,49
BATCH_049,P3,P3,LOW,UNEXPLORED_6,FLAT,c99712d194516d6c,TRACK_B_FACTOR_AGREEMENT,1,0,10,10,INSUFFICIENT_SCENARIO_HISTORY,WAIT_FOR_SCENARIO_HISTORY,WAIT_FOR_SCENARIO_HISTORY,UNEXPLORED_6 does not currently have sufficient scenario history for immediate OOS research.,49
BATCH_049,P3,P3,LOW,UNEXPLORED_6,FLAT,c99712d194516d6c,TRACK_C_FACTOR_INTERACTION,1,0,10,10,INSUFFICIENT_SCENARIO_HISTORY,WAIT_FOR_SCENARIO_HISTORY,WAIT_FOR_SCENARIO_HISTORY,UNEXPLORED_6 does not currently have sufficient scenario history for immediate OOS research.,49
BATCH_049,P3,P3,LOW,UNEXPLORED_6,FLAT,c99712d194516d6c,TRACK_C_REGIME_AWARE,1,0,10,10,INSUFFICIENT_SCENARIO_HISTORY,WAIT_FOR_SCENARIO_HISTORY,WAIT_FOR_SCENARIO_HISTORY,UNEXPLORED_6 does not currently have sufficient scenario history for immediate OOS research.,49
BATCH_049,P3,P3,LOW,UNEXPLORED_6,FLAT,c99712d194516d6c,TRACK_C_SCENARIO_WEAPON,1,0,10,10,INSUFFICIENT_SCENARIO_HISTORY,WAIT_FOR_SCENARIO_HISTORY,WAIT_FOR_SCENARIO_HISTORY,UNEXPLORED_6 does not currently have sufficient scenario history for immediate OOS research.,49
BATCH_050,P3,P3,LOW,UNEXPLORED_7,FLAT,8e59d98027edb1e3,TRACK_B_BASELINE_FAILURE,1,0,10,10,INSUFFICIENT_SCENARIO_HISTORY,WAIT_FOR_SCENARIO_HISTORY,WAIT_FOR_SCENARIO_HISTORY,UNEXPLORED_7 does not currently have sufficient scenario history for immediate OOS research.,50
BATCH_050,P3,P3,LOW,UNEXPLORED_7,FLAT,8e59d98027edb1e3,TRACK_B_CONDITIONAL_SCORE,1,0,10,10,INSUFFICIENT_SCENARIO_HISTORY,WAIT_FOR_SCENARIO_HISTORY,WAIT_FOR_SCENARIO_HISTORY,UNEXPLORED_7 does not currently have sufficient scenario history for immediate OOS research.,50
BATCH_050,P3,P3,LOW,UNEXPLORED_7,FLAT,8e59d98027edb1e3,TRACK_B_FACTOR_AGREEMENT,1,0,10,10,INSUFFICIENT_SCENARIO_HISTORY,WAIT_FOR_SCENARIO_HISTORY,WAIT_FOR_SCENARIO_HISTORY,UNEXPLORED_7 does not currently have sufficient scenario history for immediate OOS research.,50
BATCH_050,P3,P3,LOW,UNEXPLORED_7,FLAT,8e59d98027edb1e3,TRACK_C_FACTOR_INTERACTION,1,0,10,10,INSUFFICIENT_SCENARIO_HISTORY,WAIT_FOR_SCENARIO_HISTORY,WAIT_FOR_SCENARIO_HISTORY,UNEXPLORED_7 does not currently have sufficient scenario history for immediate OOS research.,50
BATCH_050,P3,P3,LOW,UNEXPLORED_7,FLAT,8e59d98027edb1e3,TRACK_C_REGIME_AWARE,1,0,10,10,INSUFFICIENT_SCENARIO_HISTORY,WAIT_FOR_SCENARIO_HISTORY,WAIT_FOR_SCENARIO_HISTORY,UNEXPLORED_7 does not currently have sufficient scenario history for immediate OOS research.,50
BATCH_050,P3,P3,LOW,UNEXPLORED_7,FLAT,8e59d98027edb1e3,TRACK_C_SCENARIO_WEAPON,1,0,10,10,INSUFFICIENT_SCENARIO_HISTORY,WAIT_FOR_SCENARIO_HISTORY,WAIT_FOR_SCENARIO_HISTORY,UNEXPLORED_7 does not currently have sufficient scenario history for immediate OOS research.,50
BATCH_051,P3,P3,LOW,UNEXPLORED_8,FLAT,e6e4bf45dd1d56b3,TRACK_B_BASELINE_FAILURE,1,0,10,10,INSUFFICIENT_SCENARIO_HISTORY,WAIT_FOR_SCENARIO_HISTORY,WAIT_FOR_SCENARIO_HISTORY,UNEXPLORED_8 does not currently have sufficient scenario history for immediate OOS research.,51
BATCH_051,P3,P3,LOW,UNEXPLORED_8,FLAT,e6e4bf45dd1d56b3,TRACK_B_CONDITIONAL_SCORE,1,0,10,10,INSUFFICIENT_SCENARIO_HISTORY,WAIT_FOR_SCENARIO_HISTORY,WAIT_FOR_SCENARIO_HISTORY,UNEXPLORED_8 does not currently have sufficient scenario history for immediate OOS research.,51
BATCH_051,P3,P3,LOW,UNEXPLORED_8,FLAT,e6e4bf45dd1d56b3,TRACK_B_FACTOR_AGREEMENT,1,0,10,10,INSUFFICIENT_SCENARIO_HISTORY,WAIT_FOR_SCENARIO_HISTORY,WAIT_FOR_SCENARIO_HISTORY,UNEXPLORED_8 does not currently have sufficient scenario history for immediate OOS research.,51
BATCH_051,P3,P3,LOW,UNEXPLORED_8,FLAT,e6e4bf45dd1d56b3,TRACK_C_FACTOR_INTERACTION,1,0,10,10,INSUFFICIENT_SCENARIO_HISTORY,WAIT_FOR_SCENARIO_HISTORY,WAIT_FOR_SCENARIO_HISTORY,UNEXPLORED_8 does not currently have sufficient scenario history for immediate OOS research.,51
BATCH_051,P3,P3,LOW,UNEXPLORED_8,FLAT,e6e4bf45dd1d56b3,TRACK_C_REGIME_AWARE,1,0,10,10,INSUFFICIENT_SCENARIO_HISTORY,WAIT_FOR_SCENARIO_HISTORY,WAIT_FOR_SCENARIO_HISTORY,UNEXPLORED_8 does not currently have sufficient scenario history for immediate OOS research.,51
BATCH_051,P3,P3,LOW,UNEXPLORED_8,FLAT,e6e4bf45dd1d56b3,TRACK_C_SCENARIO_WEAPON,1,0,10,10,INSUFFICIENT_SCENARIO_HISTORY,WAIT_FOR_SCENARIO_HISTORY,WAIT_FOR_SCENARIO_HISTORY,UNEXPLORED_8 does not currently have sufficient scenario history for immediate OOS research.,51
BATCH_052,P3,P3,LOW,UNEXPLORED_9,FLAT,455111ec35cce1a6,TRACK_B_BASELINE_FAILURE,1,0,10,10,INSUFFICIENT_SCENARIO_HISTORY,WAIT_FOR_SCENARIO_HISTORY,WAIT_FOR_SCENARIO_HISTORY,UNEXPLORED_9 does not currently have sufficient scenario history for immediate OOS research.,52
BATCH_052,P3,P3,LOW,UNEXPLORED_9,FLAT,455111ec35cce1a6,TRACK_B_CONDITIONAL_SCORE,1,0,10,10,INSUFFICIENT_SCENARIO_HISTORY,WAIT_FOR_SCENARIO_HISTORY,WAIT_FOR_SCENARIO_HISTORY,UNEXPLORED_9 does not currently have sufficient scenario history for immediate OOS research.,52
BATCH_052,P3,P3,LOW,UNEXPLORED_9,FLAT,455111ec35cce1a6,TRACK_B_FACTOR_AGREEMENT,1,0,10,10,INSUFFICIENT_SCENARIO_HISTORY,WAIT_FOR_SCENARIO_HISTORY,WAIT_FOR_SCENARIO_HISTORY,UNEXPLORED_9 does not currently have sufficient scenario history for immediate OOS research.,52
BATCH_052,P3,P3,LOW,UNEXPLORED_9,FLAT,455111ec35cce1a6,TRACK_C_FACTOR_INTERACTION,1,0,10,10,INSUFFICIENT_SCENARIO_HISTORY,WAIT_FOR_SCENARIO_HISTORY,WAIT_FOR_SCENARIO_HISTORY,UNEXPLORED_9 does not currently have sufficient scenario history for immediate OOS research.,52
BATCH_052,P3,P3,LOW,UNEXPLORED_9,FLAT,455111ec35cce1a6,TRACK_C_REGIME_AWARE,1,0,10,10,INSUFFICIENT_SCENARIO_HISTORY,WAIT_FOR_SCENARIO_HISTORY,WAIT_FOR_SCENARIO_HISTORY,UNEXPLORED_9 does not currently have sufficient scenario history for immediate OOS research.,52
BATCH_052,P3,P3,LOW,UNEXPLORED_9,FLAT,455111ec35cce1a6,TRACK_C_SCENARIO_WEAPON,1,0,10,10,INSUFFICIENT_SCENARIO_HISTORY,WAIT_FOR_SCENARIO_HISTORY,WAIT_FOR_SCENARIO_HISTORY,UNEXPLORED_9 does not currently have sufficient scenario history for immediate OOS research.,52
