scenario_id,primary_scenario,fingerprint,scenario_observations,first_observation,last_observation,candidate,oos_windows,oos_gap_to_10,oos_gap_to_20,evidence_status,coverage_status,matrix_present
UNEXPLORED_1,FLAT,32a9608b9489497d,1,2025-08-07,2025-08-07,TRACK_B_BASELINE_FAILURE,0,10,20,UNAVAILABLE,NO_WEAPON_EVIDENCE,False
UNEXPLORED_1,FLAT,32a9608b9489497d,1,2025-08-07,2025-08-07,TRACK_B_CONDITIONAL_SCORE,0,10,20,UNAVAILABLE,NO_WEAPON_EVIDENCE,False
UNEXPLORED_1,FLAT,32a9608b9489497d,1,2025-08-07,2025-08-07,TRACK_B_FACTOR_AGREEMENT,0,10,20,UNAVAILABLE,NO_WEAPON_EVIDENCE,False
UNEXPLORED_1,FLAT,32a9608b9489497d,1,2025-08-07,2025-08-07,TRACK_C_FACTOR_INTERACTION,0,10,20,UNAVAILABLE,NO_WEAPON_EVIDENCE,False
UNEXPLORED_1,FLAT,32a9608b9489497d,1,2025-08-07,2025-08-07,TRACK_C_REGIME_AWARE,0,10,20,UNAVAILABLE,NO_WEAPON_EVIDENCE,False
UNEXPLORED_1,FLAT,32a9608b9489497d,1,2025-08-07,2025-08-07,TRACK_C_SCENARIO_WEAPON,0,10,20,UNAVAILABLE,NO_WEAPON_EVIDENCE,False
UNEXPLORED_10,FLAT,f1a5ebdcaa813af6,3,2025-08-28,2025-09-01,TRACK_B_BASELINE_FAILURE,0,10,20,UNAVAILABLE,NO_WEAPON_EVIDENCE,False
UNEXPLORED_10,FLAT,f1a5ebdcaa813af6,3,2025-08-28,2025-09-01,TRACK_B_CONDITIONAL_SCORE,0,10,20,UNAVAILABLE,NO_WEAPON_EVIDENCE,False
UNEXPLORED_10,FLAT,f1a5ebdcaa813af6,3,2025-08-28,2025-09-01,TRACK_B_FACTOR_AGREEMENT,0,10,20,UNAVAILABLE,NO_WEAPON_EVIDENCE,False
UNEXPLORED_10,FLAT,f1a5ebdcaa813af6,3,2025-08-28,2025-09-01,TRACK_C_FACTOR_INTERACTION,0,10,20,UNAVAILABLE,NO_WEAPON_EVIDENCE,False
UNEXPLORED_10,FLAT,f1a5ebdcaa813af6,3,2025-08-28,2025-09-01,TRACK_C_REGIME_AWARE,0,10,20,UNAVAILABLE,NO_WEAPON_EVIDENCE,False
UNEXPLORED_10,FLAT,f1a5ebdcaa813af6,3,2025-08-28,2025-09-01,TRACK_C_SCENARIO_WEAPON,0,10,20,UNAVAILABLE,NO_WEAPON_EVIDENCE,False
UNEXPLORED_11,FLAT,6df105900ba2225b,1,2025-09-02,2025-09-02,TRACK_B_BASELINE_FAILURE,0,10,20,UNAVAILABLE,NO_WEAPON_EVIDENCE,False
UNEXPLORED_11,FLAT,6df105900ba2225b,1,2025-09-02,2025-09-02,TRACK_B_CONDITIONAL_SCORE,0,10,20,UNAVAILABLE,NO_WEAPON_EVIDENCE,False
UNEXPLORED_11,FLAT,6df105900ba2225b,1,2025-09-02,2025-09-02,TRACK_B_FACTOR_AGREEMENT,0,10,20,UNAVAILABLE,NO_WEAPON_EVIDENCE,False
UNEXPLORED_11,FLAT,6df105900ba2225b,1,2025-09-02,2025-09-02,TRACK_C_FACTOR_INTERACTION,0,10,20,UNAVAILABLE,NO_WEAPON_EVIDENCE,False
UNEXPLORED_11,FLAT,6df105900ba2225b,1,2025-09-02,2025-09-02,TRACK_C_REGIME_AWARE,0,10,20,UNAVAILABLE,NO_WEAPON_EVIDENCE,False
UNEXPLORED_11,FLAT,6df105900ba2225b,1,2025-09-02,2025-09-02,TRACK_C_SCENARIO_WEAPON,0,10,20,UNAVAILABLE,NO_WEAPON_EVIDENCE,False
UNEXPLORED_12,FLAT,398ceb7da95082c7,1,2025-09-03,2025-09-03,TRACK_B_BASELINE_FAILURE,0,10,20,UNAVAILABLE,NO_WEAPON_EVIDENCE,False
UNEXPLORED_12,FLAT,398ceb7da95082c7,1,2025-09-03,2025-09-03,TRACK_B_CONDITIONAL_SCORE,0,10,20,UNAVAILABLE,NO_WEAPON_EVIDENCE,False
UNEXPLORED_12,FLAT,398ceb7da95082c7,1,2025-09-03,2025-09-03,TRACK_B_FACTOR_AGREEMENT,0,10,20,UNAVAILABLE,NO_WEAPON_EVIDENCE,False
UNEXPLORED_12,FLAT,398ceb7da95082c7,1,2025-09-03,2025-09-03,TRACK_C_FACTOR_INTERACTION,0,10,20,UNAVAILABLE,NO_WEAPON_EVIDENCE,False
UNEXPLORED_12,FLAT,398ceb7da95082c7,1,2025-09-03,2025-09-03,TRACK_C_REGIME_AWARE,0,10,20,UNAVAILABLE,NO_WEAPON_EVIDENCE,False
UNEXPLORED_12,FLAT,398ceb7da95082c7,1,2025-09-03,2025-09-03,TRACK_C_SCENARIO_WEAPON,0,10,20,UNAVAILABLE,NO_WEAPON_EVIDENCE,False
UNEXPLORED_13,FLAT,4d0babae7f4495ea,2,2025-09-04,2025-09-05,TRACK_B_BASELINE_FAILURE,0,10,20,UNAVAILABLE,NO_WEAPON_EVIDENCE,False
UNEXPLORED_13,FLAT,4d0babae7f4495ea,2,2025-09-04,2025-09-05,TRACK_B_CONDITIONAL_SCORE,0,10,20,UNAVAILABLE,NO_WEAPON_EVIDENCE,False
UNEXPLORED_13,FLAT,4d0babae7f4495ea,2,2025-09-04,2025-09-05,TRACK_B_FACTOR_AGREEMENT,0,10,20,UNAVAILABLE,NO_WEAPON_EVIDENCE,False
UNEXPLORED_13,FLAT,4d0babae7f4495ea,2,2025-09-04,2025-09-05,TRACK_C_FACTOR_INTERACTION,0,10,20,UNAVAILABLE,NO_WEAPON_EVIDENCE,False
UNEXPLORED_13,FLAT,4d0babae7f4495ea,2,2025-09-04,2025-09-05,TRACK_C_REGIME_AWARE,0,10,20,UNAVAILABLE,NO_WEAPON_EVIDENCE,False
UNEXPLORED_13,FLAT,4d0babae7f4495ea,2,2025-09-04,2025-09-05,TRACK_C_SCENARIO_WEAPON,0,10,20,UNAVAILABLE,NO_WEAPON_EVIDENCE,False
UNEXPLORED_14,TREND_UP,0488aa61a160ea49,10,2025-09-08,2026-08-06,TRACK_B_BASELINE_FAILURE,0,10,20,UNAVAILABLE,NO_WEAPON_EVIDENCE,False
UNEXPLORED_14,TREND_UP,0488aa61a160ea49,10,2025-09-08,2026-08-06,TRACK_B_CONDITIONAL_SCORE,0,10,20,UNAVAILABLE,NO_WEAPON_EVIDENCE,False
UNEXPLORED_14,TREND_UP,0488aa61a160ea49,10,2025-09-08,2026-08-06,TRACK_B_FACTOR_AGREEMENT,0,10,20,UNAVAILABLE,NO_WEAPON_EVIDENCE,False
UNEXPLORED_14,TREND_UP,0488aa61a160ea49,10,2025-09-08,2026-08-06,TRACK_C_FACTOR_INTERACTION,0,10,20,UNAVAILABLE,NO_WEAPON_EVIDENCE,False
UNEXPLORED_14,TREND_UP,0488aa61a160ea49,10,2025-09-08,2026-08-06,TRACK_C_REGIME_AWARE,0,10,20,UNAVAILABLE,NO_WEAPON_EVIDENCE,False
UNEXPLORED_14,TREND_UP,0488aa61a160ea49,10,2025-09-08,2026-08-06,TRACK_C_SCENARIO_WEAPON,0,10,20,UNAVAILABLE,NO_WEAPON_EVIDENCE,False
UNEXPLORED_15,TREND_UP,39cd5fd0b3c726a8,25,2025-09-09,2026-08-07,TRACK_B_BASELINE_FAILURE,0,10,20,UNAVAILABLE,NO_WEAPON_EVIDENCE,False
UNEXPLORED_15,TREND_UP,39cd5fd0b3c726a8,25,2025-09-09,2026-08-07,TRACK_B_CONDITIONAL_SCORE,0,10,20,UNAVAILABLE,NO_WEAPON_EVIDENCE,False
UNEXPLORED_15,TREND_UP,39cd5fd0b3c726a8,25,2025-09-09,2026-08-07,TRACK_B_FACTOR_AGREEMENT,0,10,20,UNAVAILABLE,NO_WEAPON_EVIDENCE,False
UNEXPLORED_15,TREND_UP,39cd5fd0b3c726a8,25,2025-09-09,2026-08-07,TRACK_C_FACTOR_INTERACTION,0,10,20,UNAVAILABLE,NO_WEAPON_EVIDENCE,False
UNEXPLORED_15,TREND_UP,39cd5fd0b3c726a8,25,2025-09-09,2026-08-07,TRACK_C_REGIME_AWARE,0,10,20,UNAVAILABLE,NO_WEAPON_EVIDENCE,False
UNEXPLORED_15,TREND_UP,39cd5fd0b3c726a8,25,2025-09-09,2026-08-07,TRACK_C_SCENARIO_WEAPON,0,10,20,UNAVAILABLE,NO_WEAPON_EVIDENCE,False
UNEXPLORED_16,TREND_UP,ee5597a108fed5c1,23,2025-09-16,2026-08-04,TRACK_B_BASELINE_FAILURE,0,10,20,UNAVAILABLE,NO_WEAPON_EVIDENCE,False
UNEXPLORED_16,TREND_UP,ee5597a108fed5c1,23,2025-09-16,2026-08-04,TRACK_B_CONDITIONAL_SCORE,0,10,20,UNAVAILABLE,NO_WEAPON_EVIDENCE,False
UNEXPLORED_16,TREND_UP,ee5597a108fed5c1,23,2025-09-16,2026-08-04,TRACK_B_FACTOR_AGREEMENT,0,10,20,UNAVAILABLE,NO_WEAPON_EVIDENCE,False
UNEXPLORED_16,TREND_UP,ee5597a108fed5c1,23,2025-09-16,2026-08-04,TRACK_C_FACTOR_INTERACTION,0,10,20,UNAVAILABLE,NO_WEAPON_EVIDENCE,False
UNEXPLORED_16,TREND_UP,ee5597a108fed5c1,23,2025-09-16,2026-08-04,TRACK_C_REGIME_AWARE,0,10,20,UNAVAILABLE,NO_WEAPON_EVIDENCE,False
UNEXPLORED_16,TREND_UP,ee5597a108fed5c1,23,2025-09-16,2026-08-04,TRACK_C_SCENARIO_WEAPON,0,10,20,UNAVAILABLE,NO_WEAPON_EVIDENCE,False
UNEXPLORED_17,CHOPPY,3c9f74d9ff46c9aa,15,2025-10-14,2026-07-22,TRACK_B_BASELINE_FAILURE,0,10,20,UNAVAILABLE,NO_WEAPON_EVIDENCE,False
UNEXPLORED_17,CHOPPY,3c9f74d9ff46c9aa,15,2025-10-14,2026-07-22,TRACK_B_CONDITIONAL_SCORE,0,10,20,UNAVAILABLE,NO_WEAPON_EVIDENCE,False
UNEXPLORED_17,CHOPPY,3c9f74d9ff46c9aa,15,2025-10-14,2026-07-22,TRACK_B_FACTOR_AGREEMENT,0,10,20,UNAVAILABLE,NO_WEAPON_EVIDENCE,False
UNEXPLORED_17,CHOPPY,3c9f74d9ff46c9aa,15,2025-10-14,2026-07-22,TRACK_C_FACTOR_INTERACTION,0,10,20,UNAVAILABLE,NO_WEAPON_EVIDENCE,False
UNEXPLORED_17,CHOPPY,3c9f74d9ff46c9aa,15,2025-10-14,2026-07-22,TRACK_C_REGIME_AWARE,0,10,20,UNAVAILABLE,NO_WEAPON_EVIDENCE,False
UNEXPLORED_17,CHOPPY,3c9f74d9ff46c9aa,15,2025-10-14,2026-07-22,TRACK_C_SCENARIO_WEAPON,0,10,20,UNAVAILABLE,NO_WEAPON_EVIDENCE,False
UNEXPLORED_18,CHOPPY,805568ee4a55f676,4,2025-10-28,2026-06-25,TRACK_B_BASELINE_FAILURE,0,10,20,UNAVAILABLE,NO_WEAPON_EVIDENCE,False
UNEXPLORED_18,CHOPPY,805568ee4a55f676,4,2025-10-28,2026-06-25,TRACK_B_CONDITIONAL_SCORE,0,10,20,UNAVAILABLE,NO_WEAPON_EVIDENCE,False
UNEXPLORED_18,CHOPPY,805568ee4a55f676,4,2025-10-28,2026-06-25,TRACK_B_FACTOR_AGREEMENT,0,10,20,UNAVAILABLE,NO_WEAPON_EVIDENCE,False
UNEXPLORED_18,CHOPPY,805568ee4a55f676,4,2025-10-28,2026-06-25,TRACK_C_FACTOR_INTERACTION,0,10,20,UNAVAILABLE,NO_WEAPON_EVIDENCE,False
UNEXPLORED_18,CHOPPY,805568ee4a55f676,4,2025-10-28,2026-06-25,TRACK_C_REGIME_AWARE,0,10,20,UNAVAILABLE,NO_WEAPON_EVIDENCE,False
UNEXPLORED_18,CHOPPY,805568ee4a55f676,4,2025-10-28,2026-06-25,TRACK_C_SCENARIO_WEAPON,0,10,20,UNAVAILABLE,NO_WEAPON_EVIDENCE,False
UNEXPLORED_19,TREND_DOWN,21580290ff890eea,5,2025-09-24,2026-08-17,TRACK_B_BASELINE_FAILURE,0,10,20,UNAVAILABLE,NO_WEAPON_EVIDENCE,False
UNEXPLORED_19,TREND_DOWN,21580290ff890eea,5,2025-09-24,2026-08-17,TRACK_B_CONDITIONAL_SCORE,0,10,20,UNAVAILABLE,NO_WEAPON_EVIDENCE,False
UNEXPLORED_19,TREND_DOWN,21580290ff890eea,5,2025-09-24,2026-08-17,TRACK_B_FACTOR_AGREEMENT,0,10,20,UNAVAILABLE,NO_WEAPON_EVIDENCE,False
UNEXPLORED_19,TREND_DOWN,21580290ff890eea,5,2025-09-24,2026-08-17,TRACK_C_FACTOR_INTERACTION,0,10,20,UNAVAILABLE,NO_WEAPON_EVIDENCE,False
UNEXPLORED_19,TREND_DOWN,21580290ff890eea,5,2025-09-24,2026-08-17,TRACK_C_REGIME_AWARE,0,10,20,UNAVAILABLE,NO_WEAPON_EVIDENCE,False
UNEXPLORED_19,TREND_DOWN,21580290ff890eea,5,2025-09-24,2026-08-17,TRACK_C_SCENARIO_WEAPON,0,10,20,UNAVAILABLE,NO_WEAPON_EVIDENCE,False
UNEXPLORED_2,FLAT,e1b16ce91e1326b2,3,2025-08-08,2025-08-12,TRACK_B_BASELINE_FAILURE,0,10,20,UNAVAILABLE,NO_WEAPON_EVIDENCE,False
UNEXPLORED_2,FLAT,e1b16ce91e1326b2,3,2025-08-08,2025-08-12,TRACK_B_CONDITIONAL_SCORE,0,10,20,UNAVAILABLE,NO_WEAPON_EVIDENCE,False
UNEXPLORED_2,FLAT,e1b16ce91e1326b2,3,2025-08-08,2025-08-12,TRACK_B_FACTOR_AGREEMENT,0,10,20,UNAVAILABLE,NO_WEAPON_EVIDENCE,False
UNEXPLORED_2,FLAT,e1b16ce91e1326b2,3,2025-08-08,2025-08-12,TRACK_C_FACTOR_INTERACTION,0,10,20,UNAVAILABLE,NO_WEAPON_EVIDENCE,False
UNEXPLORED_2,FLAT,e1b16ce91e1326b2,3,2025-08-08,2025-08-12,TRACK_C_REGIME_AWARE,0,10,20,UNAVAILABLE,NO_WEAPON_EVIDENCE,False
UNEXPLORED_2,FLAT,e1b16ce91e1326b2,3,2025-08-08,2025-08-12,TRACK_C_SCENARIO_WEAPON,0,10,20,UNAVAILABLE,NO_WEAPON_EVIDENCE,False
UNEXPLORED_20,TREND_DOWN,d59364ccfbbaa9f5,28,2025-09-25,2026-07-24,TRACK_B_BASELINE_FAILURE,5,5,15,EARLY,EVIDENCE_PRESENT,True
UNEXPLORED_20,TREND_DOWN,d59364ccfbbaa9f5,28,2025-09-25,2026-07-24,TRACK_B_CONDITIONAL_SCORE,5,5,15,EARLY,EVIDENCE_PRESENT,True
UNEXPLORED_20,TREND_DOWN,d59364ccfbbaa9f5,28,2025-09-25,2026-07-24,TRACK_B_FACTOR_AGREEMENT,5,5,15,EARLY,EVIDENCE_PRESENT,True
UNEXPLORED_20,TREND_DOWN,d59364ccfbbaa9f5,28,2025-09-25,2026-07-24,TRACK_C_FACTOR_INTERACTION,0,10,20,UNAVAILABLE,NO_WEAPON_EVIDENCE,False
UNEXPLORED_20,TREND_DOWN,d59364ccfbbaa9f5,28,2025-09-25,2026-07-24,TRACK_C_REGIME_AWARE,0,10,20,UNAVAILABLE,NO_WEAPON_EVIDENCE,False
UNEXPLORED_20,TREND_DOWN,d59364ccfbbaa9f5,28,2025-09-25,2026-07-24,TRACK_C_SCENARIO_WEAPON,0,10,20,UNAVAILABLE,NO_WEAPON_EVIDENCE,False
UNEXPLORED_21,TREND_DOWN,e3647c9a4d3c5632,12,2025-09-29,2026-07-13,TRACK_B_BASELINE_FAILURE,0,10,20,UNAVAILABLE,NO_WEAPON_EVIDENCE,False
UNEXPLORED_21,TREND_DOWN,e3647c9a4d3c5632,12,2025-09-29,2026-07-13,TRACK_B_CONDITIONAL_SCORE,0,10,20,UNAVAILABLE,NO_WEAPON_EVIDENCE,False
UNEXPLORED_21,TREND_DOWN,e3647c9a4d3c5632,12,2025-09-29,2026-07-13,TRACK_B_FACTOR_AGREEMENT,0,10,20,UNAVAILABLE,NO_WEAPON_EVIDENCE,False
UNEXPLORED_21,TREND_DOWN,e3647c9a4d3c5632,12,2025-09-29,2026-07-13,TRACK_C_FACTOR_INTERACTION,0,10,20,UNAVAILABLE,NO_WEAPON_EVIDENCE,False
UNEXPLORED_21,TREND_DOWN,e3647c9a4d3c5632,12,2025-09-29,2026-07-13,TRACK_C_REGIME_AWARE,0,10,20,UNAVAILABLE,NO_WEAPON_EVIDENCE,False
UNEXPLORED_21,TREND_DOWN,e3647c9a4d3c5632,12,2025-09-29,2026-07-13,TRACK_C_SCENARIO_WEAPON,0,10,20,UNAVAILABLE,NO_WEAPON_EVIDENCE,False
UNEXPLORED_22,TREND_DOWN,7dd654042398d311,4,2025-09-30,2026-08-10,TRACK_B_BASELINE_FAILURE,0,10,20,UNAVAILABLE,NO_WEAPON_EVIDENCE,False
UNEXPLORED_22,TREND_DOWN,7dd654042398d311,4,2025-09-30,2026-08-10,TRACK_B_CONDITIONAL_SCORE,0,10,20,UNAVAILABLE,NO_WEAPON_EVIDENCE,False
UNEXPLORED_22,TREND_DOWN,7dd654042398d311,4,2025-09-30,2026-08-10,TRACK_B_FACTOR_AGREEMENT,0,10,20,UNAVAILABLE,NO_WEAPON_EVIDENCE,False
UNEXPLORED_22,TREND_DOWN,7dd654042398d311,4,2025-09-30,2026-08-10,TRACK_C_FACTOR_INTERACTION,0,10,20,UNAVAILABLE,NO_WEAPON_EVIDENCE,False
UNEXPLORED_22,TREND_DOWN,7dd654042398d311,4,2025-09-30,2026-08-10,TRACK_C_REGIME_AWARE,0,10,20,UNAVAILABLE,NO_WEAPON_EVIDENCE,False
UNEXPLORED_22,TREND_DOWN,7dd654042398d311,4,2025-09-30,2026-08-10,TRACK_C_SCENARIO_WEAPON,0,10,20,UNAVAILABLE,NO_WEAPON_EVIDENCE,False
UNEXPLORED_23,CHOPPY,c812c38fa8967922,2,2026-07-20,2026-07-21,TRACK_B_BASELINE_FAILURE,0,10,20,UNAVAILABLE,NO_WEAPON_EVIDENCE,False
UNEXPLORED_23,CHOPPY,c812c38fa8967922,2,2026-07-20,2026-07-21,TRACK_B_CONDITIONAL_SCORE,0,10,20,UNAVAILABLE,NO_WEAPON_EVIDENCE,False
UNEXPLORED_23,CHOPPY,c812c38fa8967922,2,2026-07-20,2026-07-21,TRACK_B_FACTOR_AGREEMENT,0,10,20,UNAVAILABLE,NO_WEAPON_EVIDENCE,False
UNEXPLORED_23,CHOPPY,c812c38fa8967922,2,2026-07-20,2026-07-21,TRACK_C_FACTOR_INTERACTION,0,10,20,UNAVAILABLE,NO_WEAPON_EVIDENCE,False
UNEXPLORED_23,CHOPPY,c812c38fa8967922,2,2026-07-20,2026-07-21,TRACK_C_REGIME_AWARE,0,10,20,UNAVAILABLE,NO_WEAPON_EVIDENCE,False
UNEXPLORED_23,CHOPPY,c812c38fa8967922,2,2026-07-20,2026-07-21,TRACK_C_SCENARIO_WEAPON,0,10,20,UNAVAILABLE,NO_WEAPON_EVIDENCE,False
UNEXPLORED_24,TREND_UP,56b9948f187d1544,4,2025-10-16,2026-08-03,TRACK_B_BASELINE_FAILURE,0,10,20,UNAVAILABLE,NO_WEAPON_EVIDENCE,False
UNEXPLORED_24,TREND_UP,56b9948f187d1544,4,2025-10-16,2026-08-03,TRACK_B_CONDITIONAL_SCORE,0,10,20,UNAVAILABLE,NO_WEAPON_EVIDENCE,False
UNEXPLORED_24,TREND_UP,56b9948f187d1544,4,2025-10-16,2026-08-03,TRACK_B_FACTOR_AGREEMENT,0,10,20,UNAVAILABLE,NO_WEAPON_EVIDENCE,False
UNEXPLORED_24,TREND_UP,56b9948f187d1544,4,2025-10-16,2026-08-03,TRACK_C_FACTOR_INTERACTION,0,10,20,UNAVAILABLE,NO_WEAPON_EVIDENCE,False
UNEXPLORED_24,TREND_UP,56b9948f187d1544,4,2025-10-16,2026-08-03,TRACK_C_REGIME_AWARE,0,10,20,UNAVAILABLE,NO_WEAPON_EVIDENCE,False
UNEXPLORED_24,TREND_UP,56b9948f187d1544,4,2025-10-16,2026-08-03,TRACK_C_SCENARIO_WEAPON,0,10,20,UNAVAILABLE,NO_WEAPON_EVIDENCE,False
UNEXPLORED_25,TREND_UP,462b4025dc9ef2d4,11,2025-10-23,2026-08-05,TRACK_B_BASELINE_FAILURE,0,10,20,UNAVAILABLE,NO_WEAPON_EVIDENCE,False
UNEXPLORED_25,TREND_UP,462b4025dc9ef2d4,11,2025-10-23,2026-08-05,TRACK_B_CONDITIONAL_SCORE,0,10,20,UNAVAILABLE,NO_WEAPON_EVIDENCE,False
UNEXPLORED_25,TREND_UP,462b4025dc9ef2d4,11,2025-10-23,2026-08-05,TRACK_B_FACTOR_AGREEMENT,0,10,20,UNAVAILABLE,NO_WEAPON_EVIDENCE,False
UNEXPLORED_25,TREND_UP,462b4025dc9ef2d4,11,2025-10-23,2026-08-05,TRACK_C_FACTOR_INTERACTION,0,10,20,UNAVAILABLE,NO_WEAPON_EVIDENCE,False
UNEXPLORED_25,TREND_UP,462b4025dc9ef2d4,11,2025-10-23,2026-08-05,TRACK_C_REGIME_AWARE,0,10,20,UNAVAILABLE,NO_WEAPON_EVIDENCE,False
UNEXPLORED_25,TREND_UP,462b4025dc9ef2d4,11,2025-10-23,2026-08-05,TRACK_C_SCENARIO_WEAPON,0,10,20,UNAVAILABLE,NO_WEAPON_EVIDENCE,False
UNEXPLORED_26,CHOPPY,edc61dcc975ec559,2,2025-11-26,2026-07-17,TRACK_B_BASELINE_FAILURE,0,10,20,UNAVAILABLE,NO_WEAPON_EVIDENCE,False
UNEXPLORED_26,CHOPPY,edc61dcc975ec559,2,2025-11-26,2026-07-17,TRACK_B_CONDITIONAL_SCORE,0,10,20,UNAVAILABLE,NO_WEAPON_EVIDENCE,False
UNEXPLORED_26,CHOPPY,edc61dcc975ec559,2,2025-11-26,2026-07-17,TRACK_B_FACTOR_AGREEMENT,0,10,20,UNAVAILABLE,NO_WEAPON_EVIDENCE,False
UNEXPLORED_26,CHOPPY,edc61dcc975ec559,2,2025-11-26,2026-07-17,TRACK_C_FACTOR_INTERACTION,0,10,20,UNAVAILABLE,NO_WEAPON_EVIDENCE,False
UNEXPLORED_26,CHOPPY,edc61dcc975ec559,2,2025-11-26,2026-07-17,TRACK_C_REGIME_AWARE,0,10,20,UNAVAILABLE,NO_WEAPON_EVIDENCE,False
UNEXPLORED_26,CHOPPY,edc61dcc975ec559,2,2025-11-26,2026-07-17,TRACK_C_SCENARIO_WEAPON,0,10,20,UNAVAILABLE,NO_WEAPON_EVIDENCE,False
UNEXPLORED_27,FLAT,781a8762235d82c2,5,2025-11-28,2026-07-16,TRACK_B_BASELINE_FAILURE,0,10,20,UNAVAILABLE,NO_WEAPON_EVIDENCE,False
UNEXPLORED_27,FLAT,781a8762235d82c2,5,2025-11-28,2026-07-16,TRACK_B_CONDITIONAL_SCORE,0,10,20,UNAVAILABLE,NO_WEAPON_EVIDENCE,False
UNEXPLORED_27,FLAT,781a8762235d82c2,5,2025-11-28,2026-07-16,TRACK_B_FACTOR_AGREEMENT,0,10,20,UNAVAILABLE,NO_WEAPON_EVIDENCE,False
UNEXPLORED_27,FLAT,781a8762235d82c2,5,2025-11-28,2026-07-16,TRACK_C_FACTOR_INTERACTION,0,10,20,UNAVAILABLE,NO_WEAPON_EVIDENCE,False
UNEXPLORED_27,FLAT,781a8762235d82c2,5,2025-11-28,2026-07-16,TRACK_C_REGIME_AWARE,0,10,20,UNAVAILABLE,NO_WEAPON_EVIDENCE,False
UNEXPLORED_27,FLAT,781a8762235d82c2,5,2025-11-28,2026-07-16,TRACK_C_SCENARIO_WEAPON,0,10,20,UNAVAILABLE,NO_WEAPON_EVIDENCE,False
UNEXPLORED_28,TREND_DOWN,17c4bc482d33330e,11,2026-01-08,2026-06-23,TRACK_B_BASELINE_FAILURE,0,10,20,UNAVAILABLE,NO_WEAPON_EVIDENCE,False
UNEXPLORED_28,TREND_DOWN,17c4bc482d33330e,11,2026-01-08,2026-06-23,TRACK_B_CONDITIONAL_SCORE,0,10,20,UNAVAILABLE,NO_WEAPON_EVIDENCE,False
UNEXPLORED_28,TREND_DOWN,17c4bc482d33330e,11,2026-01-08,2026-06-23,TRACK_B_FACTOR_AGREEMENT,0,10,20,UNAVAILABLE,NO_WEAPON_EVIDENCE,False
UNEXPLORED_28,TREND_DOWN,17c4bc482d33330e,11,2026-01-08,2026-06-23,TRACK_C_FACTOR_INTERACTION,0,10,20,UNAVAILABLE,NO_WEAPON_EVIDENCE,False
UNEXPLORED_28,TREND_DOWN,17c4bc482d33330e,11,2026-01-08,2026-06-23,TRACK_C_REGIME_AWARE,0,10,20,UNAVAILABLE,NO_WEAPON_EVIDENCE,False
UNEXPLORED_28,TREND_DOWN,17c4bc482d33330e,11,2026-01-08,2026-06-23,TRACK_C_SCENARIO_WEAPON,0,10,20,UNAVAILABLE,NO_WEAPON_EVIDENCE,False
UNEXPLORED_29,TREND_DOWN,f8d582f6f5eae30a,6,2026-01-20,2026-05-12,TRACK_B_BASELINE_FAILURE,0,10,20,UNAVAILABLE,NO_WEAPON_EVIDENCE,False
UNEXPLORED_29,TREND_DOWN,f8d582f6f5eae30a,6,2026-01-20,2026-05-12,TRACK_B_CONDITIONAL_SCORE,0,10,20,UNAVAILABLE,NO_WEAPON_EVIDENCE,False
UNEXPLORED_29,TREND_DOWN,f8d582f6f5eae30a,6,2026-01-20,2026-05-12,TRACK_B_FACTOR_AGREEMENT,0,10,20,UNAVAILABLE,NO_WEAPON_EVIDENCE,False
UNEXPLORED_29,TREND_DOWN,f8d582f6f5eae30a,6,2026-01-20,2026-05-12,TRACK_C_FACTOR_INTERACTION,0,10,20,UNAVAILABLE,NO_WEAPON_EVIDENCE,False
UNEXPLORED_29,TREND_DOWN,f8d582f6f5eae30a,6,2026-01-20,2026-05-12,TRACK_C_REGIME_AWARE,0,10,20,UNAVAILABLE,NO_WEAPON_EVIDENCE,False
UNEXPLORED_29,TREND_DOWN,f8d582f6f5eae30a,6,2026-01-20,2026-05-12,TRACK_C_SCENARIO_WEAPON,0,10,20,UNAVAILABLE,NO_WEAPON_EVIDENCE,False
UNEXPLORED_3,FLAT,236a75368a945e62,1,2025-08-13,2025-08-13,TRACK_B_BASELINE_FAILURE,0,10,20,UNAVAILABLE,NO_WEAPON_EVIDENCE,False
UNEXPLORED_3,FLAT,236a75368a945e62,1,2025-08-13,2025-08-13,TRACK_B_CONDITIONAL_SCORE,0,10,20,UNAVAILABLE,NO_WEAPON_EVIDENCE,False
UNEXPLORED_3,FLAT,236a75368a945e62,1,2025-08-13,2025-08-13,TRACK_B_FACTOR_AGREEMENT,0,10,20,UNAVAILABLE,NO_WEAPON_EVIDENCE,False
UNEXPLORED_3,FLAT,236a75368a945e62,1,2025-08-13,2025-08-13,TRACK_C_FACTOR_INTERACTION,0,10,20,UNAVAILABLE,NO_WEAPON_EVIDENCE,False
UNEXPLORED_3,FLAT,236a75368a945e62,1,2025-08-13,2025-08-13,TRACK_C_REGIME_AWARE,0,10,20,UNAVAILABLE,NO_WEAPON_EVIDENCE,False
UNEXPLORED_3,FLAT,236a75368a945e62,1,2025-08-13,2025-08-13,TRACK_C_SCENARIO_WEAPON,0,10,20,UNAVAILABLE,NO_WEAPON_EVIDENCE,False
UNEXPLORED_30,TREND_DOWN,9bb208b0035bbc7f,2,2026-01-21,2026-06-01,TRACK_B_BASELINE_FAILURE,0,10,20,UNAVAILABLE,NO_WEAPON_EVIDENCE,False
UNEXPLORED_30,TREND_DOWN,9bb208b0035bbc7f,2,2026-01-21,2026-06-01,TRACK_B_CONDITIONAL_SCORE,0,10,20,UNAVAILABLE,NO_WEAPON_EVIDENCE,False
UNEXPLORED_30,TREND_DOWN,9bb208b0035bbc7f,2,2026-01-21,2026-06-01,TRACK_B_FACTOR_AGREEMENT,0,10,20,UNAVAILABLE,NO_WEAPON_EVIDENCE,False
UNEXPLORED_30,TREND_DOWN,9bb208b0035bbc7f,2,2026-01-21,2026-06-01,TRACK_C_FACTOR_INTERACTION,0,10,20,UNAVAILABLE,NO_WEAPON_EVIDENCE,False
UNEXPLORED_30,TREND_DOWN,9bb208b0035bbc7f,2,2026-01-21,2026-06-01,TRACK_C_REGIME_AWARE,0,10,20,UNAVAILABLE,NO_WEAPON_EVIDENCE,False
UNEXPLORED_30,TREND_DOWN,9bb208b0035bbc7f,2,2026-01-21,2026-06-01,TRACK_C_SCENARIO_WEAPON,0,10,20,UNAVAILABLE,NO_WEAPON_EVIDENCE,False
UNEXPLORED_31,CHOPPY,bfbb49ed1d9c554e,1,2026-02-02,2026-02-02,TRACK_B_BASELINE_FAILURE,0,10,20,UNAVAILABLE,NO_WEAPON_EVIDENCE,False
UNEXPLORED_31,CHOPPY,bfbb49ed1d9c554e,1,2026-02-02,2026-02-02,TRACK_B_CONDITIONAL_SCORE,0,10,20,UNAVAILABLE,NO_WEAPON_EVIDENCE,False
UNEXPLORED_31,CHOPPY,bfbb49ed1d9c554e,1,2026-02-02,2026-02-02,TRACK_B_FACTOR_AGREEMENT,0,10,20,UNAVAILABLE,NO_WEAPON_EVIDENCE,False
UNEXPLORED_31,CHOPPY,bfbb49ed1d9c554e,1,2026-02-02,2026-02-02,TRACK_C_FACTOR_INTERACTION,0,10,20,UNAVAILABLE,NO_WEAPON_EVIDENCE,False
UNEXPLORED_31,CHOPPY,bfbb49ed1d9c554e,1,2026-02-02,2026-02-02,TRACK_C_REGIME_AWARE,0,10,20,UNAVAILABLE,NO_WEAPON_EVIDENCE,False
UNEXPLORED_31,CHOPPY,bfbb49ed1d9c554e,1,2026-02-02,2026-02-02,TRACK_C_SCENARIO_WEAPON,0,10,20,UNAVAILABLE,NO_WEAPON_EVIDENCE,False
UNEXPLORED_32,TREND_UP,93d0311726a1d9e8,1,2026-02-03,2026-02-03,TRACK_B_BASELINE_FAILURE,0,10,20,UNAVAILABLE,NO_WEAPON_EVIDENCE,False
UNEXPLORED_32,TREND_UP,93d0311726a1d9e8,1,2026-02-03,2026-02-03,TRACK_B_CONDITIONAL_SCORE,0,10,20,UNAVAILABLE,NO_WEAPON_EVIDENCE,False
UNEXPLORED_32,TREND_UP,93d0311726a1d9e8,1,2026-02-03,2026-02-03,TRACK_B_FACTOR_AGREEMENT,0,10,20,UNAVAILABLE,NO_WEAPON_EVIDENCE,False
UNEXPLORED_32,TREND_UP,93d0311726a1d9e8,1,2026-02-03,2026-02-03,TRACK_C_FACTOR_INTERACTION,0,10,20,UNAVAILABLE,NO_WEAPON_EVIDENCE,False
UNEXPLORED_32,TREND_UP,93d0311726a1d9e8,1,2026-02-03,2026-02-03,TRACK_C_REGIME_AWARE,0,10,20,UNAVAILABLE,NO_WEAPON_EVIDENCE,False
UNEXPLORED_32,TREND_UP,93d0311726a1d9e8,1,2026-02-03,2026-02-03,TRACK_C_SCENARIO_WEAPON,0,10,20,UNAVAILABLE,NO_WEAPON_EVIDENCE,False
UNEXPLORED_33,TREND_DOWN,988b3f1605642100,10,2026-03-13,2026-04-24,TRACK_B_BASELINE_FAILURE,5,5,15,EARLY,EVIDENCE_PRESENT,True
UNEXPLORED_33,TREND_DOWN,988b3f1605642100,10,2026-03-13,2026-04-24,TRACK_B_CONDITIONAL_SCORE,5,5,15,EARLY,EVIDENCE_PRESENT,True
UNEXPLORED_33,TREND_DOWN,988b3f1605642100,10,2026-03-13,2026-04-24,TRACK_B_FACTOR_AGREEMENT,5,5,15,EARLY,EVIDENCE_PRESENT,True
UNEXPLORED_33,TREND_DOWN,988b3f1605642100,10,2026-03-13,2026-04-24,TRACK_C_FACTOR_INTERACTION,0,10,20,UNAVAILABLE,NO_WEAPON_EVIDENCE,False
UNEXPLORED_33,TREND_DOWN,988b3f1605642100,10,2026-03-13,2026-04-24,TRACK_C_REGIME_AWARE,0,10,20,UNAVAILABLE,NO_WEAPON_EVIDENCE,False
UNEXPLORED_33,TREND_DOWN,988b3f1605642100,10,2026-03-13,2026-04-24,TRACK_C_SCENARIO_WEAPON,0,10,20,UNAVAILABLE,NO_WEAPON_EVIDENCE,False
UNEXPLORED_34,TREND_DOWN,c95d5d654f98d00f,5,2026-03-17,2026-04-30,TRACK_B_BASELINE_FAILURE,0,10,20,UNAVAILABLE,NO_WEAPON_EVIDENCE,False
UNEXPLORED_34,TREND_DOWN,c95d5d654f98d00f,5,2026-03-17,2026-04-30,TRACK_B_CONDITIONAL_SCORE,0,10,20,UNAVAILABLE,NO_WEAPON_EVIDENCE,False
UNEXPLORED_34,TREND_DOWN,c95d5d654f98d00f,5,2026-03-17,2026-04-30,TRACK_B_FACTOR_AGREEMENT,0,10,20,UNAVAILABLE,NO_WEAPON_EVIDENCE,False
UNEXPLORED_34,TREND_DOWN,c95d5d654f98d00f,5,2026-03-17,2026-04-30,TRACK_C_FACTOR_INTERACTION,0,10,20,UNAVAILABLE,NO_WEAPON_EVIDENCE,False
UNEXPLORED_34,TREND_DOWN,c95d5d654f98d00f,5,2026-03-17,2026-04-30,TRACK_C_REGIME_AWARE,0,10,20,UNAVAILABLE,NO_WEAPON_EVIDENCE,False
UNEXPLORED_34,TREND_DOWN,c95d5d654f98d00f,5,2026-03-17,2026-04-30,TRACK_C_SCENARIO_WEAPON,0,10,20,UNAVAILABLE,NO_WEAPON_EVIDENCE,False
UNEXPLORED_35,CHOPPY,82ce59f078fed6c1,4,2026-03-18,2026-05-05,TRACK_B_BASELINE_FAILURE,0,10,20,UNAVAILABLE,NO_WEAPON_EVIDENCE,False
UNEXPLORED_35,CHOPPY,82ce59f078fed6c1,4,2026-03-18,2026-05-05,TRACK_B_CONDITIONAL_SCORE,0,10,20,UNAVAILABLE,NO_WEAPON_EVIDENCE,False
UNEXPLORED_35,CHOPPY,82ce59f078fed6c1,4,2026-03-18,2026-05-05,TRACK_B_FACTOR_AGREEMENT,0,10,20,UNAVAILABLE,NO_WEAPON_EVIDENCE,False
UNEXPLORED_35,CHOPPY,82ce59f078fed6c1,4,2026-03-18,2026-05-05,TRACK_C_FACTOR_INTERACTION,0,10,20,UNAVAILABLE,NO_WEAPON_EVIDENCE,False
UNEXPLORED_35,CHOPPY,82ce59f078fed6c1,4,2026-03-18,2026-05-05,TRACK_C_REGIME_AWARE,0,10,20,UNAVAILABLE,NO_WEAPON_EVIDENCE,False
UNEXPLORED_35,CHOPPY,82ce59f078fed6c1,4,2026-03-18,2026-05-05,TRACK_C_SCENARIO_WEAPON,0,10,20,UNAVAILABLE,NO_WEAPON_EVIDENCE,False
UNEXPLORED_36,TREND_UP,92a560e6db252f77,2,2026-04-01,2026-05-06,TRACK_B_BASELINE_FAILURE,0,10,20,UNAVAILABLE,NO_WEAPON_EVIDENCE,False
UNEXPLORED_36,TREND_UP,92a560e6db252f77,2,2026-04-01,2026-05-06,TRACK_B_CONDITIONAL_SCORE,0,10,20,UNAVAILABLE,NO_WEAPON_EVIDENCE,False
UNEXPLORED_36,TREND_UP,92a560e6db252f77,2,2026-04-01,2026-05-06,TRACK_B_FACTOR_AGREEMENT,0,10,20,UNAVAILABLE,NO_WEAPON_EVIDENCE,False
UNEXPLORED_36,TREND_UP,92a560e6db252f77,2,2026-04-01,2026-05-06,TRACK_C_FACTOR_INTERACTION,0,10,20,UNAVAILABLE,NO_WEAPON_EVIDENCE,False
UNEXPLORED_36,TREND_UP,92a560e6db252f77,2,2026-04-01,2026-05-06,TRACK_C_REGIME_AWARE,0,10,20,UNAVAILABLE,NO_WEAPON_EVIDENCE,False
UNEXPLORED_36,TREND_UP,92a560e6db252f77,2,2026-04-01,2026-05-06,TRACK_C_SCENARIO_WEAPON,0,10,20,UNAVAILABLE,NO_WEAPON_EVIDENCE,False
UNEXPLORED_37,TREND_DOWN,d247e2b79d79bbff,1,2026-04-02,2026-04-02,TRACK_B_BASELINE_FAILURE,0,10,20,UNAVAILABLE,NO_WEAPON_EVIDENCE,False
UNEXPLORED_37,TREND_DOWN,d247e2b79d79bbff,1,2026-04-02,2026-04-02,TRACK_B_CONDITIONAL_SCORE,0,10,20,UNAVAILABLE,NO_WEAPON_EVIDENCE,False
UNEXPLORED_37,TREND_DOWN,d247e2b79d79bbff,1,2026-04-02,2026-04-02,TRACK_B_FACTOR_AGREEMENT,0,10,20,UNAVAILABLE,NO_WEAPON_EVIDENCE,False
UNEXPLORED_37,TREND_DOWN,d247e2b79d79bbff,1,2026-04-02,2026-04-02,TRACK_C_FACTOR_INTERACTION,0,10,20,UNAVAILABLE,NO_WEAPON_EVIDENCE,False
UNEXPLORED_37,TREND_DOWN,d247e2b79d79bbff,1,2026-04-02,2026-04-02,TRACK_C_REGIME_AWARE,0,10,20,UNAVAILABLE,NO_WEAPON_EVIDENCE,False
UNEXPLORED_37,TREND_DOWN,d247e2b79d79bbff,1,2026-04-02,2026-04-02,TRACK_C_SCENARIO_WEAPON,0,10,20,UNAVAILABLE,NO_WEAPON_EVIDENCE,False
UNEXPLORED_38,TREND_UP,ec5942bbf1e99e3c,1,2026-04-07,2026-04-07,TRACK_B_BASELINE_FAILURE,0,10,20,UNAVAILABLE,NO_WEAPON_EVIDENCE,False
UNEXPLORED_38,TREND_UP,ec5942bbf1e99e3c,1,2026-04-07,2026-04-07,TRACK_B_CONDITIONAL_SCORE,0,10,20,UNAVAILABLE,NO_WEAPON_EVIDENCE,False
UNEXPLORED_38,TREND_UP,ec5942bbf1e99e3c,1,2026-04-07,2026-04-07,TRACK_B_FACTOR_AGREEMENT,0,10,20,UNAVAILABLE,NO_WEAPON_EVIDENCE,False
UNEXPLORED_38,TREND_UP,ec5942bbf1e99e3c,1,2026-04-07,2026-04-07,TRACK_C_FACTOR_INTERACTION,0,10,20,UNAVAILABLE,NO_WEAPON_EVIDENCE,False
UNEXPLORED_38,TREND_UP,ec5942bbf1e99e3c,1,2026-04-07,2026-04-07,TRACK_C_REGIME_AWARE,0,10,20,UNAVAILABLE,NO_WEAPON_EVIDENCE,False
UNEXPLORED_38,TREND_UP,ec5942bbf1e99e3c,1,2026-04-07,2026-04-07,TRACK_C_SCENARIO_WEAPON,0,10,20,UNAVAILABLE,NO_WEAPON_EVIDENCE,False
UNEXPLORED_39,HIGH_VOL,60b2829a0cf4b20d,2,2026-04-08,2026-04-10,TRACK_B_BASELINE_FAILURE,0,10,20,UNAVAILABLE,NO_WEAPON_EVIDENCE,False
UNEXPLORED_39,HIGH_VOL,60b2829a0cf4b20d,2,2026-04-08,2026-04-10,TRACK_B_CONDITIONAL_SCORE,0,10,20,UNAVAILABLE,NO_WEAPON_EVIDENCE,False
UNEXPLORED_39,HIGH_VOL,60b2829a0cf4b20d,2,2026-04-08,2026-04-10,TRACK_B_FACTOR_AGREEMENT,0,10,20,UNAVAILABLE,NO_WEAPON_EVIDENCE,False
UNEXPLORED_39,HIGH_VOL,60b2829a0cf4b20d,2,2026-04-08,2026-04-10,TRACK_C_FACTOR_INTERACTION,0,10,20,UNAVAILABLE,NO_WEAPON_EVIDENCE,False
UNEXPLORED_39,HIGH_VOL,60b2829a0cf4b20d,2,2026-04-08,2026-04-10,TRACK_C_REGIME_AWARE,0,10,20,UNAVAILABLE,NO_WEAPON_EVIDENCE,False
UNEXPLORED_39,HIGH_VOL,60b2829a0cf4b20d,2,2026-04-08,2026-04-10,TRACK_C_SCENARIO_WEAPON,0,10,20,UNAVAILABLE,NO_WEAPON_EVIDENCE,False
UNEXPLORED_4,FLAT,e9bef98c2da50652,1,2025-08-14,2025-08-14,TRACK_B_BASELINE_FAILURE,0,10,20,UNAVAILABLE,NO_WEAPON_EVIDENCE,False
UNEXPLORED_4,FLAT,e9bef98c2da50652,1,2025-08-14,2025-08-14,TRACK_B_CONDITIONAL_SCORE,0,10,20,UNAVAILABLE,NO_WEAPON_EVIDENCE,False
UNEXPLORED_4,FLAT,e9bef98c2da50652,1,2025-08-14,2025-08-14,TRACK_B_FACTOR_AGREEMENT,0,10,20,UNAVAILABLE,NO_WEAPON_EVIDENCE,False
UNEXPLORED_4,FLAT,e9bef98c2da50652,1,2025-08-14,2025-08-14,TRACK_C_FACTOR_INTERACTION,0,10,20,UNAVAILABLE,NO_WEAPON_EVIDENCE,False
UNEXPLORED_4,FLAT,e9bef98c2da50652,1,2025-08-14,2025-08-14,TRACK_C_REGIME_AWARE,0,10,20,UNAVAILABLE,NO_WEAPON_EVIDENCE,False
UNEXPLORED_4,FLAT,e9bef98c2da50652,1,2025-08-14,2025-08-14,TRACK_C_SCENARIO_WEAPON,0,10,20,UNAVAILABLE,NO_WEAPON_EVIDENCE,False
UNEXPLORED_40,HIGH_VOL,0c9a77d1b82b9eb1,2,2026-04-09,2026-04-13,TRACK_B_BASELINE_FAILURE,0,10,20,UNAVAILABLE,NO_WEAPON_EVIDENCE,False
UNEXPLORED_40,HIGH_VOL,0c9a77d1b82b9eb1,2,2026-04-09,2026-04-13,TRACK_B_CONDITIONAL_SCORE,0,10,20,UNAVAILABLE,NO_WEAPON_EVIDENCE,False
UNEXPLORED_40,HIGH_VOL,0c9a77d1b82b9eb1,2,2026-04-09,2026-04-13,TRACK_B_FACTOR_AGREEMENT,0,10,20,UNAVAILABLE,NO_WEAPON_EVIDENCE,False
UNEXPLORED_40,HIGH_VOL,0c9a77d1b82b9eb1,2,2026-04-09,2026-04-13,TRACK_C_FACTOR_INTERACTION,0,10,20,UNAVAILABLE,NO_WEAPON_EVIDENCE,False
UNEXPLORED_40,HIGH_VOL,0c9a77d1b82b9eb1,2,2026-04-09,2026-04-13,TRACK_C_REGIME_AWARE,0,10,20,UNAVAILABLE,NO_WEAPON_EVIDENCE,False
UNEXPLORED_40,HIGH_VOL,0c9a77d1b82b9eb1,2,2026-04-09,2026-04-13,TRACK_C_SCENARIO_WEAPON,0,10,20,UNAVAILABLE,NO_WEAPON_EVIDENCE,False
UNEXPLORED_41,HIGH_VOL,3ae33daf9fd2cc89,1,2026-04-15,2026-04-15,TRACK_B_BASELINE_FAILURE,0,10,20,UNAVAILABLE,NO_WEAPON_EVIDENCE,False
UNEXPLORED_41,HIGH_VOL,3ae33daf9fd2cc89,1,2026-04-15,2026-04-15,TRACK_B_CONDITIONAL_SCORE,0,10,20,UNAVAILABLE,NO_WEAPON_EVIDENCE,False
UNEXPLORED_41,HIGH_VOL,3ae33daf9fd2cc89,1,2026-04-15,2026-04-15,TRACK_B_FACTOR_AGREEMENT,0,10,20,UNAVAILABLE,NO_WEAPON_EVIDENCE,False
UNEXPLORED_41,HIGH_VOL,3ae33daf9fd2cc89,1,2026-04-15,2026-04-15,TRACK_C_FACTOR_INTERACTION,0,10,20,UNAVAILABLE,NO_WEAPON_EVIDENCE,False
UNEXPLORED_41,HIGH_VOL,3ae33daf9fd2cc89,1,2026-04-15,2026-04-15,TRACK_C_REGIME_AWARE,0,10,20,UNAVAILABLE,NO_WEAPON_EVIDENCE,False
UNEXPLORED_41,HIGH_VOL,3ae33daf9fd2cc89,1,2026-04-15,2026-04-15,TRACK_C_SCENARIO_WEAPON,0,10,20,UNAVAILABLE,NO_WEAPON_EVIDENCE,False
UNEXPLORED_42,TREND_UP,58890405cc7b814b,3,2026-04-16,2026-05-07,TRACK_B_BASELINE_FAILURE,0,10,20,UNAVAILABLE,NO_WEAPON_EVIDENCE,False
UNEXPLORED_42,TREND_UP,58890405cc7b814b,3,2026-04-16,2026-05-07,TRACK_B_CONDITIONAL_SCORE,0,10,20,UNAVAILABLE,NO_WEAPON_EVIDENCE,False
UNEXPLORED_42,TREND_UP,58890405cc7b814b,3,2026-04-16,2026-05-07,TRACK_B_FACTOR_AGREEMENT,0,10,20,UNAVAILABLE,NO_WEAPON_EVIDENCE,False
UNEXPLORED_42,TREND_UP,58890405cc7b814b,3,2026-04-16,2026-05-07,TRACK_C_FACTOR_INTERACTION,0,10,20,UNAVAILABLE,NO_WEAPON_EVIDENCE,False
UNEXPLORED_42,TREND_UP,58890405cc7b814b,3,2026-04-16,2026-05-07,TRACK_C_REGIME_AWARE,0,10,20,UNAVAILABLE,NO_WEAPON_EVIDENCE,False
UNEXPLORED_42,TREND_UP,58890405cc7b814b,3,2026-04-16,2026-05-07,TRACK_C_SCENARIO_WEAPON,0,10,20,UNAVAILABLE,NO_WEAPON_EVIDENCE,False
UNEXPLORED_43,TREND_UP,4118ac72c4d880f1,4,2026-04-17,2026-05-04,TRACK_B_BASELINE_FAILURE,0,10,20,UNAVAILABLE,NO_WEAPON_EVIDENCE,False
UNEXPLORED_43,TREND_UP,4118ac72c4d880f1,4,2026-04-17,2026-05-04,TRACK_B_CONDITIONAL_SCORE,0,10,20,UNAVAILABLE,NO_WEAPON_EVIDENCE,False
UNEXPLORED_43,TREND_UP,4118ac72c4d880f1,4,2026-04-17,2026-05-04,TRACK_B_FACTOR_AGREEMENT,0,10,20,UNAVAILABLE,NO_WEAPON_EVIDENCE,False
UNEXPLORED_43,TREND_UP,4118ac72c4d880f1,4,2026-04-17,2026-05-04,TRACK_C_FACTOR_INTERACTION,0,10,20,UNAVAILABLE,NO_WEAPON_EVIDENCE,False
UNEXPLORED_43,TREND_UP,4118ac72c4d880f1,4,2026-04-17,2026-05-04,TRACK_C_REGIME_AWARE,0,10,20,UNAVAILABLE,NO_WEAPON_EVIDENCE,False
UNEXPLORED_43,TREND_UP,4118ac72c4d880f1,4,2026-04-17,2026-05-04,TRACK_C_SCENARIO_WEAPON,0,10,20,UNAVAILABLE,NO_WEAPON_EVIDENCE,False
UNEXPLORED_44,TREND_DOWN,79c3c63ae1d8c9ec,1,2026-05-18,2026-05-18,TRACK_B_BASELINE_FAILURE,0,10,20,UNAVAILABLE,NO_WEAPON_EVIDENCE,False
UNEXPLORED_44,TREND_DOWN,79c3c63ae1d8c9ec,1,2026-05-18,2026-05-18,TRACK_B_CONDITIONAL_SCORE,0,10,20,UNAVAILABLE,NO_WEAPON_EVIDENCE,False
UNEXPLORED_44,TREND_DOWN,79c3c63ae1d8c9ec,1,2026-05-18,2026-05-18,TRACK_B_FACTOR_AGREEMENT,0,10,20,UNAVAILABLE,NO_WEAPON_EVIDENCE,False
UNEXPLORED_44,TREND_DOWN,79c3c63ae1d8c9ec,1,2026-05-18,2026-05-18,TRACK_C_FACTOR_INTERACTION,0,10,20,UNAVAILABLE,NO_WEAPON_EVIDENCE,False
UNEXPLORED_44,TREND_DOWN,79c3c63ae1d8c9ec,1,2026-05-18,2026-05-18,TRACK_C_REGIME_AWARE,0,10,20,UNAVAILABLE,NO_WEAPON_EVIDENCE,False
UNEXPLORED_44,TREND_DOWN,79c3c63ae1d8c9ec,1,2026-05-18,2026-05-18,TRACK_C_SCENARIO_WEAPON,0,10,20,UNAVAILABLE,NO_WEAPON_EVIDENCE,False
UNEXPLORED_45,TREND_UP,d6359b8ab950e757,1,2026-05-25,2026-05-25,TRACK_B_BASELINE_FAILURE,0,10,20,UNAVAILABLE,NO_WEAPON_EVIDENCE,False
UNEXPLORED_45,TREND_UP,d6359b8ab950e757,1,2026-05-25,2026-05-25,TRACK_B_CONDITIONAL_SCORE,0,10,20,UNAVAILABLE,NO_WEAPON_EVIDENCE,False
UNEXPLORED_45,TREND_UP,d6359b8ab950e757,1,2026-05-25,2026-05-25,TRACK_B_FACTOR_AGREEMENT,0,10,20,UNAVAILABLE,NO_WEAPON_EVIDENCE,False
UNEXPLORED_45,TREND_UP,d6359b8ab950e757,1,2026-05-25,2026-05-25,TRACK_C_FACTOR_INTERACTION,0,10,20,UNAVAILABLE,NO_WEAPON_EVIDENCE,False
UNEXPLORED_45,TREND_UP,d6359b8ab950e757,1,2026-05-25,2026-05-25,TRACK_C_REGIME_AWARE,0,10,20,UNAVAILABLE,NO_WEAPON_EVIDENCE,False
UNEXPLORED_45,TREND_UP,d6359b8ab950e757,1,2026-05-25,2026-05-25,TRACK_C_SCENARIO_WEAPON,0,10,20,UNAVAILABLE,NO_WEAPON_EVIDENCE,False
UNEXPLORED_46,CHOPPY,9e7e6af0fb384ff0,2,2026-05-29,2026-07-08,TRACK_B_BASELINE_FAILURE,0,10,20,UNAVAILABLE,NO_WEAPON_EVIDENCE,False
UNEXPLORED_46,CHOPPY,9e7e6af0fb384ff0,2,2026-05-29,2026-07-08,TRACK_B_CONDITIONAL_SCORE,0,10,20,UNAVAILABLE,NO_WEAPON_EVIDENCE,False
UNEXPLORED_46,CHOPPY,9e7e6af0fb384ff0,2,2026-05-29,2026-07-08,TRACK_B_FACTOR_AGREEMENT,0,10,20,UNAVAILABLE,NO_WEAPON_EVIDENCE,False
UNEXPLORED_46,CHOPPY,9e7e6af0fb384ff0,2,2026-05-29,2026-07-08,TRACK_C_FACTOR_INTERACTION,0,10,20,UNAVAILABLE,NO_WEAPON_EVIDENCE,False
UNEXPLORED_46,CHOPPY,9e7e6af0fb384ff0,2,2026-05-29,2026-07-08,TRACK_C_REGIME_AWARE,0,10,20,UNAVAILABLE,NO_WEAPON_EVIDENCE,False
UNEXPLORED_46,CHOPPY,9e7e6af0fb384ff0,2,2026-05-29,2026-07-08,TRACK_C_SCENARIO_WEAPON,0,10,20,UNAVAILABLE,NO_WEAPON_EVIDENCE,False
UNEXPLORED_47,CHOPPY,84073d217eb96862,1,2026-07-10,2026-07-10,TRACK_B_BASELINE_FAILURE,0,10,20,UNAVAILABLE,NO_WEAPON_EVIDENCE,False
UNEXPLORED_47,CHOPPY,84073d217eb96862,1,2026-07-10,2026-07-10,TRACK_B_CONDITIONAL_SCORE,0,10,20,UNAVAILABLE,NO_WEAPON_EVIDENCE,False
UNEXPLORED_47,CHOPPY,84073d217eb96862,1,2026-07-10,2026-07-10,TRACK_B_FACTOR_AGREEMENT,0,10,20,UNAVAILABLE,NO_WEAPON_EVIDENCE,False
UNEXPLORED_47,CHOPPY,84073d217eb96862,1,2026-07-10,2026-07-10,TRACK_C_FACTOR_INTERACTION,0,10,20,UNAVAILABLE,NO_WEAPON_EVIDENCE,False
UNEXPLORED_47,CHOPPY,84073d217eb96862,1,2026-07-10,2026-07-10,TRACK_C_REGIME_AWARE,0,10,20,UNAVAILABLE,NO_WEAPON_EVIDENCE,False
UNEXPLORED_47,CHOPPY,84073d217eb96862,1,2026-07-10,2026-07-10,TRACK_C_SCENARIO_WEAPON,0,10,20,UNAVAILABLE,NO_WEAPON_EVIDENCE,False
UNEXPLORED_48,LOW_VOL,c80defeab6d188b3,8,2025-09-22,2026-01-30,TRACK_B_BASELINE_FAILURE,0,10,20,UNAVAILABLE,NO_WEAPON_EVIDENCE,False
UNEXPLORED_48,LOW_VOL,c80defeab6d188b3,8,2025-09-22,2026-01-30,TRACK_B_CONDITIONAL_SCORE,0,10,20,UNAVAILABLE,NO_WEAPON_EVIDENCE,False
UNEXPLORED_48,LOW_VOL,c80defeab6d188b3,8,2025-09-22,2026-01-30,TRACK_B_FACTOR_AGREEMENT,0,10,20,UNAVAILABLE,NO_WEAPON_EVIDENCE,False
UNEXPLORED_48,LOW_VOL,c80defeab6d188b3,8,2025-09-22,2026-01-30,TRACK_C_FACTOR_INTERACTION,0,10,20,UNAVAILABLE,NO_WEAPON_EVIDENCE,False
UNEXPLORED_48,LOW_VOL,c80defeab6d188b3,8,2025-09-22,2026-01-30,TRACK_C_REGIME_AWARE,0,10,20,UNAVAILABLE,NO_WEAPON_EVIDENCE,False
UNEXPLORED_48,LOW_VOL,c80defeab6d188b3,8,2025-09-22,2026-01-30,TRACK_C_SCENARIO_WEAPON,0,10,20,UNAVAILABLE,NO_WEAPON_EVIDENCE,False
UNEXPLORED_49,LOW_VOL,54272f837f9338fd,4,2025-09-23,2025-12-18,TRACK_B_BASELINE_FAILURE,0,10,20,UNAVAILABLE,NO_WEAPON_EVIDENCE,False
UNEXPLORED_49,LOW_VOL,54272f837f9338fd,4,2025-09-23,2025-12-18,TRACK_B_CONDITIONAL_SCORE,0,10,20,UNAVAILABLE,NO_WEAPON_EVIDENCE,False
UNEXPLORED_49,LOW_VOL,54272f837f9338fd,4,2025-09-23,2025-12-18,TRACK_B_FACTOR_AGREEMENT,0,10,20,UNAVAILABLE,NO_WEAPON_EVIDENCE,False
UNEXPLORED_49,LOW_VOL,54272f837f9338fd,4,2025-09-23,2025-12-18,TRACK_C_FACTOR_INTERACTION,0,10,20,UNAVAILABLE,NO_WEAPON_EVIDENCE,False
UNEXPLORED_49,LOW_VOL,54272f837f9338fd,4,2025-09-23,2025-12-18,TRACK_C_REGIME_AWARE,0,10,20,UNAVAILABLE,NO_WEAPON_EVIDENCE,False
UNEXPLORED_49,LOW_VOL,54272f837f9338fd,4,2025-09-23,2025-12-18,TRACK_C_SCENARIO_WEAPON,0,10,20,UNAVAILABLE,NO_WEAPON_EVIDENCE,False
UNEXPLORED_5,FLAT,93124ec8190bd08f,3,2025-08-18,2025-08-22,TRACK_B_BASELINE_FAILURE,0,10,20,UNAVAILABLE,NO_WEAPON_EVIDENCE,False
UNEXPLORED_5,FLAT,93124ec8190bd08f,3,2025-08-18,2025-08-22,TRACK_B_CONDITIONAL_SCORE,0,10,20,UNAVAILABLE,NO_WEAPON_EVIDENCE,False
UNEXPLORED_5,FLAT,93124ec8190bd08f,3,2025-08-18,2025-08-22,TRACK_B_FACTOR_AGREEMENT,0,10,20,UNAVAILABLE,NO_WEAPON_EVIDENCE,False
UNEXPLORED_5,FLAT,93124ec8190bd08f,3,2025-08-18,2025-08-22,TRACK_C_FACTOR_INTERACTION,0,10,20,UNAVAILABLE,NO_WEAPON_EVIDENCE,False
UNEXPLORED_5,FLAT,93124ec8190bd08f,3,2025-08-18,2025-08-22,TRACK_C_REGIME_AWARE,0,10,20,UNAVAILABLE,NO_WEAPON_EVIDENCE,False
UNEXPLORED_5,FLAT,93124ec8190bd08f,3,2025-08-18,2025-08-22,TRACK_C_SCENARIO_WEAPON,0,10,20,UNAVAILABLE,NO_WEAPON_EVIDENCE,False
UNEXPLORED_50,LOW_VOL,541d282d55435420,6,2025-10-13,2025-12-22,TRACK_B_BASELINE_FAILURE,0,10,20,UNAVAILABLE,NO_WEAPON_EVIDENCE,False
UNEXPLORED_50,LOW_VOL,541d282d55435420,6,2025-10-13,2025-12-22,TRACK_B_CONDITIONAL_SCORE,0,10,20,UNAVAILABLE,NO_WEAPON_EVIDENCE,False
UNEXPLORED_50,LOW_VOL,541d282d55435420,6,2025-10-13,2025-12-22,TRACK_B_FACTOR_AGREEMENT,0,10,20,UNAVAILABLE,NO_WEAPON_EVIDENCE,False
UNEXPLORED_50,LOW_VOL,541d282d55435420,6,2025-10-13,2025-12-22,TRACK_C_FACTOR_INTERACTION,0,10,20,UNAVAILABLE,NO_WEAPON_EVIDENCE,False
UNEXPLORED_50,LOW_VOL,541d282d55435420,6,2025-10-13,2025-12-22,TRACK_C_REGIME_AWARE,0,10,20,UNAVAILABLE,NO_WEAPON_EVIDENCE,False
UNEXPLORED_50,LOW_VOL,541d282d55435420,6,2025-10-13,2025-12-22,TRACK_C_SCENARIO_WEAPON,0,10,20,UNAVAILABLE,NO_WEAPON_EVIDENCE,False
UNEXPLORED_6,FLAT,c99712d194516d6c,1,2025-08-19,2025-08-19,TRACK_B_BASELINE_FAILURE,0,10,20,UNAVAILABLE,NO_WEAPON_EVIDENCE,False
UNEXPLORED_6,FLAT,c99712d194516d6c,1,2025-08-19,2025-08-19,TRACK_B_CONDITIONAL_SCORE,0,10,20,UNAVAILABLE,NO_WEAPON_EVIDENCE,False
UNEXPLORED_6,FLAT,c99712d194516d6c,1,2025-08-19,2025-08-19,TRACK_B_FACTOR_AGREEMENT,0,10,20,UNAVAILABLE,NO_WEAPON_EVIDENCE,False
UNEXPLORED_6,FLAT,c99712d194516d6c,1,2025-08-19,2025-08-19,TRACK_C_FACTOR_INTERACTION,0,10,20,UNAVAILABLE,NO_WEAPON_EVIDENCE,False
UNEXPLORED_6,FLAT,c99712d194516d6c,1,2025-08-19,2025-08-19,TRACK_C_REGIME_AWARE,0,10,20,UNAVAILABLE,NO_WEAPON_EVIDENCE,False
UNEXPLORED_6,FLAT,c99712d194516d6c,1,2025-08-19,2025-08-19,TRACK_C_SCENARIO_WEAPON,0,10,20,UNAVAILABLE,NO_WEAPON_EVIDENCE,False
UNEXPLORED_7,FLAT,8e59d98027edb1e3,1,2025-08-21,2025-08-21,TRACK_B_BASELINE_FAILURE,0,10,20,UNAVAILABLE,NO_WEAPON_EVIDENCE,False
UNEXPLORED_7,FLAT,8e59d98027edb1e3,1,2025-08-21,2025-08-21,TRACK_B_CONDITIONAL_SCORE,0,10,20,UNAVAILABLE,NO_WEAPON_EVIDENCE,False
UNEXPLORED_7,FLAT,8e59d98027edb1e3,1,2025-08-21,2025-08-21,TRACK_B_FACTOR_AGREEMENT,0,10,20,UNAVAILABLE,NO_WEAPON_EVIDENCE,False
UNEXPLORED_7,FLAT,8e59d98027edb1e3,1,2025-08-21,2025-08-21,TRACK_C_FACTOR_INTERACTION,0,10,20,UNAVAILABLE,NO_WEAPON_EVIDENCE,False
UNEXPLORED_7,FLAT,8e59d98027edb1e3,1,2025-08-21,2025-08-21,TRACK_C_REGIME_AWARE,0,10,20,UNAVAILABLE,NO_WEAPON_EVIDENCE,False
UNEXPLORED_7,FLAT,8e59d98027edb1e3,1,2025-08-21,2025-08-21,TRACK_C_SCENARIO_WEAPON,0,10,20,UNAVAILABLE,NO_WEAPON_EVIDENCE,False
UNEXPLORED_8,FLAT,e6e4bf45dd1d56b3,1,2025-08-25,2025-08-25,TRACK_B_BASELINE_FAILURE,0,10,20,UNAVAILABLE,NO_WEAPON_EVIDENCE,False
UNEXPLORED_8,FLAT,e6e4bf45dd1d56b3,1,2025-08-25,2025-08-25,TRACK_B_CONDITIONAL_SCORE,0,10,20,UNAVAILABLE,NO_WEAPON_EVIDENCE,False
UNEXPLORED_8,FLAT,e6e4bf45dd1d56b3,1,2025-08-25,2025-08-25,TRACK_B_FACTOR_AGREEMENT,0,10,20,UNAVAILABLE,NO_WEAPON_EVIDENCE,False
UNEXPLORED_8,FLAT,e6e4bf45dd1d56b3,1,2025-08-25,2025-08-25,TRACK_C_FACTOR_INTERACTION,0,10,20,UNAVAILABLE,NO_WEAPON_EVIDENCE,False
UNEXPLORED_8,FLAT,e6e4bf45dd1d56b3,1,2025-08-25,2025-08-25,TRACK_C_REGIME_AWARE,0,10,20,UNAVAILABLE,NO_WEAPON_EVIDENCE,False
UNEXPLORED_8,FLAT,e6e4bf45dd1d56b3,1,2025-08-25,2025-08-25,TRACK_C_SCENARIO_WEAPON,0,10,20,UNAVAILABLE,NO_WEAPON_EVIDENCE,False
UNEXPLORED_9,FLAT,455111ec35cce1a6,1,2025-08-26,2025-08-26,TRACK_B_BASELINE_FAILURE,0,10,20,UNAVAILABLE,NO_WEAPON_EVIDENCE,False
UNEXPLORED_9,FLAT,455111ec35cce1a6,1,2025-08-26,2025-08-26,TRACK_B_CONDITIONAL_SCORE,0,10,20,UNAVAILABLE,NO_WEAPON_EVIDENCE,False
UNEXPLORED_9,FLAT,455111ec35cce1a6,1,2025-08-26,2025-08-26,TRACK_B_FACTOR_AGREEMENT,0,10,20,UNAVAILABLE,NO_WEAPON_EVIDENCE,False
UNEXPLORED_9,FLAT,455111ec35cce1a6,1,2025-08-26,2025-08-26,TRACK_C_FACTOR_INTERACTION,0,10,20,UNAVAILABLE,NO_WEAPON_EVIDENCE,False
UNEXPLORED_9,FLAT,455111ec35cce1a6,1,2025-08-26,2025-08-26,TRACK_C_REGIME_AWARE,0,10,20,UNAVAILABLE,NO_WEAPON_EVIDENCE,False
UNEXPLORED_9,FLAT,455111ec35cce1a6,1,2025-08-26,2025-08-26,TRACK_C_SCENARIO_WEAPON,0,10,20,UNAVAILABLE,NO_WEAPON_EVIDENCE,False
