primary_scenario,factor,factor_state,observations,scenario_dates,symbols,positive_5d_pct,mean_return_5d,median_return_5d,worst_return_5d,best_return_5d
CHOPPY,intelligence_score,HIGH,622,31,46,45.337620578778136,-0.3741183279742765,-0.29025,-36.7376,10.7911
CHOPPY,intelligence_score,MEDIUM,897,31,49,48.04905239687848,-0.0030959866220735834,-0.0944,-9.7891,13.4597
CHOPPY,liquidity_score,HIGH,417,31,23,47.24220623501199,-0.22606906474820146,-0.1887,-36.7376,13.4597
CHOPPY,liquidity_score,MEDIUM,162,31,8,53.086419753086425,0.5020685185185185,0.2989,-8.5783,9.3286
CHOPPY,liquidity_score,VERY_HIGH,940,31,38,45.744680851063826,-0.23674787234042555,-0.27895,-15.3226,11.4027
CHOPPY,momentum_score,HIGH,154,30,47,38.311688311688314,-0.6584681818181818,-0.68065,-8.7905,10.4581
CHOPPY,momentum_score,LOW,140,28,44,48.57142857142857,0.05780928571428575,-0.0616,-9.7891,12.1019
CHOPPY,momentum_score,MEDIUM,1219,31,49,47.82608695652174,-0.11629819524200163,-0.128,-36.7376,13.4597
CHOPPY,momentum_score,VERY_HIGH,6,4,6,50.0,-0.06673333333333331,-0.1618,-3.0464,3.0868
CHOPPY,relative_strength,LOW,1519,31,49,46.93877551020408,-0.15502218564845294,-0.189,-36.7376,13.4597
CHOPPY,trend_score,HIGH,251,31,49,45.0199203187251,-0.11747529880478086,-0.2836,-9.7891,11.3035
CHOPPY,trend_score,MEDIUM,448,31,49,46.205357142857146,-0.13363214285714292,-0.2509,-9.5029,13.4597
CHOPPY,trend_score,VERY_HIGH,820,31,49,47.92682926829268,-0.17820146341463416,-0.08655,-36.7376,11.4027
CHOPPY,volatility_score,HIGH,250,26,43,44.800000000000004,-0.183168,-0.4979,-9.7891,13.4597
CHOPPY,volatility_score,LOW,1,1,1,100.0,3.8459,3.8459,3.8459,3.8459
CHOPPY,volatility_score,VERY_HIGH,1268,31,49,47.3186119873817,-0.15262823343848572,-0.16795,-36.7376,11.4027
FLAT,intelligence_score,HIGH,122,6,43,53.278688524590166,0.15915081967213113,0.21539999999999998,-7.5529,9.2944
FLAT,intelligence_score,LOW,2,2,1,0.0,-5.1516,-5.1516,-7.1436,-3.1596
FLAT,intelligence_score,MEDIUM,170,6,47,52.94117647058824,0.13372529411764705,0.162,-7.2081,9.2145
FLAT,liquidity_score,HIGH,102,6,22,48.03921568627451,-0.24659509803921575,-0.1586,-7.2081,5.6309
FLAT,liquidity_score,MEDIUM,30,6,7,53.333333333333336,0.37138666666666675,0.3953,-4.5028,9.2145
FLAT,liquidity_score,VERY_HIGH,162,6,33,55.55555555555556,0.2830716049382716,0.2414,-7.5529,9.2944
FLAT,momentum_score,HIGH,17,5,12,41.17647058823529,-0.17964117647058828,-0.7583,-2.6282,4.4753
FLAT,momentum_score,LOW,11,5,8,36.36363636363637,-1.7185727272727271,-2.2754,-7.1436,3.3968
FLAT,momentum_score,MEDIUM,266,6,49,54.13533834586466,0.20227330827067663,0.2187,-7.5529,9.2944
FLAT,relative_strength,LOW,294,6,49,52.721088435374156,0.1083214285714286,0.16849999999999998,-7.5529,9.2944
FLAT,trend_score,HIGH,44,6,34,47.72727272727273,0.28208636363636364,-0.1381,-4.4847,7.6861
FLAT,trend_score,MEDIUM,84,6,42,54.761904761904766,0.11419047619047615,0.20715,-7.1436,7.2496
FLAT,trend_score,VERY_HIGH,166,6,48,53.01204819277109,0.059293373493975954,0.20600000000000002,-7.5529,9.2944
FLAT,volatility_score,HIGH,10,4,9,50.0,-0.35875000000000007,-0.06930000000000003,-6.3075,4.8257
FLAT,volatility_score,LOW,2,2,1,0.0,-5.1516,-5.1516,-7.1436,-3.1596
FLAT,volatility_score,VERY_HIGH,282,6,49,53.191489361702125,0.16218865248226946,0.1866,-7.5529,9.2944
HIGH_VOL,intelligence_score,HIGH,145,5,39,71.03448275862068,2.31118,2.3364,-11.438,12.5438
HIGH_VOL,intelligence_score,MEDIUM,100,5,33,78.0,2.245536,2.12365,-3.6728,13.2915
HIGH_VOL,liquidity_score,HIGH,57,5,12,73.68421052631578,2.721471929824561,2.4413,-4.3734,13.2915
HIGH_VOL,liquidity_score,MEDIUM,20,5,4,80.0,2.220995,2.62965,-2.666,4.9007
HIGH_VOL,liquidity_score,VERY_HIGH,168,5,34,73.21428571428571,2.1436363095238096,2.277,-11.438,9.8468
HIGH_VOL,momentum_score,HIGH,85,5,42,69.41176470588235,2.073738823529412,2.3364,-5.6835,11.47
HIGH_VOL,momentum_score,LOW,12,3,10,83.33333333333334,1.7405000000000002,2.2322,-3.6728,5.5771
HIGH_VOL,momentum_score,MEDIUM,128,5,48,78.125,2.6584953125,2.59785,-11.438,13.2915
HIGH_VOL,momentum_score,VERY_HIGH,20,3,17,60.0,1.1116750000000004,1.2588,-2.5303,7.8237
HIGH_VOL,relative_strength,LOW,245,5,49,73.87755102040816,2.2843865306122444,2.3334,-11.438,13.2915
HIGH_VOL,trend_score,HIGH,21,5,13,66.66666666666666,1.3509809523809522,1.7623,-3.6728,6.7092
HIGH_VOL,trend_score,MEDIUM,24,5,9,70.83333333333334,1.4277666666666669,1.2701,-2.4227,5.9013
HIGH_VOL,trend_score,VERY_HIGH,200,5,44,75.0,2.4851885,2.55475,-11.438,13.2915
HIGH_VOL,volatility_score,HIGH,146,5,30,77.3972602739726,2.5691643835616436,2.5665500000000003,-5.6835,13.2915
HIGH_VOL,volatility_score,MEDIUM,5,5,1,80.0,2.43274,2.3116,-0.044,4.1032
HIGH_VOL,volatility_score,VERY_HIGH,94,5,20,68.08510638297872,1.83418085106383,1.66105,-11.438,12.5438
LOW_VOL,intelligence_score,HIGH,363,18,44,47.107438016528924,-0.008573553719008229,-0.074,-13.1396,14.1326
LOW_VOL,intelligence_score,LOW,2,2,1,50.0,-0.4959500000000001,-0.4959500000000001,-3.8142,2.8223
LOW_VOL,intelligence_score,MEDIUM,517,18,48,56.67311411992263,0.26229129593810446,0.3458,-30.1183,10.196
LOW_VOL,liquidity_score,HIGH,283,18,22,49.82332155477032,-0.07609893992932862,-0.0062,-30.1183,10.196
LOW_VOL,liquidity_score,MEDIUM,102,18,8,56.86274509803921,0.2028852941176471,0.49925,-7.6532,5.0858
LOW_VOL,liquidity_score,VERY_HIGH,497,18,32,53.52112676056338,0.266282092555332,0.2135,-13.1396,14.1326
LOW_VOL,momentum_score,HIGH,51,16,29,37.254901960784316,-0.42476470588235293,-0.4224,-6.3705,12.6707
LOW_VOL,momentum_score,LOW,44,14,28,40.909090909090914,-0.7026977272727273,-0.8389500000000001,-9.7743,7.5368
LOW_VOL,momentum_score,MEDIUM,786,18,49,54.4529262086514,0.2400073791348601,0.24775,-30.1183,14.1326
LOW_VOL,momentum_score,VERY_HIGH,1,1,1,0.0,-4.5636,-4.5636,-4.5636,-4.5636
LOW_VOL,relative_strength,LOW,882,18,49,52.721088435374156,0.14909353741496598,0.14625,-30.1183,14.1326
LOW_VOL,trend_score,HIGH,168,18,47,52.976190476190474,0.20793809523809528,0.1231,-7.2155,14.1326
LOW_VOL,trend_score,MEDIUM,271,18,48,59.040590405904055,0.4628723247232473,0.4874,-8.2029,10.196
LOW_VOL,trend_score,VERY_HIGH,443,18,49,48.75846501128668,-0.06517268623024833,-0.0185,-30.1183,12.8949
LOW_VOL,volatility_score,HIGH,18,7,12,38.88888888888889,0.47946666666666654,-0.65635,-5.1901,10.196
LOW_VOL,volatility_score,LOW,1,1,1,0.0,-3.8142,-3.8142,-3.8142,-3.8142
LOW_VOL,volatility_score,VERY_HIGH,863,18,49,53.070683661645425,0.14679524913093867,0.1699,-30.1183,14.1326
TREND_DOWN,intelligence_score,HIGH,1224,82,46,54.084967320261434,0.27772867647058824,0.29015,-14.5157,13.6238
TREND_DOWN,intelligence_score,LOW,27,17,6,51.85185185185185,0.03917407407407393,0.0794,-5.5597,7.9851
TREND_DOWN,intelligence_score,MEDIUM,2767,82,49,49.18684495843874,0.09515923382724961,-0.0352,-35.87,18.484
TREND_DOWN,liquidity_score,HIGH,1098,82,25,48.998178506375226,-0.05544863387978134,-0.07385,-35.87,18.484
TREND_DOWN,liquidity_score,MEDIUM,419,82,8,46.30071599045346,-0.29524821002386636,-0.1996,-11.4374,12.0454
TREND_DOWN,liquidity_score,VERY_HIGH,2501,82,38,52.179128348660534,0.3154317473010796,0.1825,-14.5157,17.326
TREND_DOWN,momentum_score,HIGH,282,67,48,54.96453900709219,0.3914677304964539,0.38580000000000003,-11.4739,12.4062
TREND_DOWN,momentum_score,LOW,789,76,49,49.93662864385298,0.15495044359949273,0.0,-13.047,18.484
TREND_DOWN,momentum_score,MEDIUM,2932,82,49,50.51159618008185,0.13245092087312416,0.042550000000000004,-35.87,17.2931
TREND_DOWN,momentum_score,VERY_HIGH,15,11,11,46.666666666666664,-1.1128466666666668,-0.564,-12.0929,5.1918
TREND_DOWN,relative_strength,LOW,4018,82,49,50.696864111498265,0.15039900447984073,0.053099999999999994,-35.87,18.484
TREND_DOWN,trend_score,HIGH,803,82,49,51.18306351183064,0.19926811955168117,0.1202,-13.047,14.3204
TREND_DOWN,trend_score,MEDIUM,1629,82,49,47.6365868631062,0.09262989564149784,-0.1725,-13.5864,18.484
TREND_DOWN,trend_score,VERY_HIGH,1586,82,49,53.593947036569986,0.18499167717528373,0.256,-35.87,13.6238
TREND_DOWN,volatility_score,HIGH,807,75,43,53.53159851301115,0.5765576208178439,0.3846,-12.9323,18.484
TREND_DOWN,volatility_score,LOW,11,11,1,27.27272727272727,-1.3230363636363636,-1.4585,-4.2675,1.5779
TREND_DOWN,volatility_score,MEDIUM,1,1,1,100.0,8.2004,8.2004,8.2004,8.2004
TREND_DOWN,volatility_score,VERY_HIGH,3199,82,49,50.04688965301657,0.045443638637074006,0.0079,-35.87,17.2931
TREND_UP,intelligence_score,HIGH,2084,84,47,50.14395393474088,-0.09284184261036463,0.0155,-16.5777,12.3968
TREND_UP,intelligence_score,LOW,4,4,1,25.0,-3.3490749999999996,-5.76735,-9.9033,8.0417
TREND_UP,intelligence_score,MEDIUM,2022,84,49,51.38476755687438,0.23985291790306623,0.07635,-33.2122,16.3503
TREND_UP,liquidity_score,HIGH,1171,84,26,50.72587532023911,0.06449299743808713,0.0459,-33.2122,16.3503
TREND_UP,liquidity_score,MEDIUM,436,84,8,52.06422018348624,0.2352461009174312,0.09655,-8.7403,12.365
TREND_UP,liquidity_score,VERY_HIGH,2503,84,38,50.499400719137036,0.03995817019576507,0.0369,-17.0136,13.9366
TREND_UP,momentum_score,HIGH,616,81,49,50.16233766233766,-0.0047488636363636014,0.0195,-33.2122,10.7666
TREND_UP,momentum_score,LOW,139,56,44,43.16546762589928,-0.5683697841726618,-0.6429,-9.9033,10.7716
TREND_UP,momentum_score,MEDIUM,3328,84,49,51.051682692307686,0.10054876802884613,0.058,-31.3997,16.3503
TREND_UP,momentum_score,VERY_HIGH,27,19,17,62.96296296296296,0.9409740740740742,1.5922,-7.3404,9.1931
TREND_UP,relative_strength,LOW,4110,84,49,50.72992700729927,0.06766518248175184,0.04065,-33.2122,16.3503
TREND_UP,trend_score,HIGH,594,83,49,53.70370370370371,0.2906712121212121,0.2262,-8.8731,12.365
TREND_UP,trend_score,MEDIUM,868,84,49,56.91244239631337,0.7114729262672811,0.49985,-9.9948,16.3503
TREND_UP,trend_score,VERY_HIGH,2648,84,49,48.036253776435046,-0.19339626132930512,-0.1507,-33.2122,12.3968
TREND_UP,volatility_score,HIGH,600,64,45,49.333333333333336,0.03584199999999991,-0.09475,-13.2693,13.9366
TREND_UP,volatility_score,LOW,4,4,1,25.0,-3.3490749999999996,-5.76735,-9.9033,8.0417
TREND_UP,volatility_score,MEDIUM,4,4,1,0.0,-4.83505,-4.6095,-8.8061,-1.3151
TREND_UP,volatility_score,VERY_HIGH,3502,84,49,51.05653912050258,0.08261998857795545,0.055099999999999996,-33.2122,16.3503
