primary_scenario,factor,factor_state,observations,scenario_dates,symbols,positive_5d_pct,mean_return_5d,median_return_5d,worst_return_5d,best_return_5d,scenario_baseline_observations,scenario_baseline_positive_5d_pct,scenario_baseline_mean_return_5d,global_baseline_observations,global_baseline_positive_5d_pct,global_baseline_mean_return_5d,positive_rate_lift_vs_scenario,mean_return_lift_vs_scenario,positive_rate_lift_vs_global,mean_return_lift_vs_global,predictive_strength_status,predictive_strength_reason
TREND_DOWN,volatility_score,MEDIUM,1,1,1,100.0,8.2004,8.2004,8.2004,8.2004,4067,50.30735185640521,0.13100995820014752,12446,50.851679254378915,0.14779617547806523,49.69264814359479,8.069390041799853,49.148320745621085,8.052603824521935,INSUFFICIENT,Conditional relationship has fewer than 30 observations.
CHOPPY,volatility_score,LOW,1,1,1,100.0,3.8459,3.8459,3.8459,3.8459,1519,46.93877551020408,-0.15502218564845294,12446,50.851679254378915,0.14779617547806523,53.06122448979592,4.000922185648453,49.148320745621085,3.698103824521935,INSUFFICIENT,Conditional relationship has fewer than 30 observations.
TREND_UP,momentum_score,VERY_HIGH,27,19,17,62.96296296296296,0.9409740740740742,1.5922,-7.3404,9.1931,4159,50.613128155806685,0.07023282038951671,12446,50.851679254378915,0.14779617547806523,12.349834807156277,0.8707412536845575,12.111283708584047,0.793177898596009,INSUFFICIENT,Conditional relationship has fewer than 30 observations.
LOW_VOL,volatility_score,HIGH,18,7,12,38.88888888888889,0.4794666666666665,-0.65635,-5.1901,10.196,882,52.721088435374156,0.149093537414966,12446,50.851679254378915,0.14779617547806523,-13.832199546485263,0.3303731292517005,-11.962790365490022,0.33167049118860126,INSUFFICIENT,Conditional relationship has fewer than 30 observations.
HIGH_VOL,volatility_score,MEDIUM,5,5,1,80.0,2.43274,2.3116,-0.044,4.1032,245,73.87755102040816,2.284386530612245,12446,50.851679254378915,0.14779617547806523,6.122448979591837,0.14835346938775507,29.148320745621085,2.2849438245219345,INSUFFICIENT,Conditional relationship has fewer than 30 observations.
CHOPPY,momentum_score,VERY_HIGH,6,4,6,50.0,-0.0667333333333333,-0.1618,-3.0464,3.0868,1519,46.93877551020408,-0.15502218564845294,12446,50.851679254378915,0.14779617547806523,3.0612244897959187,0.08828885231511964,-0.8516792543789151,-0.21452950881139854,INSUFFICIENT,Conditional relationship has fewer than 30 observations.
HIGH_VOL,liquidity_score,MEDIUM,20,5,4,80.0,2.220995,2.62965,-2.666,4.9007,245,73.87755102040816,2.284386530612245,12446,50.851679254378915,0.14779617547806523,6.122448979591837,-0.063391530612245,29.148320745621085,2.073198824521935,INSUFFICIENT,Conditional relationship has fewer than 30 observations.
TREND_DOWN,intelligence_score,LOW,27,17,6,51.85185185185185,0.0391740740740739,0.0794,-5.5597,7.9851,4067,50.30735185640521,0.13100995820014752,12446,50.851679254378915,0.14779617547806523,1.5444999954466354,-0.09183588412607362,1.0001725974729325,-0.10862210140399133,INSUFFICIENT,Conditional relationship has fewer than 30 observations.
FLAT,momentum_score,HIGH,17,5,12,41.17647058823529,-0.1796411764705882,-0.7583,-2.6282,4.4753,294,52.721088435374156,0.10832142857142855,12446,50.851679254378915,0.14779617547806523,-11.544617847138866,-0.28796260504201676,-9.675208666143625,-0.3274373519486534,INSUFFICIENT,Conditional relationship has fewer than 30 observations.
FLAT,volatility_score,HIGH,10,4,9,50.0,-0.35875,-0.0693,-6.3075,4.8257,294,52.721088435374156,0.10832142857142855,12446,50.851679254378915,0.14779617547806523,-2.7210884353741562,-0.4670714285714286,-0.8516792543789151,-0.5065461754780652,INSUFFICIENT,Conditional relationship has fewer than 30 observations.
HIGH_VOL,momentum_score,LOW,12,3,10,83.33333333333334,1.7405000000000002,2.2322,-3.6728,5.5771,245,73.87755102040816,2.284386530612245,12446,50.851679254378915,0.14779617547806523,9.45578231292518,-0.5438865306122447,32.48165407895443,1.592703824521935,INSUFFICIENT,Conditional relationship has fewer than 30 observations.
LOW_VOL,intelligence_score,LOW,2,2,1,50.0,-0.4959500000000001,-0.4959500000000001,-3.8142,2.8223,882,52.721088435374156,0.149093537414966,12446,50.851679254378915,0.14779617547806523,-2.7210884353741562,-0.6450435374149661,-0.8516792543789151,-0.6437461754780653,INSUFFICIENT,Conditional relationship has fewer than 30 observations.
HIGH_VOL,trend_score,MEDIUM,24,5,9,70.83333333333334,1.4277666666666669,1.2701,-2.4227,5.9013,245,73.87755102040816,2.284386530612245,12446,50.851679254378915,0.14779617547806523,-3.04421768707482,-0.856619863945578,19.981654078954428,1.2799704911886016,INSUFFICIENT,Conditional relationship has fewer than 30 observations.
HIGH_VOL,trend_score,HIGH,21,5,13,66.66666666666666,1.3509809523809522,1.7623,-3.6728,6.7092,245,73.87755102040816,2.284386530612245,12446,50.851679254378915,0.14779617547806523,-7.2108843537415055,-0.9334055782312927,15.814987412287742,1.203184776902887,INSUFFICIENT,Conditional relationship has fewer than 30 observations.
HIGH_VOL,momentum_score,VERY_HIGH,20,3,17,60.0,1.1116750000000004,1.2588,-2.5303,7.8237,245,73.87755102040816,2.284386530612245,12446,50.851679254378915,0.14779617547806523,-13.877551020408163,-1.1727115306122444,9.148320745621085,0.9638788245219352,INSUFFICIENT,Conditional relationship has fewer than 30 observations.
TREND_DOWN,momentum_score,VERY_HIGH,15,11,11,46.66666666666666,-1.1128466666666668,-0.564,-12.0929,5.1918,4067,50.30735185640521,0.13100995820014752,12446,50.851679254378915,0.14779617547806523,-3.640685189738555,-1.2438566248668144,-4.185012587712258,-1.260642842144732,INSUFFICIENT,Conditional relationship has fewer than 30 observations.
TREND_DOWN,volatility_score,LOW,11,11,1,27.27272727272727,-1.3230363636363636,-1.4585,-4.2675,1.5779,4067,50.30735185640521,0.13100995820014752,12446,50.851679254378915,0.14779617547806523,-23.034624583677942,-1.4540463218365112,-23.578951981651645,-1.4708325391144288,INSUFFICIENT,Conditional relationship has fewer than 30 observations.
FLAT,momentum_score,LOW,11,5,8,36.36363636363637,-1.7185727272727271,-2.2754,-7.1436,3.3968,294,52.721088435374156,0.10832142857142855,12446,50.851679254378915,0.14779617547806523,-16.35745207173779,-1.8268941558441556,-14.488042890742548,-1.8663689027507924,INSUFFICIENT,Conditional relationship has fewer than 30 observations.
TREND_UP,intelligence_score,LOW,4,4,1,25.0,-3.349075,-5.76735,-9.9033,8.0417,4159,50.613128155806685,0.07023282038951671,12446,50.851679254378915,0.14779617547806523,-25.613128155806685,-3.4193078203895166,-25.851679254378915,-3.4968711754780655,INSUFFICIENT,Conditional relationship has fewer than 30 observations.
TREND_UP,volatility_score,LOW,4,4,1,25.0,-3.349075,-5.76735,-9.9033,8.0417,4159,50.613128155806685,0.07023282038951671,12446,50.851679254378915,0.14779617547806523,-25.613128155806685,-3.4193078203895166,-25.851679254378915,-3.4968711754780655,INSUFFICIENT,Conditional relationship has fewer than 30 observations.
LOW_VOL,volatility_score,LOW,1,1,1,0.0,-3.8142,-3.8142,-3.8142,-3.8142,882,52.721088435374156,0.149093537414966,12446,50.851679254378915,0.14779617547806523,-52.721088435374156,-3.963293537414966,-50.851679254378915,-3.961996175478065,INSUFFICIENT,Conditional relationship has fewer than 30 observations.
LOW_VOL,momentum_score,VERY_HIGH,1,1,1,0.0,-4.5636,-4.5636,-4.5636,-4.5636,882,52.721088435374156,0.149093537414966,12446,50.851679254378915,0.14779617547806523,-52.721088435374156,-4.712693537414966,-50.851679254378915,-4.7113961754780656,INSUFFICIENT,Conditional relationship has fewer than 30 observations.
TREND_UP,volatility_score,MEDIUM,4,4,1,0.0,-4.83505,-4.6095,-8.8061,-1.3151,4159,50.613128155806685,0.07023282038951671,12446,50.851679254378915,0.14779617547806523,-50.613128155806685,-4.905282820389517,-50.851679254378915,-4.982846175478065,INSUFFICIENT,Conditional relationship has fewer than 30 observations.
FLAT,intelligence_score,LOW,2,2,1,0.0,-5.1516,-5.1516,-7.1436,-3.1596,294,52.721088435374156,0.10832142857142855,12446,50.851679254378915,0.14779617547806523,-52.721088435374156,-5.259921428571428,-50.851679254378915,-5.299396175478066,INSUFFICIENT,Conditional relationship has fewer than 30 observations.
FLAT,volatility_score,LOW,2,2,1,0.0,-5.1516,-5.1516,-7.1436,-3.1596,294,52.721088435374156,0.10832142857142855,12446,50.851679254378915,0.14779617547806523,-52.721088435374156,-5.259921428571428,-50.851679254378915,-5.299396175478066,INSUFFICIENT,Conditional relationship has fewer than 30 observations.
HIGH_VOL,momentum_score,HIGH,85,5,42,69.41176470588235,2.073738823529412,2.3364,-5.6835,11.47,245,73.87755102040816,2.284386530612245,12446,50.851679254378915,0.14779617547806523,-4.465786314525815,-0.21064770708283298,18.560085451503433,1.9259426480513466,NEGATIVE,Meaningful negative lift versus the scenario baseline.
LOW_VOL,trend_score,VERY_HIGH,443,18,49,48.75846501128668,-0.0651726862302483,-0.0185,-30.1183,12.8949,882,52.721088435374156,0.149093537414966,12446,50.851679254378915,0.14779617547806523,-3.962623424087475,-0.2142662236452143,-2.093214243092234,-0.21296886170831353,NEGATIVE,Meaningful negative lift versus the scenario baseline.
LOW_VOL,liquidity_score,HIGH,283,18,22,49.82332155477032,-0.0760989399293286,-0.0062,-30.1183,10.196,882,52.721088435374156,0.149093537414966,12446,50.851679254378915,0.14779617547806523,-2.8977668806038395,-0.2251924773442946,-1.0283576996085984,-0.22389511540739382,NEGATIVE,Meaningful negative lift versus the scenario baseline.
TREND_UP,trend_score,VERY_HIGH,2648,84,49,48.036253776435046,-0.1933962613293051,-0.1507,-33.2122,12.3968,4159,50.613128155806685,0.07023282038951671,12446,50.851679254378915,0.14779617547806523,-2.576874379371638,-0.2636290817188218,-2.8154254779438688,-0.3411924368073703,NEGATIVE,Meaningful negative lift versus the scenario baseline.
FLAT,liquidity_score,HIGH,102,6,22,48.03921568627451,-0.2465950980392157,-0.1586,-7.2081,5.6309,294,52.721088435374156,0.10832142857142855,12446,50.851679254378915,0.14779617547806523,-4.681872749099647,-0.35491652661064427,-2.8124635681044055,-0.3943912735172809,NEGATIVE,Meaningful negative lift versus the scenario baseline.
TREND_DOWN,liquidity_score,MEDIUM,419,82,8,46.30071599045346,-0.2952482100238663,-0.1996,-11.4374,12.0454,4067,50.30735185640521,0.13100995820014752,12446,50.851679254378915,0.14779617547806523,-4.0066358659517505,-0.42625816822401386,-4.550963263925453,-0.44304438550193154,NEGATIVE,Meaningful negative lift versus the scenario baseline.
HIGH_VOL,volatility_score,VERY_HIGH,94,5,20,68.08510638297872,1.83418085106383,1.66105,-11.438,12.5438,245,73.87755102040816,2.284386530612245,12446,50.851679254378915,0.14779617547806523,-5.7924446374294405,-0.45020567954841484,17.233427128599807,1.6863846755857648,NEGATIVE,Meaningful negative lift versus the scenario baseline.
CHOPPY,momentum_score,HIGH,154,30,47,38.31168831168832,-0.6584681818181818,-0.68065,-8.7905,10.4581,1519,46.93877551020408,-0.15502218564845294,12446,50.851679254378915,0.14779617547806523,-8.62708719851576,-0.5034459961697288,-12.539990942690594,-0.806264357296247,NEGATIVE,Meaningful negative lift versus the scenario baseline.
LOW_VOL,momentum_score,HIGH,51,16,29,37.25490196078432,-0.4247647058823529,-0.4224,-6.3705,12.6707,882,52.721088435374156,0.149093537414966,12446,50.851679254378915,0.14779617547806523,-15.466186474589833,-0.5738582432973189,-13.596777293594592,-0.5725608813604182,NEGATIVE,Meaningful negative lift versus the scenario baseline.
TREND_UP,momentum_score,LOW,139,56,44,43.16546762589928,-0.5683697841726618,-0.6429,-9.9033,10.7716,4159,50.613128155806685,0.07023282038951671,12446,50.851679254378915,0.14779617547806523,-7.447660529907402,-0.6386026045621785,-7.686211628479633,-0.716165959650727,NEGATIVE,Meaningful negative lift versus the scenario baseline.
TREND_DOWN,volatility_score,HIGH,807,75,43,53.53159851301115,0.5765576208178439,0.3846,-12.9323,18.484,4067,50.30735185640521,0.13100995820014752,12446,50.851679254378915,0.14779617547806523,3.224246656605935,0.4455476626176964,2.679919258632232,0.42876144533977867,POSITIVE,Meaningful positive lift versus the scenario baseline.
HIGH_VOL,momentum_score,MEDIUM,128,5,48,78.125,2.6584953125,2.59785,-11.438,13.2915,245,73.87755102040816,2.284386530612245,12446,50.851679254378915,0.14779617547806523,4.247448979591837,0.3741087818877551,27.273320745621085,2.510699137021935,POSITIVE,Meaningful positive lift versus the scenario baseline.
LOW_VOL,trend_score,MEDIUM,271,18,48,59.040590405904055,0.4628723247232473,0.4874,-8.2029,10.196,882,52.721088435374156,0.149093537414966,12446,50.851679254378915,0.14779617547806523,6.319501970529899,0.3137787873082813,8.18891115152514,0.31507614924518207,POSITIVE,Meaningful positive lift versus the scenario baseline.
HIGH_VOL,volatility_score,HIGH,146,5,30,77.3972602739726,2.569164383561644,2.5665500000000003,-5.6835,13.2915,245,73.87755102040816,2.284386530612245,12446,50.851679254378915,0.14779617547806523,3.519709253564443,0.28477785294939917,26.54558101959369,2.421368208083579,POSITIVE,Meaningful positive lift versus the scenario baseline.
TREND_DOWN,momentum_score,HIGH,282,67,48,54.96453900709219,0.3914677304964539,0.3858,-11.4739,12.4062,4067,50.30735185640521,0.13100995820014752,12446,50.851679254378915,0.14779617547806523,4.65718715068698,0.2604577722963064,4.112859752713277,0.24367155501838866,POSITIVE,Meaningful positive lift versus the scenario baseline.
TREND_UP,trend_score,HIGH,594,83,49,53.70370370370371,0.2906712121212121,0.2262,-8.8731,12.365,4159,50.613128155806685,0.07023282038951671,12446,50.851679254378915,0.14779617547806523,3.090575547897025,0.22043839173169538,2.8520244493247944,0.14287503664314688,POSITIVE,Meaningful positive lift versus the scenario baseline.
CHOPPY,liquidity_score,MEDIUM,162,31,8,53.086419753086425,0.5020685185185185,0.2989,-8.5783,9.3286,1519,46.93877551020408,-0.15502218564845294,12446,50.851679254378915,0.14779617547806523,6.147644242882343,0.6570907041669715,2.2347404987075095,0.3542723430404533,STRONG_POSITIVE,Large sample with positive return and hit-rate lift.
TREND_UP,trend_score,MEDIUM,868,84,49,56.91244239631337,0.7114729262672811,0.49985,-9.9948,16.3503,4159,50.613128155806685,0.07023282038951671,12446,50.851679254378915,0.14779617547806523,6.299314240506682,0.6412401058777644,6.060763141934451,0.5636767507892159,STRONG_POSITIVE,Large sample with positive return and hit-rate lift.
HIGH_VOL,liquidity_score,HIGH,57,5,12,73.68421052631578,2.721471929824561,2.4413,-4.3734,13.2915,245,73.87755102040816,2.284386530612245,12446,50.851679254378915,0.14779617547806523,-0.1933404940923822,0.43708539921231626,22.832531271936865,2.573675754346496,WEAK_OR_MIXED,Evidence does not show a stable directional lift.
FLAT,liquidity_score,MEDIUM,30,6,7,53.333333333333336,0.3713866666666667,0.3953,-4.5028,9.2145,294,52.721088435374156,0.10832142857142855,12446,50.851679254378915,0.14779617547806523,0.6122448979591795,0.26306523809523813,2.4816540789544206,0.22359049118860147,WEAK_OR_MIXED,Evidence does not show a stable directional lift.
CHOPPY,momentum_score,LOW,140,28,44,48.57142857142857,0.0578092857142857,-0.0616,-9.7891,12.1019,1519,46.93877551020408,-0.15502218564845294,12446,50.851679254378915,0.14779617547806523,1.632653061224488,0.21283147136273864,-2.2802506829503457,-0.08998688976377953,WEAK_OR_MIXED,Evidence does not show a stable directional lift.
HIGH_VOL,trend_score,VERY_HIGH,200,5,44,75.0,2.4851885,2.55475,-11.438,13.2915,245,73.87755102040816,2.284386530612245,12446,50.851679254378915,0.14779617547806523,1.1224489795918373,0.20080196938775519,24.148320745621085,2.337392324521935,WEAK_OR_MIXED,Evidence does not show a stable directional lift.
TREND_DOWN,liquidity_score,VERY_HIGH,2501,82,38,52.17912834866053,0.3154317473010796,0.1825,-14.5157,17.326,4067,50.30735185640521,0.13100995820014752,12446,50.851679254378915,0.14779617547806523,1.8717764922553144,0.18442178910093207,1.3274490942816115,0.16763557182301436,WEAK_OR_MIXED,Evidence does not show a stable directional lift.
FLAT,liquidity_score,VERY_HIGH,162,6,33,55.55555555555556,0.2830716049382716,0.2414,-7.5529,9.2944,294,52.721088435374156,0.10832142857142855,12446,50.851679254378915,0.14779617547806523,2.834467120181401,0.17475017636684304,4.703876301176642,0.13527542946020638,WEAK_OR_MIXED,Evidence does not show a stable directional lift.
FLAT,trend_score,HIGH,44,6,34,47.72727272727273,0.2820863636363636,-0.1381,-4.4847,7.6861,294,52.721088435374156,0.10832142857142855,12446,50.851679254378915,0.14779617547806523,-4.99381570810143,0.173764935064935,-3.1244065271061885,0.13429018815829835,WEAK_OR_MIXED,Evidence does not show a stable directional lift.
TREND_UP,intelligence_score,MEDIUM,2022,84,49,51.38476755687438,0.2398529179030662,0.07635,-33.2122,16.3503,4159,50.613128155806685,0.07023282038951671,12446,50.851679254378915,0.14779617547806523,0.771639401067695,0.1696200975135495,0.5330883024954645,0.09205674242500098,WEAK_OR_MIXED,Evidence does not show a stable directional lift.
TREND_UP,liquidity_score,MEDIUM,436,84,8,52.06422018348624,0.2352461009174312,0.09655,-8.7403,12.365,4159,50.613128155806685,0.07023282038951671,12446,50.851679254378915,0.14779617547806523,1.4510920276795574,0.16501328052791447,1.2125409291073268,0.08744992543936597,WEAK_OR_MIXED,Evidence does not show a stable directional lift.
CHOPPY,intelligence_score,MEDIUM,897,31,49,48.04905239687848,-0.0030959866220735,-0.0944,-9.7891,13.4597,1519,46.93877551020408,-0.15502218564845294,12446,50.851679254378915,0.14779617547806523,1.1102768866743986,0.15192619902637944,-2.802626857500435,-0.15089216210013873,WEAK_OR_MIXED,Evidence does not show a stable directional lift.
TREND_DOWN,intelligence_score,HIGH,1224,82,46,54.08496732026144,0.2777286764705882,0.29015,-14.5157,13.6238,4067,50.30735185640521,0.13100995820014752,12446,50.851679254378915,0.14779617547806523,3.777615463856229,0.14671871827044067,3.233288065882526,0.12993250099252296,WEAK_OR_MIXED,Evidence does not show a stable directional lift.
LOW_VOL,liquidity_score,VERY_HIGH,497,18,32,53.52112676056338,0.266282092555332,0.2135,-13.1396,14.1326,882,52.721088435374156,0.149093537414966,12446,50.851679254378915,0.14779617547806523,0.8000383251892202,0.11718855514036597,2.6694475061844614,0.11848591707726674,WEAK_OR_MIXED,Evidence does not show a stable directional lift.
LOW_VOL,intelligence_score,MEDIUM,517,18,48,56.67311411992263,0.2622912959381044,0.3458,-30.1183,10.196,882,52.721088435374156,0.149093537414966,12446,50.851679254378915,0.14779617547806523,3.952025684548474,0.1131977585231384,5.821434865543715,0.11449512046003918,WEAK_OR_MIXED,Evidence does not show a stable directional lift.
FLAT,momentum_score,MEDIUM,266,6,49,54.13533834586466,0.2022733082706766,0.2187,-7.5529,9.2944,294,52.721088435374156,0.10832142857142855,12446,50.851679254378915,0.14779617547806523,1.4142499104905042,0.09395187969924805,3.2836590914857453,0.05447713279261138,WEAK_OR_MIXED,Evidence does not show a stable directional lift.
LOW_VOL,momentum_score,MEDIUM,786,18,49,54.4529262086514,0.2400073791348601,0.24775,-30.1183,14.1326,882,52.721088435374156,0.149093537414966,12446,50.851679254378915,0.14779617547806523,1.7318377732772419,0.09091384171989408,3.601246954272483,0.09221120365679486,WEAK_OR_MIXED,Evidence does not show a stable directional lift.
TREND_DOWN,trend_score,HIGH,803,82,49,51.18306351183064,0.1992681195516811,0.1202,-13.047,14.3204,4067,50.30735185640521,0.13100995820014752,12446,50.851679254378915,0.14779617547806523,0.8757116554254267,0.06825816135153359,0.33138425745172384,0.05147194407361588,WEAK_OR_MIXED,Evidence does not show a stable directional lift.
LOW_VOL,trend_score,HIGH,168,18,47,52.97619047619048,0.2079380952380952,0.1231,-7.2155,14.1326,882,52.721088435374156,0.149093537414966,12446,50.851679254378915,0.14779617547806523,0.25510204081632537,0.058844557823129195,2.1245112218115665,0.06014191976002997,WEAK_OR_MIXED,Evidence does not show a stable directional lift.
TREND_DOWN,trend_score,VERY_HIGH,1586,82,49,53.59394703656999,0.1849916771752837,0.256,-35.87,13.6238,4067,50.30735185640521,0.13100995820014752,12446,50.851679254378915,0.14779617547806523,3.286595180164781,0.05398171897513618,2.742267782191078,0.03719550169721847,WEAK_OR_MIXED,Evidence does not show a stable directional lift.
FLAT,volatility_score,VERY_HIGH,282,6,49,53.191489361702125,0.1621886524822694,0.1866,-7.5529,9.2944,294,52.721088435374156,0.10832142857142855,12446,50.851679254378915,0.14779617547806523,0.4704009263279687,0.05386722391084085,2.33981010732321,0.01439247700420418,WEAK_OR_MIXED,Evidence does not show a stable directional lift.
LOW_VOL,liquidity_score,MEDIUM,102,18,8,56.86274509803921,0.2028852941176471,0.49925,-7.6532,5.0858,882,52.721088435374156,0.149093537414966,12446,50.851679254378915,0.14779617547806523,4.141656662665056,0.053791756702681104,6.0110658436602975,0.05508911863958188,WEAK_OR_MIXED,Evidence does not show a stable directional lift.
FLAT,intelligence_score,HIGH,122,6,43,53.278688524590166,0.1591508196721311,0.2153999999999999,-7.5529,9.2944,294,52.721088435374156,0.10832142857142855,12446,50.851679254378915,0.14779617547806523,0.5576000892160096,0.050829391100702545,2.4270092702112507,0.011354644194065872,WEAK_OR_MIXED,Evidence does not show a stable directional lift.
CHOPPY,momentum_score,MEDIUM,1219,31,49,47.82608695652174,-0.1162981952420016,-0.128,-36.7376,13.4597,1519,46.93877551020408,-0.15502218564845294,12446,50.851679254378915,0.14779617547806523,0.8873114463176606,0.03872399040645133,-3.025592297857173,-0.2640943707200668,WEAK_OR_MIXED,Evidence does not show a stable directional lift.
CHOPPY,trend_score,HIGH,251,31,49,45.0199203187251,-0.1174752988047808,-0.2836,-9.7891,11.3035,1519,46.93877551020408,-0.15502218564845294,12446,50.851679254378915,0.14779617547806523,-1.9188551914789826,0.037546886843672134,-5.831758935653816,-0.26527147428284603,WEAK_OR_MIXED,Evidence does not show a stable directional lift.
TREND_UP,momentum_score,MEDIUM,3328,84,49,51.051682692307686,0.1005487680288461,0.058,-31.3997,16.3503,4159,50.613128155806685,0.07023282038951671,12446,50.851679254378915,0.14779617547806523,0.43855453650100173,0.03031594763932939,0.20000343792877118,-0.047247407449219125,WEAK_OR_MIXED,Evidence does not show a stable directional lift.
HIGH_VOL,intelligence_score,HIGH,145,5,39,71.03448275862068,2.31118,2.3364,-11.438,12.5438,245,73.87755102040816,2.284386530612245,12446,50.851679254378915,0.14779617547806523,-2.8430682617874794,0.026793469387754953,20.182803504241768,2.163383824521935,WEAK_OR_MIXED,Evidence does not show a stable directional lift.
FLAT,intelligence_score,MEDIUM,170,6,47,52.94117647058824,0.133725294117647,0.162,-7.2081,9.2145,294,52.721088435374156,0.10832142857142855,12446,50.851679254378915,0.14779617547806523,0.22008803521408282,0.025403865546218443,2.089497216209324,-0.01407088136041823,WEAK_OR_MIXED,Evidence does not show a stable directional lift.
TREND_DOWN,momentum_score,LOW,789,76,49,49.93662864385298,0.1549504435994927,0.0,-13.047,18.484,4067,50.30735185640521,0.13100995820014752,12446,50.851679254378915,0.14779617547806523,-0.3707232125522353,0.02394048539934518,-0.9150506105259382,0.007154268121427471,WEAK_OR_MIXED,Evidence does not show a stable directional lift.
CHOPPY,trend_score,MEDIUM,448,31,49,46.205357142857146,-0.1336321428571429,-0.2509,-9.5029,13.4597,1519,46.93877551020408,-0.15502218564845294,12446,50.851679254378915,0.14779617547806523,-0.7334183673469354,0.021390042791310043,-4.646322111521769,-0.2814283183352081,WEAK_OR_MIXED,Evidence does not show a stable directional lift.
TREND_DOWN,relative_strength,LOW,4018,82,49,50.696864111498265,0.1503990044798407,0.0530999999999999,-35.87,18.484,4067,50.30735185640521,0.13100995820014752,12446,50.851679254378915,0.14779617547806523,0.3895122550930523,0.01938904627969318,-0.15481514288065057,0.0026028290017754696,WEAK_OR_MIXED,Evidence does not show a stable directional lift.
TREND_UP,volatility_score,VERY_HIGH,3502,84,49,51.05653912050258,0.0826199885779554,0.0550999999999999,-33.2122,16.3503,4159,50.613128155806685,0.07023282038951671,12446,50.851679254378915,0.14779617547806523,0.44341096469589303,0.012387168188438685,0.20485986612366247,-0.06517618690010983,WEAK_OR_MIXED,Evidence does not show a stable directional lift.
FLAT,trend_score,MEDIUM,84,6,42,54.761904761904766,0.1141904761904761,0.20715,-7.1436,7.2496,294,52.721088435374156,0.10832142857142855,12446,50.851679254378915,0.14779617547806523,2.04081632653061,0.005869047619047552,3.910225507525851,-0.03360569928758912,WEAK_OR_MIXED,Evidence does not show a stable directional lift.
CHOPPY,volatility_score,VERY_HIGH,1268,31,49,47.3186119873817,-0.1526282334384857,-0.16795,-36.7376,11.4027,1519,46.93877551020408,-0.15502218564845294,12446,50.851679254378915,0.14779617547806523,0.37983647717761926,0.002393952209967243,-3.5330672669972145,-0.3004244089165509,WEAK_OR_MIXED,Evidence does not show a stable directional lift.
TREND_DOWN,momentum_score,MEDIUM,2932,82,49,50.51159618008185,0.1324509208731241,0.04255,-35.87,17.2931,4067,50.30735185640521,0.13100995820014752,12446,50.851679254378915,0.14779617547806523,0.20424432367664025,0.0014409626729765812,-0.34008307429706264,-0.015345254604941128,WEAK_OR_MIXED,Evidence does not show a stable directional lift.
FLAT,relative_strength,LOW,294,6,49,52.72108843537416,0.1083214285714286,0.1684999999999999,-7.5529,9.2944,294,52.721088435374156,0.10832142857142855,12446,50.851679254378915,0.14779617547806523,7.105427357601002e-15,4.163336342344337e-17,1.8694091809952482,-0.03947474690663663,WEAK_OR_MIXED,Evidence does not show a stable directional lift.
CHOPPY,relative_strength,LOW,1519,31,49,46.93877551020408,-0.1550221856484529,-0.189,-36.7376,13.4597,1519,46.93877551020408,-0.15502218564845294,12446,50.851679254378915,0.14779617547806523,0.0,2.7755575615628914e-17,-3.9129037441748338,-0.30281836112651817,WEAK_OR_MIXED,Evidence does not show a stable directional lift.
LOW_VOL,relative_strength,LOW,882,18,49,52.72108843537416,0.1490935374149659,0.14625,-30.1183,14.1326,882,52.721088435374156,0.149093537414966,12446,50.851679254378915,0.14779617547806523,7.105427357601002e-15,-1.1102230246251565e-16,1.8694091809952482,0.001297361936900665,WEAK_OR_MIXED,Evidence does not show a stable directional lift.
HIGH_VOL,relative_strength,LOW,245,5,49,73.87755102040816,2.2843865306122444,2.3334,-11.438,13.2915,245,73.87755102040816,2.284386530612245,12446,50.851679254378915,0.14779617547806523,0.0,-4.440892098500626e-16,23.025871766029248,2.136590355134179,WEAK_OR_MIXED,Evidence does not show a stable directional lift.
LOW_VOL,volatility_score,VERY_HIGH,863,18,49,53.07068366164543,0.1467952491309386,0.1699,-30.1183,14.1326,882,52.721088435374156,0.149093537414966,12446,50.851679254378915,0.14779617547806523,0.34959522627127626,-0.0022982882840273944,2.2190044072665174,-0.0010009263471266183,WEAK_OR_MIXED,Evidence does not show a stable directional lift.
TREND_UP,relative_strength,LOW,4110,84,49,50.72992700729927,0.0676651824817518,0.04065,-33.2122,16.3503,4159,50.613128155806685,0.07023282038951671,12446,50.851679254378915,0.14779617547806523,0.1167988514925824,-0.0025676379077649164,-0.12175224707964816,-0.08013099299631343,WEAK_OR_MIXED,Evidence does not show a stable directional lift.
TREND_UP,liquidity_score,HIGH,1171,84,26,50.72587532023911,0.0644929974380871,0.0459,-33.2122,16.3503,4159,50.613128155806685,0.07023282038951671,12446,50.851679254378915,0.14779617547806523,0.11274716443242738,-0.005739822951429607,-0.12580393413980318,-0.08330317803997812,WEAK_OR_MIXED,Evidence does not show a stable directional lift.
CHOPPY,trend_score,VERY_HIGH,820,31,49,47.92682926829268,-0.1782014634146341,-0.08655,-36.7376,11.4027,1519,46.93877551020408,-0.15502218564845294,12446,50.851679254378915,0.14779617547806523,0.9880537580885971,-0.023179277766181172,-2.9248499860862367,-0.32599763889269934,WEAK_OR_MIXED,Evidence does not show a stable directional lift.
CHOPPY,volatility_score,HIGH,250,26,43,44.8,-0.183168,-0.4979,-9.7891,13.4597,1519,46.93877551020408,-0.15502218564845294,12446,50.851679254378915,0.14779617547806523,-2.138775510204084,-0.02814581435154706,-6.051679254378918,-0.3309641754780652,WEAK_OR_MIXED,Evidence does not show a stable directional lift.
TREND_UP,liquidity_score,VERY_HIGH,2503,84,38,50.49940071913704,0.039958170195765,0.0369,-17.0136,13.9366,4159,50.613128155806685,0.07023282038951671,12446,50.851679254378915,0.14779617547806523,-0.11372743666964169,-0.03027465019375171,-0.35227853524187225,-0.10783800528230023,WEAK_OR_MIXED,Evidence does not show a stable directional lift.
TREND_UP,volatility_score,HIGH,600,64,45,49.333333333333336,0.0358419999999999,-0.09475,-13.2693,13.9366,4159,50.613128155806685,0.07023282038951671,12446,50.851679254378915,0.14779617547806523,-1.2797948224733489,-0.03439082038951681,-1.5183459210455794,-0.11195417547806533,WEAK_OR_MIXED,Evidence does not show a stable directional lift.
TREND_DOWN,intelligence_score,MEDIUM,2767,82,49,49.18684495843874,0.0951592338272496,-0.0352,-35.87,18.484,4067,50.30735185640521,0.13100995820014752,12446,50.851679254378915,0.14779617547806523,-1.1205068979664716,-0.03585072437289792,-1.6648342959401745,-0.05263694165081563,WEAK_OR_MIXED,Evidence does not show a stable directional lift.
TREND_DOWN,trend_score,MEDIUM,1629,82,49,47.6365868631062,0.0926298956414978,-0.1725,-13.5864,18.484,4067,50.30735185640521,0.13100995820014752,12446,50.851679254378915,0.14779617547806523,-2.6707649932990094,-0.038380062558649716,-3.2150923912727123,-0.055166279836567425,WEAK_OR_MIXED,Evidence does not show a stable directional lift.
HIGH_VOL,intelligence_score,MEDIUM,100,5,33,78.0,2.245536,2.12365,-3.6728,13.2915,245,73.87755102040816,2.284386530612245,12446,50.851679254378915,0.14779617547806523,4.122448979591837,-0.03885053061224486,27.148320745621085,2.097739824521935,WEAK_OR_MIXED,Evidence does not show a stable directional lift.
FLAT,trend_score,VERY_HIGH,166,6,48,53.01204819277109,0.0592933734939759,0.206,-7.5529,9.2944,294,52.721088435374156,0.10832142857142855,12446,50.851679254378915,0.14779617547806523,0.2909597573969336,-0.049028055077452656,2.1603689383921747,-0.08850280198408933,WEAK_OR_MIXED,Evidence does not show a stable directional lift.
CHOPPY,liquidity_score,HIGH,417,31,23,47.24220623501199,-0.2260690647482014,-0.1887,-36.7376,13.4597,1519,46.93877551020408,-0.15502218564845294,12446,50.851679254378915,0.14779617547806523,0.3034307248079102,-0.07104687909974847,-3.6094730193669236,-0.37386524022626666,WEAK_OR_MIXED,Evidence does not show a stable directional lift.
TREND_UP,momentum_score,HIGH,616,81,49,50.16233766233766,-0.0047488636363636,0.0195,-33.2122,10.7666,4159,50.613128155806685,0.07023282038951671,12446,50.851679254378915,0.14779617547806523,-0.45079049346902167,-0.07498168402588032,-0.6893415920412522,-0.15254503911442882,WEAK_OR_MIXED,Evidence does not show a stable directional lift.
CHOPPY,liquidity_score,VERY_HIGH,940,31,38,45.74468085106383,-0.2367478723404255,-0.27895,-15.3226,11.4027,1519,46.93877551020408,-0.15502218564845294,12446,50.851679254378915,0.14779617547806523,-1.194094659140248,-0.08172568669197255,-5.106998403315082,-0.3845440478184907,WEAK_OR_MIXED,Evidence does not show a stable directional lift.
TREND_DOWN,volatility_score,VERY_HIGH,3199,82,49,50.04688965301657,0.045443638637074,0.0079,-35.87,17.2931,4067,50.30735185640521,0.13100995820014752,12446,50.851679254378915,0.14779617547806523,-0.26046220338864146,-0.08556631956307352,-0.8047896013623443,-0.10235253684099123,WEAK_OR_MIXED,Evidence does not show a stable directional lift.
HIGH_VOL,liquidity_score,VERY_HIGH,168,5,34,73.21428571428571,2.1436363095238096,2.277,-11.438,9.8468,245,73.87755102040816,2.284386530612245,12446,50.851679254378915,0.14779617547806523,-0.6632653061224545,-0.14075022108843527,22.362606459906793,1.9958401340457443,WEAK_OR_MIXED,Evidence does not show a stable directional lift.
LOW_VOL,intelligence_score,HIGH,363,18,44,47.10743801652893,-0.0085735537190082,-0.074,-13.1396,14.1326,882,52.721088435374156,0.149093537414966,12446,50.851679254378915,0.14779617547806523,-5.613650418845225,-0.1576670911339742,-3.744241237849984,-0.15636972919707343,WEAK_OR_MIXED,Evidence does not show a stable directional lift.
TREND_UP,intelligence_score,HIGH,2084,84,47,50.14395393474088,-0.0928418426103646,0.0155,-16.5777,12.3968,4159,50.613128155806685,0.07023282038951671,12446,50.851679254378915,0.14779617547806523,-0.4691742210658063,-0.16307466299988133,-0.7077253196380369,-0.24063801808842983,WEAK_OR_MIXED,Evidence does not show a stable directional lift.
TREND_DOWN,liquidity_score,HIGH,1098,82,25,48.998178506375226,-0.0554486338797813,-0.07385,-35.87,18.484,4067,50.30735185640521,0.13100995820014752,12446,50.851679254378915,0.14779617547806523,-1.3091733500299867,-0.18645859207992882,-1.8535007480036896,-0.20324480935784653,WEAK_OR_MIXED,Evidence does not show a stable directional lift.
CHOPPY,intelligence_score,HIGH,622,31,46,45.337620578778136,-0.3741183279742765,-0.29025,-36.7376,10.7911,1519,46.93877551020408,-0.15502218564845294,12446,50.851679254378915,0.14779617547806523,-1.6011549314259454,-0.21909614232582358,-5.514058675600779,-0.5219145034523418,WEAK_OR_MIXED,Evidence does not show a stable directional lift.
LOW_VOL,momentum_score,LOW,44,14,28,40.909090909090914,-0.7026977272727273,-0.8389500000000001,-9.7743,7.5368,882,52.721088435374156,0.149093537414966,12446,50.851679254378915,0.14779617547806523,-11.811997526283243,-0.8517912646876933,-9.942588345288002,-0.8504939027507925,WEAK_OR_MIXED,Evidence does not show a stable directional lift.
