trade_date,candidate,scenario_id,primary_scenario,fingerprint,spread
2026-02-27,TRACK_B_BASELINE_FAILURE,UNEXPLORED_28,TREND_DOWN,17c4bc482d33330e,0.5354799999999997
2026-02-27,TRACK_B_CONDITIONAL_SCORE,UNEXPLORED_28,TREND_DOWN,17c4bc482d33330e,0.19972999999999974
2026-02-27,TRACK_B_FACTOR_AGREEMENT,UNEXPLORED_28,TREND_DOWN,17c4bc482d33330e,0.10061111111111032
2026-03-02,TRACK_B_BASELINE_FAILURE,UNEXPLORED_29,TREND_DOWN,f8d582f6f5eae30a,0.5067900000000001
2026-03-02,TRACK_B_CONDITIONAL_SCORE,UNEXPLORED_29,TREND_DOWN,f8d582f6f5eae30a,0.5586400000000005
2026-03-02,TRACK_B_FACTOR_AGREEMENT,UNEXPLORED_29,TREND_DOWN,f8d582f6f5eae30a,0.7702111111111107
2026-03-04,TRACK_B_BASELINE_FAILURE,UNEXPLORED_28,TREND_DOWN,17c4bc482d33330e,2.5509899999999996
2026-03-04,TRACK_B_CONDITIONAL_SCORE,UNEXPLORED_28,TREND_DOWN,17c4bc482d33330e,2.8518799999999995
2026-03-04,TRACK_B_FACTOR_AGREEMENT,UNEXPLORED_28,TREND_DOWN,17c4bc482d33330e,2.2155555555555555
2026-03-05,TRACK_B_BASELINE_FAILURE,UNEXPLORED_28,TREND_DOWN,17c4bc482d33330e,3.9724999999999997
2026-03-05,TRACK_B_CONDITIONAL_SCORE,UNEXPLORED_28,TREND_DOWN,17c4bc482d33330e,3.46492
2026-03-05,TRACK_B_FACTOR_AGREEMENT,UNEXPLORED_28,TREND_DOWN,17c4bc482d33330e,4.617122222222223
2026-03-06,TRACK_B_BASELINE_FAILURE,UNEXPLORED_28,TREND_DOWN,17c4bc482d33330e,4.052999999999999
2026-03-06,TRACK_B_CONDITIONAL_SCORE,UNEXPLORED_28,TREND_DOWN,17c4bc482d33330e,4.8046999999999995
2026-03-06,TRACK_B_FACTOR_AGREEMENT,UNEXPLORED_28,TREND_DOWN,17c4bc482d33330e,4.319833333333334
2026-03-09,TRACK_B_BASELINE_FAILURE,UNEXPLORED_29,TREND_DOWN,f8d582f6f5eae30a,0.8908800000000003
2026-03-09,TRACK_B_CONDITIONAL_SCORE,UNEXPLORED_29,TREND_DOWN,f8d582f6f5eae30a,0.7657800000000001
2026-03-09,TRACK_B_FACTOR_AGREEMENT,UNEXPLORED_29,TREND_DOWN,f8d582f6f5eae30a,2.2748444444444442
2026-03-10,TRACK_B_BASELINE_FAILURE,UNEXPLORED_20,TREND_DOWN,d59364ccfbbaa9f5,2.18279
2026-03-10,TRACK_B_CONDITIONAL_SCORE,UNEXPLORED_20,TREND_DOWN,d59364ccfbbaa9f5,1.7629900000000003
2026-03-10,TRACK_B_FACTOR_AGREEMENT,UNEXPLORED_20,TREND_DOWN,d59364ccfbbaa9f5,2.366877777777778
2026-03-11,TRACK_B_BASELINE_FAILURE,UNEXPLORED_29,TREND_DOWN,f8d582f6f5eae30a,0.30435
2026-03-11,TRACK_B_CONDITIONAL_SCORE,UNEXPLORED_29,TREND_DOWN,f8d582f6f5eae30a,-0.23919
2026-03-11,TRACK_B_FACTOR_AGREEMENT,UNEXPLORED_29,TREND_DOWN,f8d582f6f5eae30a,0.3153666666666668
2026-03-12,TRACK_B_BASELINE_FAILURE,UNEXPLORED_20,TREND_DOWN,d59364ccfbbaa9f5,-1.09523
2026-03-12,TRACK_B_CONDITIONAL_SCORE,UNEXPLORED_20,TREND_DOWN,d59364ccfbbaa9f5,-1.2482199999999997
2026-03-12,TRACK_B_FACTOR_AGREEMENT,UNEXPLORED_20,TREND_DOWN,d59364ccfbbaa9f5,-1.1046888888888895
2026-03-13,TRACK_B_BASELINE_FAILURE,UNEXPLORED_33,TREND_DOWN,988b3f1605642100,-2.31949
2026-03-13,TRACK_B_CONDITIONAL_SCORE,UNEXPLORED_33,TREND_DOWN,988b3f1605642100,-2.3293
2026-03-13,TRACK_B_FACTOR_AGREEMENT,UNEXPLORED_33,TREND_DOWN,988b3f1605642100,-2.548633333333334
2026-03-16,TRACK_B_BASELINE_FAILURE,UNEXPLORED_33,TREND_DOWN,988b3f1605642100,0.8895500000000007
2026-03-16,TRACK_B_CONDITIONAL_SCORE,UNEXPLORED_33,TREND_DOWN,988b3f1605642100,1.4415600000000008
2026-03-16,TRACK_B_FACTOR_AGREEMENT,UNEXPLORED_33,TREND_DOWN,988b3f1605642100,2.5407111111111114
2026-03-17,TRACK_B_BASELINE_FAILURE,UNEXPLORED_34,TREND_DOWN,c95d5d654f98d00f,0.0733400000000004
2026-03-17,TRACK_B_CONDITIONAL_SCORE,UNEXPLORED_34,TREND_DOWN,c95d5d654f98d00f,-0.19469000000000047
2026-03-17,TRACK_B_FACTOR_AGREEMENT,UNEXPLORED_34,TREND_DOWN,c95d5d654f98d00f,0.218344444444444
2026-03-18,TRACK_B_BASELINE_FAILURE,UNEXPLORED_35,CHOPPY,82ce59f078fed6c1,0.44632000000000027
2026-03-18,TRACK_B_CONDITIONAL_SCORE,UNEXPLORED_35,CHOPPY,82ce59f078fed6c1,0.16437000000000035
2026-03-18,TRACK_B_FACTOR_AGREEMENT,UNEXPLORED_35,CHOPPY,82ce59f078fed6c1,0.08182222222222224
2026-03-19,TRACK_B_BASELINE_FAILURE,UNEXPLORED_33,TREND_DOWN,988b3f1605642100,-0.51184
2026-03-19,TRACK_B_CONDITIONAL_SCORE,UNEXPLORED_33,TREND_DOWN,988b3f1605642100,0.015490000000000004
2026-03-19,TRACK_B_FACTOR_AGREEMENT,UNEXPLORED_33,TREND_DOWN,988b3f1605642100,-0.5143222222222223
2026-03-20,TRACK_B_BASELINE_FAILURE,UNEXPLORED_35,CHOPPY,82ce59f078fed6c1,0.7261799999999994
2026-03-20,TRACK_B_CONDITIONAL_SCORE,UNEXPLORED_35,CHOPPY,82ce59f078fed6c1,1.4306799999999988
2026-03-20,TRACK_B_FACTOR_AGREEMENT,UNEXPLORED_35,CHOPPY,82ce59f078fed6c1,-0.21786666666666665
2026-03-23,TRACK_B_BASELINE_FAILURE,UNEXPLORED_33,TREND_DOWN,988b3f1605642100,-1.30829
2026-03-23,TRACK_B_CONDITIONAL_SCORE,UNEXPLORED_33,TREND_DOWN,988b3f1605642100,-1.85529
2026-03-23,TRACK_B_FACTOR_AGREEMENT,UNEXPLORED_33,TREND_DOWN,988b3f1605642100,-2.2888444444444445
2026-03-24,TRACK_B_BASELINE_FAILURE,UNEXPLORED_33,TREND_DOWN,988b3f1605642100,1.0231000000000001
2026-03-24,TRACK_B_CONDITIONAL_SCORE,UNEXPLORED_33,TREND_DOWN,988b3f1605642100,0.92215
2026-03-24,TRACK_B_FACTOR_AGREEMENT,UNEXPLORED_33,TREND_DOWN,988b3f1605642100,0.8035888888888891
2026-03-25,TRACK_B_BASELINE_FAILURE,UNEXPLORED_33,TREND_DOWN,988b3f1605642100,1.43446
2026-03-25,TRACK_B_CONDITIONAL_SCORE,UNEXPLORED_33,TREND_DOWN,988b3f1605642100,1.43446
2026-03-25,TRACK_B_FACTOR_AGREEMENT,UNEXPLORED_33,TREND_DOWN,988b3f1605642100,1.505255555555555
2026-03-27,TRACK_B_BASELINE_FAILURE,UNEXPLORED_33,TREND_DOWN,988b3f1605642100,0.3878300000000001
2026-03-27,TRACK_B_CONDITIONAL_SCORE,UNEXPLORED_33,TREND_DOWN,988b3f1605642100,0.3878300000000001
2026-03-27,TRACK_B_FACTOR_AGREEMENT,UNEXPLORED_33,TREND_DOWN,988b3f1605642100,2.0187222222222223
2026-03-30,TRACK_B_BASELINE_FAILURE,UNEXPLORED_33,TREND_DOWN,988b3f1605642100,-4.15775
2026-03-30,TRACK_B_CONDITIONAL_SCORE,UNEXPLORED_33,TREND_DOWN,988b3f1605642100,-4.43919
2026-03-30,TRACK_B_FACTOR_AGREEMENT,UNEXPLORED_33,TREND_DOWN,988b3f1605642100,-4.607377777777778
2026-04-01,TRACK_B_BASELINE_FAILURE,UNEXPLORED_36,TREND_UP,92a560e6db252f77,-1.1017600000000005
2026-04-01,TRACK_B_CONDITIONAL_SCORE,UNEXPLORED_36,TREND_UP,92a560e6db252f77,-0.9485299999999999
2026-04-01,TRACK_B_FACTOR_AGREEMENT,UNEXPLORED_36,TREND_UP,92a560e6db252f77,-0.8651666666666671
2026-04-02,TRACK_B_BASELINE_FAILURE,UNEXPLORED_37,TREND_DOWN,d247e2b79d79bbff,-4.39952
2026-04-02,TRACK_B_CONDITIONAL_SCORE,UNEXPLORED_37,TREND_DOWN,d247e2b79d79bbff,-3.7979700000000003
2026-04-02,TRACK_B_FACTOR_AGREEMENT,UNEXPLORED_37,TREND_DOWN,d247e2b79d79bbff,-5.756211111111113
2026-04-06,TRACK_B_BASELINE_FAILURE,UNEXPLORED_33,TREND_DOWN,988b3f1605642100,-2.535099999999999
2026-04-06,TRACK_B_CONDITIONAL_SCORE,UNEXPLORED_33,TREND_DOWN,988b3f1605642100,-1.0489700000000002
2026-04-06,TRACK_B_FACTOR_AGREEMENT,UNEXPLORED_33,TREND_DOWN,988b3f1605642100,-1.8924333333333334
2026-04-07,TRACK_B_BASELINE_FAILURE,UNEXPLORED_38,TREND_UP,ec5942bbf1e99e3c,-3.9978799999999994
2026-04-07,TRACK_B_CONDITIONAL_SCORE,UNEXPLORED_38,TREND_UP,ec5942bbf1e99e3c,-3.9978799999999994
2026-04-07,TRACK_B_FACTOR_AGREEMENT,UNEXPLORED_38,TREND_UP,ec5942bbf1e99e3c,-5.564688888888888
2026-04-08,TRACK_B_BASELINE_FAILURE,UNEXPLORED_39,HIGH_VOL,60b2829a0cf4b20d,-0.3843399999999999
2026-04-08,TRACK_B_CONDITIONAL_SCORE,UNEXPLORED_39,HIGH_VOL,60b2829a0cf4b20d,-0.6635099999999998
2026-04-08,TRACK_B_FACTOR_AGREEMENT,UNEXPLORED_39,HIGH_VOL,60b2829a0cf4b20d,-0.45053333333333323
2026-04-09,TRACK_B_BASELINE_FAILURE,UNEXPLORED_40,HIGH_VOL,0c9a77d1b82b9eb1,0.20871999999999913
2026-04-09,TRACK_B_CONDITIONAL_SCORE,UNEXPLORED_40,HIGH_VOL,0c9a77d1b82b9eb1,0.23395999999999928
2026-04-09,TRACK_B_FACTOR_AGREEMENT,UNEXPLORED_40,HIGH_VOL,0c9a77d1b82b9eb1,-0.9007111111111108
2026-04-10,TRACK_B_BASELINE_FAILURE,UNEXPLORED_39,HIGH_VOL,60b2829a0cf4b20d,0.5242900000000001
2026-04-10,TRACK_B_CONDITIONAL_SCORE,UNEXPLORED_39,HIGH_VOL,60b2829a0cf4b20d,0.16521999999999992
2026-04-10,TRACK_B_FACTOR_AGREEMENT,UNEXPLORED_39,HIGH_VOL,60b2829a0cf4b20d,1.443866666666667
2026-04-13,TRACK_B_BASELINE_FAILURE,UNEXPLORED_40,HIGH_VOL,0c9a77d1b82b9eb1,1.1323400000000006
2026-04-13,TRACK_B_CONDITIONAL_SCORE,UNEXPLORED_40,HIGH_VOL,0c9a77d1b82b9eb1,1.1323400000000006
2026-04-13,TRACK_B_FACTOR_AGREEMENT,UNEXPLORED_40,HIGH_VOL,0c9a77d1b82b9eb1,0.2545555555555552
2026-04-15,TRACK_B_BASELINE_FAILURE,UNEXPLORED_41,HIGH_VOL,3ae33daf9fd2cc89,0.4870300000000002
2026-04-15,TRACK_B_CONDITIONAL_SCORE,UNEXPLORED_41,HIGH_VOL,3ae33daf9fd2cc89,1.2761900000000002
2026-04-15,TRACK_B_FACTOR_AGREEMENT,UNEXPLORED_41,HIGH_VOL,3ae33daf9fd2cc89,1.2276555555555557
2026-04-16,TRACK_B_BASELINE_FAILURE,UNEXPLORED_42,TREND_UP,58890405cc7b814b,-0.6713499999999997
2026-04-16,TRACK_B_CONDITIONAL_SCORE,UNEXPLORED_42,TREND_UP,58890405cc7b814b,-0.6713499999999997
2026-04-16,TRACK_B_FACTOR_AGREEMENT,UNEXPLORED_42,TREND_UP,58890405cc7b814b,-0.9474888888888893
2026-04-17,TRACK_B_BASELINE_FAILURE,UNEXPLORED_43,TREND_UP,4118ac72c4d880f1,-0.9058699999999997
2026-04-17,TRACK_B_CONDITIONAL_SCORE,UNEXPLORED_43,TREND_UP,4118ac72c4d880f1,-0.6259399999999999
2026-04-17,TRACK_B_FACTOR_AGREEMENT,UNEXPLORED_43,TREND_UP,4118ac72c4d880f1,0.7284444444444444
2026-04-20,TRACK_B_BASELINE_FAILURE,UNEXPLORED_42,TREND_UP,58890405cc7b814b,-1.84693
2026-04-20,TRACK_B_CONDITIONAL_SCORE,UNEXPLORED_42,TREND_UP,58890405cc7b814b,-1.95007
2026-04-20,TRACK_B_FACTOR_AGREEMENT,UNEXPLORED_42,TREND_UP,58890405cc7b814b,-0.8180888888888885
2026-04-21,TRACK_B_BASELINE_FAILURE,UNEXPLORED_43,TREND_UP,4118ac72c4d880f1,-0.9648400000000001
2026-04-21,TRACK_B_CONDITIONAL_SCORE,UNEXPLORED_43,TREND_UP,4118ac72c4d880f1,-2.1142500000000006
2026-04-21,TRACK_B_FACTOR_AGREEMENT,UNEXPLORED_43,TREND_UP,4118ac72c4d880f1,-1.6264444444444446
2026-04-22,TRACK_B_BASELINE_FAILURE,UNEXPLORED_43,TREND_UP,4118ac72c4d880f1,-0.64541
2026-04-22,TRACK_B_CONDITIONAL_SCORE,UNEXPLORED_43,TREND_UP,4118ac72c4d880f1,-1.9476199999999997
2026-04-22,TRACK_B_FACTOR_AGREEMENT,UNEXPLORED_43,TREND_UP,4118ac72c4d880f1,1.1571555555555557
2026-04-23,TRACK_B_BASELINE_FAILURE,UNEXPLORED_35,CHOPPY,82ce59f078fed6c1,-2.0416
2026-04-23,TRACK_B_CONDITIONAL_SCORE,UNEXPLORED_35,CHOPPY,82ce59f078fed6c1,-2.0416
2026-04-23,TRACK_B_FACTOR_AGREEMENT,UNEXPLORED_35,CHOPPY,82ce59f078fed6c1,0.5248222222222222
2026-04-24,TRACK_B_BASELINE_FAILURE,UNEXPLORED_33,TREND_DOWN,988b3f1605642100,-3.75221
2026-04-24,TRACK_B_CONDITIONAL_SCORE,UNEXPLORED_33,TREND_DOWN,988b3f1605642100,-4.9077399999999995
2026-04-24,TRACK_B_FACTOR_AGREEMENT,UNEXPLORED_33,TREND_DOWN,988b3f1605642100,-3.4481444444444445
2026-04-27,TRACK_B_BASELINE_FAILURE,UNEXPLORED_34,TREND_DOWN,c95d5d654f98d00f,-0.9863999999999999
2026-04-27,TRACK_B_CONDITIONAL_SCORE,UNEXPLORED_34,TREND_DOWN,c95d5d654f98d00f,-0.95694
2026-04-27,TRACK_B_FACTOR_AGREEMENT,UNEXPLORED_34,TREND_DOWN,c95d5d654f98d00f,0.06838888888888889
2026-04-28,TRACK_B_BASELINE_FAILURE,UNEXPLORED_34,TREND_DOWN,c95d5d654f98d00f,-2.28979
2026-04-28,TRACK_B_CONDITIONAL_SCORE,UNEXPLORED_34,TREND_DOWN,c95d5d654f98d00f,-2.19712
2026-04-28,TRACK_B_FACTOR_AGREEMENT,UNEXPLORED_34,TREND_DOWN,c95d5d654f98d00f,-2.741366666666667
2026-04-29,TRACK_B_BASELINE_FAILURE,UNEXPLORED_34,TREND_DOWN,c95d5d654f98d00f,-3.1830600000000002
2026-04-29,TRACK_B_CONDITIONAL_SCORE,UNEXPLORED_34,TREND_DOWN,c95d5d654f98d00f,-3.36761
2026-04-29,TRACK_B_FACTOR_AGREEMENT,UNEXPLORED_34,TREND_DOWN,c95d5d654f98d00f,-3.715133333333334
2026-04-30,TRACK_B_BASELINE_FAILURE,UNEXPLORED_34,TREND_DOWN,c95d5d654f98d00f,-3.8234099999999995
2026-04-30,TRACK_B_CONDITIONAL_SCORE,UNEXPLORED_34,TREND_DOWN,c95d5d654f98d00f,-3.8234099999999995
2026-04-30,TRACK_B_FACTOR_AGREEMENT,UNEXPLORED_34,TREND_DOWN,c95d5d654f98d00f,-3.9233666666666664
2026-05-01,TRACK_B_BASELINE_FAILURE,,,,-3.07576
2026-05-01,TRACK_B_CONDITIONAL_SCORE,,,,-0.5589600000000001
2026-05-01,TRACK_B_FACTOR_AGREEMENT,,,,-4.408
2026-05-04,TRACK_B_BASELINE_FAILURE,UNEXPLORED_43,TREND_UP,4118ac72c4d880f1,-0.7191799999999998
2026-05-04,TRACK_B_CONDITIONAL_SCORE,UNEXPLORED_43,TREND_UP,4118ac72c4d880f1,-1.0234799999999997
2026-05-04,TRACK_B_FACTOR_AGREEMENT,UNEXPLORED_43,TREND_UP,4118ac72c4d880f1,-2.8443
2026-05-05,TRACK_B_BASELINE_FAILURE,UNEXPLORED_35,CHOPPY,82ce59f078fed6c1,0.49748999999999954
2026-05-05,TRACK_B_CONDITIONAL_SCORE,UNEXPLORED_35,CHOPPY,82ce59f078fed6c1,-0.7424500000000003
2026-05-05,TRACK_B_FACTOR_AGREEMENT,UNEXPLORED_35,CHOPPY,82ce59f078fed6c1,-1.2790555555555554
2026-05-06,TRACK_B_BASELINE_FAILURE,UNEXPLORED_36,TREND_UP,92a560e6db252f77,1.719559999999999
2026-05-06,TRACK_B_CONDITIONAL_SCORE,UNEXPLORED_36,TREND_UP,92a560e6db252f77,-0.05345000000000022
2026-05-06,TRACK_B_FACTOR_AGREEMENT,UNEXPLORED_36,TREND_UP,92a560e6db252f77,-0.47137777777777856
2026-05-07,TRACK_B_BASELINE_FAILURE,UNEXPLORED_42,TREND_UP,58890405cc7b814b,1.9709999999999996
2026-05-07,TRACK_B_CONDITIONAL_SCORE,UNEXPLORED_42,TREND_UP,58890405cc7b814b,2.20864
2026-05-07,TRACK_B_FACTOR_AGREEMENT,UNEXPLORED_42,TREND_UP,58890405cc7b814b,1.2689777777777778
2026-05-08,TRACK_B_BASELINE_FAILURE,UNEXPLORED_15,TREND_UP,39cd5fd0b3c726a8,2.5686199999999997
2026-05-08,TRACK_B_CONDITIONAL_SCORE,UNEXPLORED_15,TREND_UP,39cd5fd0b3c726a8,1.9776799999999999
2026-05-08,TRACK_B_FACTOR_AGREEMENT,UNEXPLORED_15,TREND_UP,39cd5fd0b3c726a8,3.2110444444444446
2026-05-11,TRACK_B_BASELINE_FAILURE,UNEXPLORED_28,TREND_DOWN,17c4bc482d33330e,2.0872900000000003
2026-05-11,TRACK_B_CONDITIONAL_SCORE,UNEXPLORED_28,TREND_DOWN,17c4bc482d33330e,-0.78117
2026-05-11,TRACK_B_FACTOR_AGREEMENT,UNEXPLORED_28,TREND_DOWN,17c4bc482d33330e,1.0840666666666667
2026-05-12,TRACK_B_BASELINE_FAILURE,UNEXPLORED_29,TREND_DOWN,f8d582f6f5eae30a,-1.53869
2026-05-12,TRACK_B_CONDITIONAL_SCORE,UNEXPLORED_29,TREND_DOWN,f8d582f6f5eae30a,-2.27587
2026-05-12,TRACK_B_FACTOR_AGREEMENT,UNEXPLORED_29,TREND_DOWN,f8d582f6f5eae30a,-1.2073222222222222
2026-05-13,TRACK_B_BASELINE_FAILURE,UNEXPLORED_21,TREND_DOWN,e3647c9a4d3c5632,-1.5440799999999997
2026-05-13,TRACK_B_CONDITIONAL_SCORE,UNEXPLORED_21,TREND_DOWN,e3647c9a4d3c5632,-0.8537699999999997
2026-05-13,TRACK_B_FACTOR_AGREEMENT,UNEXPLORED_21,TREND_DOWN,e3647c9a4d3c5632,-0.19712222222222198
2026-05-14,TRACK_B_BASELINE_FAILURE,UNEXPLORED_28,TREND_DOWN,17c4bc482d33330e,-1.3147900000000001
2026-05-14,TRACK_B_CONDITIONAL_SCORE,UNEXPLORED_28,TREND_DOWN,17c4bc482d33330e,-2.3416499999999996
2026-05-14,TRACK_B_FACTOR_AGREEMENT,UNEXPLORED_28,TREND_DOWN,17c4bc482d33330e,-1.593977777777778
2026-05-15,TRACK_B_BASELINE_FAILURE,UNEXPLORED_21,TREND_DOWN,e3647c9a4d3c5632,-1.7363499999999994
2026-05-15,TRACK_B_CONDITIONAL_SCORE,UNEXPLORED_21,TREND_DOWN,e3647c9a4d3c5632,-1.7609799999999998
2026-05-15,TRACK_B_FACTOR_AGREEMENT,UNEXPLORED_21,TREND_DOWN,e3647c9a4d3c5632,-1.6471111111111107
2026-05-18,TRACK_B_BASELINE_FAILURE,UNEXPLORED_44,TREND_DOWN,79c3c63ae1d8c9ec,-2.15081
2026-05-18,TRACK_B_CONDITIONAL_SCORE,UNEXPLORED_44,TREND_DOWN,79c3c63ae1d8c9ec,-3.055440000000001
2026-05-18,TRACK_B_FACTOR_AGREEMENT,UNEXPLORED_44,TREND_DOWN,79c3c63ae1d8c9ec,-1.8117444444444448
2026-05-19,TRACK_B_BASELINE_FAILURE,UNEXPLORED_25,TREND_UP,462b4025dc9ef2d4,-0.95183
2026-05-19,TRACK_B_CONDITIONAL_SCORE,UNEXPLORED_25,TREND_UP,462b4025dc9ef2d4,-1.3905500000000002
2026-05-19,TRACK_B_FACTOR_AGREEMENT,UNEXPLORED_25,TREND_UP,462b4025dc9ef2d4,-2.1739555555555556
2026-05-20,TRACK_B_BASELINE_FAILURE,UNEXPLORED_25,TREND_UP,462b4025dc9ef2d4,-1.19894
2026-05-20,TRACK_B_CONDITIONAL_SCORE,UNEXPLORED_25,TREND_UP,462b4025dc9ef2d4,-1.70785
2026-05-20,TRACK_B_FACTOR_AGREEMENT,UNEXPLORED_25,TREND_UP,462b4025dc9ef2d4,-1.1492222222222221
2026-05-21,TRACK_B_BASELINE_FAILURE,UNEXPLORED_18,CHOPPY,805568ee4a55f676,-1.8384100000000003
2026-05-21,TRACK_B_CONDITIONAL_SCORE,UNEXPLORED_18,CHOPPY,805568ee4a55f676,-0.8002700000000003
2026-05-21,TRACK_B_FACTOR_AGREEMENT,UNEXPLORED_18,CHOPPY,805568ee4a55f676,-3.5116111111111112
2026-05-22,TRACK_B_BASELINE_FAILURE,UNEXPLORED_17,CHOPPY,3c9f74d9ff46c9aa,-1.06726
2026-05-22,TRACK_B_CONDITIONAL_SCORE,UNEXPLORED_17,CHOPPY,3c9f74d9ff46c9aa,0.9299799999999999
2026-05-22,TRACK_B_FACTOR_AGREEMENT,UNEXPLORED_17,CHOPPY,3c9f74d9ff46c9aa,-0.5364555555555556
2026-05-25,TRACK_B_BASELINE_FAILURE,UNEXPLORED_45,TREND_UP,d6359b8ab950e757,-0.9843600000000003
2026-05-25,TRACK_B_CONDITIONAL_SCORE,UNEXPLORED_45,TREND_UP,d6359b8ab950e757,-0.11111999999999966
2026-05-25,TRACK_B_FACTOR_AGREEMENT,UNEXPLORED_45,TREND_UP,d6359b8ab950e757,0.31363333333333365
2026-05-26,TRACK_B_BASELINE_FAILURE,UNEXPLORED_16,TREND_UP,ee5597a108fed5c1,0.8075799999999993
2026-05-26,TRACK_B_CONDITIONAL_SCORE,UNEXPLORED_16,TREND_UP,ee5597a108fed5c1,1.3384899999999997
2026-05-26,TRACK_B_FACTOR_AGREEMENT,UNEXPLORED_16,TREND_UP,ee5597a108fed5c1,1.231211111111111
2026-05-27,TRACK_B_BASELINE_FAILURE,UNEXPLORED_14,TREND_UP,0488aa61a160ea49,-0.42152999999999974
2026-05-27,TRACK_B_CONDITIONAL_SCORE,UNEXPLORED_14,TREND_UP,0488aa61a160ea49,-0.10480000000000045
2026-05-27,TRACK_B_FACTOR_AGREEMENT,UNEXPLORED_14,TREND_UP,0488aa61a160ea49,1.8338333333333328
2026-05-28,TRACK_B_BASELINE_FAILURE,,,,-1.5142299999999997
2026-05-28,TRACK_B_CONDITIONAL_SCORE,,,,1.01691
2026-05-28,TRACK_B_FACTOR_AGREEMENT,,,,0.8625111111111115
2026-05-29,TRACK_B_BASELINE_FAILURE,UNEXPLORED_46,CHOPPY,9e7e6af0fb384ff0,-0.07881000000000005
2026-05-29,TRACK_B_CONDITIONAL_SCORE,UNEXPLORED_46,CHOPPY,9e7e6af0fb384ff0,0.7310899999999998
2026-05-29,TRACK_B_FACTOR_AGREEMENT,UNEXPLORED_46,CHOPPY,9e7e6af0fb384ff0,1.1355888888888885
2026-06-01,TRACK_B_BASELINE_FAILURE,UNEXPLORED_30,TREND_DOWN,9bb208b0035bbc7f,-0.8342900000000006
2026-06-01,TRACK_B_CONDITIONAL_SCORE,UNEXPLORED_30,TREND_DOWN,9bb208b0035bbc7f,-0.5678399999999999
2026-06-01,TRACK_B_FACTOR_AGREEMENT,UNEXPLORED_30,TREND_DOWN,9bb208b0035bbc7f,-1.298733333333334
2026-06-02,TRACK_B_BASELINE_FAILURE,UNEXPLORED_20,TREND_DOWN,d59364ccfbbaa9f5,0.21321
2026-06-02,TRACK_B_CONDITIONAL_SCORE,UNEXPLORED_20,TREND_DOWN,d59364ccfbbaa9f5,-1.7823400000000003
2026-06-02,TRACK_B_FACTOR_AGREEMENT,UNEXPLORED_20,TREND_DOWN,d59364ccfbbaa9f5,-3.971833333333333
2026-06-03,TRACK_B_BASELINE_FAILURE,UNEXPLORED_20,TREND_DOWN,d59364ccfbbaa9f5,0.87958
2026-06-03,TRACK_B_CONDITIONAL_SCORE,UNEXPLORED_20,TREND_DOWN,d59364ccfbbaa9f5,0.24938999999999978
2026-06-03,TRACK_B_FACTOR_AGREEMENT,UNEXPLORED_20,TREND_DOWN,d59364ccfbbaa9f5,-1.0752555555555556
2026-06-04,TRACK_B_BASELINE_FAILURE,UNEXPLORED_21,TREND_DOWN,e3647c9a4d3c5632,3.23482
2026-06-04,TRACK_B_CONDITIONAL_SCORE,UNEXPLORED_21,TREND_DOWN,e3647c9a4d3c5632,-0.47358999999999996
2026-06-04,TRACK_B_FACTOR_AGREEMENT,UNEXPLORED_21,TREND_DOWN,e3647c9a4d3c5632,-1.961122222222222
2026-06-05,TRACK_B_BASELINE_FAILURE,UNEXPLORED_20,TREND_DOWN,d59364ccfbbaa9f5,3.88072
2026-06-05,TRACK_B_CONDITIONAL_SCORE,UNEXPLORED_20,TREND_DOWN,d59364ccfbbaa9f5,2.29586
2026-06-05,TRACK_B_FACTOR_AGREEMENT,UNEXPLORED_20,TREND_DOWN,d59364ccfbbaa9f5,-0.7645222222222223
2026-06-08,TRACK_B_BASELINE_FAILURE,UNEXPLORED_28,TREND_DOWN,17c4bc482d33330e,-1.5083599999999997
2026-06-08,TRACK_B_CONDITIONAL_SCORE,UNEXPLORED_28,TREND_DOWN,17c4bc482d33330e,-3.43039
2026-06-08,TRACK_B_FACTOR_AGREEMENT,UNEXPLORED_28,TREND_DOWN,17c4bc482d33330e,-2.381355555555556
2026-06-09,TRACK_B_BASELINE_FAILURE,UNEXPLORED_20,TREND_DOWN,d59364ccfbbaa9f5,4.0733999999999995
2026-06-09,TRACK_B_CONDITIONAL_SCORE,UNEXPLORED_20,TREND_DOWN,d59364ccfbbaa9f5,2.48857
2026-06-09,TRACK_B_FACTOR_AGREEMENT,UNEXPLORED_20,TREND_DOWN,d59364ccfbbaa9f5,-1.0355333333333334
2026-06-10,TRACK_B_BASELINE_FAILURE,UNEXPLORED_21,TREND_DOWN,e3647c9a4d3c5632,-0.4352500000000008
2026-06-10,TRACK_B_CONDITIONAL_SCORE,UNEXPLORED_21,TREND_DOWN,e3647c9a4d3c5632,-2.1267200000000006
2026-06-10,TRACK_B_FACTOR_AGREEMENT,UNEXPLORED_21,TREND_DOWN,e3647c9a4d3c5632,-0.724655555555556
2026-06-11,TRACK_B_BASELINE_FAILURE,UNEXPLORED_20,TREND_DOWN,d59364ccfbbaa9f5,-2.162369999999999
2026-06-11,TRACK_B_CONDITIONAL_SCORE,UNEXPLORED_20,TREND_DOWN,d59364ccfbbaa9f5,-5.36845
2026-06-11,TRACK_B_FACTOR_AGREEMENT,UNEXPLORED_20,TREND_DOWN,d59364ccfbbaa9f5,-3.078377777777778
2026-06-12,TRACK_B_BASELINE_FAILURE,UNEXPLORED_24,TREND_UP,56b9948f187d1544,0.24104000000000014
2026-06-12,TRACK_B_CONDITIONAL_SCORE,UNEXPLORED_24,TREND_UP,56b9948f187d1544,0.6620699999999999
2026-06-12,TRACK_B_FACTOR_AGREEMENT,UNEXPLORED_24,TREND_UP,56b9948f187d1544,-0.3919222222222225
2026-06-15,TRACK_B_BASELINE_FAILURE,UNEXPLORED_16,TREND_UP,ee5597a108fed5c1,-0.41836000000000007
2026-06-15,TRACK_B_CONDITIONAL_SCORE,UNEXPLORED_16,TREND_UP,ee5597a108fed5c1,-1.8191700000000002
2026-06-15,TRACK_B_FACTOR_AGREEMENT,UNEXPLORED_16,TREND_UP,ee5597a108fed5c1,-0.4761000000000001
2026-06-16,TRACK_B_BASELINE_FAILURE,UNEXPLORED_15,TREND_UP,39cd5fd0b3c726a8,0.7915099999999998
2026-06-16,TRACK_B_CONDITIONAL_SCORE,UNEXPLORED_15,TREND_UP,39cd5fd0b3c726a8,-0.8493000000000002
2026-06-16,TRACK_B_FACTOR_AGREEMENT,UNEXPLORED_15,TREND_UP,39cd5fd0b3c726a8,-1.225711111111111
2026-06-17,TRACK_B_BASELINE_FAILURE,UNEXPLORED_15,TREND_UP,39cd5fd0b3c726a8,0.16656999999999988
2026-06-17,TRACK_B_CONDITIONAL_SCORE,UNEXPLORED_15,TREND_UP,39cd5fd0b3c726a8,0.030959999999999932
2026-06-17,TRACK_B_FACTOR_AGREEMENT,UNEXPLORED_15,TREND_UP,39cd5fd0b3c726a8,1.475088888888889
2026-06-18,TRACK_B_BASELINE_FAILURE,UNEXPLORED_16,TREND_UP,ee5597a108fed5c1,1.5267099999999998
2026-06-18,TRACK_B_CONDITIONAL_SCORE,UNEXPLORED_16,TREND_UP,ee5597a108fed5c1,0.07162000000000002
2026-06-18,TRACK_B_FACTOR_AGREEMENT,UNEXPLORED_16,TREND_UP,ee5597a108fed5c1,0.18707777777777765
2026-06-19,TRACK_B_BASELINE_FAILURE,UNEXPLORED_16,TREND_UP,ee5597a108fed5c1,-0.0720300000000001
2026-06-19,TRACK_B_CONDITIONAL_SCORE,UNEXPLORED_16,TREND_UP,ee5597a108fed5c1,-0.2426799999999999
2026-06-19,TRACK_B_FACTOR_AGREEMENT,UNEXPLORED_16,TREND_UP,ee5597a108fed5c1,-1.490988888888889
2026-06-22,TRACK_B_BASELINE_FAILURE,UNEXPLORED_15,TREND_UP,39cd5fd0b3c726a8,0.3207500000000002
2026-06-22,TRACK_B_CONDITIONAL_SCORE,UNEXPLORED_15,TREND_UP,39cd5fd0b3c726a8,1.5997099999999997
2026-06-22,TRACK_B_FACTOR_AGREEMENT,UNEXPLORED_15,TREND_UP,39cd5fd0b3c726a8,0.9652222222222223
2026-06-23,TRACK_B_BASELINE_FAILURE,UNEXPLORED_28,TREND_DOWN,17c4bc482d33330e,-0.12017
2026-06-23,TRACK_B_CONDITIONAL_SCORE,UNEXPLORED_28,TREND_DOWN,17c4bc482d33330e,2.13065
2026-06-23,TRACK_B_FACTOR_AGREEMENT,UNEXPLORED_28,TREND_DOWN,17c4bc482d33330e,1.714511111111111
2026-06-24,TRACK_B_BASELINE_FAILURE,UNEXPLORED_17,CHOPPY,3c9f74d9ff46c9aa,2.63833
2026-06-24,TRACK_B_CONDITIONAL_SCORE,UNEXPLORED_17,CHOPPY,3c9f74d9ff46c9aa,1.0809100000000003
2026-06-24,TRACK_B_FACTOR_AGREEMENT,UNEXPLORED_17,CHOPPY,3c9f74d9ff46c9aa,0.806388888888889
2026-06-25,TRACK_B_BASELINE_FAILURE,UNEXPLORED_18,CHOPPY,805568ee4a55f676,-0.6719999999999999
2026-06-25,TRACK_B_CONDITIONAL_SCORE,UNEXPLORED_18,CHOPPY,805568ee4a55f676,0.46257
2026-06-25,TRACK_B_FACTOR_AGREEMENT,UNEXPLORED_18,CHOPPY,805568ee4a55f676,1.0621777777777779
2026-06-26,TRACK_B_BASELINE_FAILURE,,,,-0.10415000000000041
2026-06-26,TRACK_B_CONDITIONAL_SCORE,,,,0.36175
2026-06-26,TRACK_B_FACTOR_AGREEMENT,,,,0.7202888888888888
2026-06-29,TRACK_B_BASELINE_FAILURE,UNEXPLORED_17,CHOPPY,3c9f74d9ff46c9aa,-1.3774799999999994
2026-06-29,TRACK_B_CONDITIONAL_SCORE,UNEXPLORED_17,CHOPPY,3c9f74d9ff46c9aa,0.10113000000000039
2026-06-29,TRACK_B_FACTOR_AGREEMENT,UNEXPLORED_17,CHOPPY,3c9f74d9ff46c9aa,0.26292222222222295
2026-06-30,TRACK_B_BASELINE_FAILURE,UNEXPLORED_20,TREND_DOWN,d59364ccfbbaa9f5,-1.68194
2026-06-30,TRACK_B_CONDITIONAL_SCORE,UNEXPLORED_20,TREND_DOWN,d59364ccfbbaa9f5,-2.54132
2026-06-30,TRACK_B_FACTOR_AGREEMENT,UNEXPLORED_20,TREND_DOWN,d59364ccfbbaa9f5,-1.9291888888888886
2026-07-01,TRACK_B_BASELINE_FAILURE,UNEXPLORED_16,TREND_UP,ee5597a108fed5c1,-4.96241
2026-07-01,TRACK_B_CONDITIONAL_SCORE,UNEXPLORED_16,TREND_UP,ee5597a108fed5c1,-4.33029
2026-07-01,TRACK_B_FACTOR_AGREEMENT,UNEXPLORED_16,TREND_UP,ee5597a108fed5c1,-4.876977777777777
2026-07-02,TRACK_B_BASELINE_FAILURE,UNEXPLORED_15,TREND_UP,39cd5fd0b3c726a8,-0.033909999999999885
2026-07-02,TRACK_B_CONDITIONAL_SCORE,UNEXPLORED_15,TREND_UP,39cd5fd0b3c726a8,0.09111999999999987
2026-07-02,TRACK_B_FACTOR_AGREEMENT,UNEXPLORED_15,TREND_UP,39cd5fd0b3c726a8,-1.5902555555555553
2026-07-03,TRACK_B_BASELINE_FAILURE,UNEXPLORED_15,TREND_UP,39cd5fd0b3c726a8,-0.06288000000000005
2026-07-03,TRACK_B_CONDITIONAL_SCORE,UNEXPLORED_15,TREND_UP,39cd5fd0b3c726a8,0.014549999999999896
2026-07-03,TRACK_B_FACTOR_AGREEMENT,UNEXPLORED_15,TREND_UP,39cd5fd0b3c726a8,-0.07211111111111113
2026-07-06,TRACK_B_BASELINE_FAILURE,UNEXPLORED_16,TREND_UP,ee5597a108fed5c1,-1.4391500000000002
2026-07-06,TRACK_B_CONDITIONAL_SCORE,UNEXPLORED_16,TREND_UP,ee5597a108fed5c1,-2.65868
2026-07-06,TRACK_B_FACTOR_AGREEMENT,UNEXPLORED_16,TREND_UP,ee5597a108fed5c1,-1.4215555555555555
2026-07-07,TRACK_B_BASELINE_FAILURE,UNEXPLORED_25,TREND_UP,462b4025dc9ef2d4,0.42949999999999977
2026-07-07,TRACK_B_CONDITIONAL_SCORE,UNEXPLORED_25,TREND_UP,462b4025dc9ef2d4,-0.6634200000000001
2026-07-07,TRACK_B_FACTOR_AGREEMENT,UNEXPLORED_25,TREND_UP,462b4025dc9ef2d4,-1.2494555555555555
2026-07-08,TRACK_B_BASELINE_FAILURE,UNEXPLORED_46,CHOPPY,9e7e6af0fb384ff0,0.6573399999999996
2026-07-08,TRACK_B_CONDITIONAL_SCORE,UNEXPLORED_46,CHOPPY,9e7e6af0fb384ff0,-0.14726000000000006
2026-07-08,TRACK_B_FACTOR_AGREEMENT,UNEXPLORED_46,CHOPPY,9e7e6af0fb384ff0,-0.01702222222222219
2026-07-09,TRACK_B_BASELINE_FAILURE,UNEXPLORED_20,TREND_DOWN,d59364ccfbbaa9f5,0.48943000000000014
2026-07-09,TRACK_B_CONDITIONAL_SCORE,UNEXPLORED_20,TREND_DOWN,d59364ccfbbaa9f5,-0.9557800000000002
2026-07-09,TRACK_B_FACTOR_AGREEMENT,UNEXPLORED_20,TREND_DOWN,d59364ccfbbaa9f5,-0.31266666666666665
2026-07-10,TRACK_B_BASELINE_FAILURE,UNEXPLORED_47,CHOPPY,84073d217eb96862,0.8176599999999999
2026-07-10,TRACK_B_CONDITIONAL_SCORE,UNEXPLORED_47,CHOPPY,84073d217eb96862,-1.00958
2026-07-10,TRACK_B_FACTOR_AGREEMENT,UNEXPLORED_47,CHOPPY,84073d217eb96862,0.6721222222222223
2026-07-13,TRACK_B_BASELINE_FAILURE,UNEXPLORED_21,TREND_DOWN,e3647c9a4d3c5632,-0.13806999999999992
2026-07-13,TRACK_B_CONDITIONAL_SCORE,UNEXPLORED_21,TREND_DOWN,e3647c9a4d3c5632,0.95908
2026-07-13,TRACK_B_FACTOR_AGREEMENT,UNEXPLORED_21,TREND_DOWN,e3647c9a4d3c5632,0.5804222222222222
2026-07-14,TRACK_B_BASELINE_FAILURE,UNEXPLORED_19,TREND_DOWN,21580290ff890eea,-2.8666100000000005
2026-07-14,TRACK_B_CONDITIONAL_SCORE,UNEXPLORED_19,TREND_DOWN,21580290ff890eea,-1.4919799999999999
2026-07-14,TRACK_B_FACTOR_AGREEMENT,UNEXPLORED_19,TREND_DOWN,21580290ff890eea,-1.3228111111111112
2026-07-15,TRACK_B_BASELINE_FAILURE,UNEXPLORED_25,TREND_UP,462b4025dc9ef2d4,-0.5077399999999999
2026-07-15,TRACK_B_CONDITIONAL_SCORE,UNEXPLORED_25,TREND_UP,462b4025dc9ef2d4,-0.19041000000000008
2026-07-15,TRACK_B_FACTOR_AGREEMENT,UNEXPLORED_25,TREND_UP,462b4025dc9ef2d4,-0.7744555555555555
2026-07-16,TRACK_B_BASELINE_FAILURE,UNEXPLORED_27,FLAT,781a8762235d82c2,-0.19179999999999997
2026-07-16,TRACK_B_CONDITIONAL_SCORE,UNEXPLORED_27,FLAT,781a8762235d82c2,1.3802400000000001
2026-07-16,TRACK_B_FACTOR_AGREEMENT,UNEXPLORED_27,FLAT,781a8762235d82c2,0.028655555555555545
2026-07-17,TRACK_B_BASELINE_FAILURE,UNEXPLORED_26,CHOPPY,edc61dcc975ec559,-2.7523100000000005
2026-07-17,TRACK_B_CONDITIONAL_SCORE,UNEXPLORED_26,CHOPPY,edc61dcc975ec559,0.03610000000000002
2026-07-17,TRACK_B_FACTOR_AGREEMENT,UNEXPLORED_26,CHOPPY,edc61dcc975ec559,-1.4205888888888891
2026-07-20,TRACK_B_BASELINE_FAILURE,UNEXPLORED_23,CHOPPY,c812c38fa8967922,-0.84398
2026-07-20,TRACK_B_CONDITIONAL_SCORE,UNEXPLORED_23,CHOPPY,c812c38fa8967922,1.0640100000000001
2026-07-20,TRACK_B_FACTOR_AGREEMENT,UNEXPLORED_23,CHOPPY,c812c38fa8967922,-0.9991888888888893
2026-07-21,TRACK_B_BASELINE_FAILURE,UNEXPLORED_23,CHOPPY,c812c38fa8967922,-1.69128
2026-07-21,TRACK_B_CONDITIONAL_SCORE,UNEXPLORED_23,CHOPPY,c812c38fa8967922,1.38558
2026-07-21,TRACK_B_FACTOR_AGREEMENT,UNEXPLORED_23,CHOPPY,c812c38fa8967922,0.457788888888889
2026-07-22,TRACK_B_BASELINE_FAILURE,UNEXPLORED_17,CHOPPY,3c9f74d9ff46c9aa,-1.3045199999999997
2026-07-22,TRACK_B_CONDITIONAL_SCORE,UNEXPLORED_17,CHOPPY,3c9f74d9ff46c9aa,-0.5483899999999998
2026-07-22,TRACK_B_FACTOR_AGREEMENT,UNEXPLORED_17,CHOPPY,3c9f74d9ff46c9aa,-2.5201222222222226
2026-07-23,TRACK_B_BASELINE_FAILURE,UNEXPLORED_20,TREND_DOWN,d59364ccfbbaa9f5,1.12652
2026-07-23,TRACK_B_CONDITIONAL_SCORE,UNEXPLORED_20,TREND_DOWN,d59364ccfbbaa9f5,1.7148099999999997
2026-07-23,TRACK_B_FACTOR_AGREEMENT,UNEXPLORED_20,TREND_DOWN,d59364ccfbbaa9f5,0.8559333333333334
