scenario,factor_a,factor_b,state_a,state_b,target_outcome,episodes,total_observations,target_consistency_pct,positive_uplift_pct,positive_return_pct,mean_target_uplift_pct,median_target_uplift_pct,worst_target_uplift_pct,mean_return_5d,median_return_5d,worst_episode_mean_return_5d,best_episode_mean_return_5d,return_positive_minus_negative_balance,decision,research_status
TREND_UP,trend_score,liquidity_score,LOW,LOW,UP,7,263,85.71428571428571,85.71428571428571,85.71428571428571,11.547815946596568,8.421516754850082,-8.930627023091542,1.1851042823555613,1.300094285714286,-0.7652081081081082,4.152163636363637,5.0,ECONOMIC_ROBUSTNESS_CANDIDATE,RESEARCH_ONLY
TREND_UP,relative_strength,trend_score,LOW,LOW,UP,9,509,77.77777777777779,77.77777777777779,77.77777777777779,10.782264209415445,4.8696384622471385,-9.248592046938917,1.0509796041094173,0.6947555555555555,-1.2080070588235297,3.949191666666666,5.0,ECONOMIC_ROBUSTNESS_CANDIDATE,RESEARCH_ONLY
TREND_UP,intelligence_score,relative_strength,LOW,LOW,UP,9,609,77.77777777777779,88.88888888888889,77.77777777777779,9.92011366280759,5.298593166810214,-6.792224884689407,1.0181952055638437,0.7663185714285714,-0.9512703296703297,4.075426086956522,5.0,ECONOMIC_ROBUSTNESS_CANDIDATE,RESEARCH_ONLY
TREND_UP,relative_strength,liquidity_score,LOW,LOW,UP,8,397,87.5,87.5,75.0,5.048518927629454,4.613487851530731,-3.2436900861546007,0.5496933193387276,0.6726947580645162,-0.4793104166666665,1.1913513513513514,4.0,ECONOMIC_ROBUSTNESS_CANDIDATE,RESEARCH_ONLY
TREND_UP,momentum_score,liquidity_score,LOW,LOW,UP,7,238,85.71428571428571,100.0,71.42857142857143,7.230741885276985,6.357972245822715,1.8549959127208737,0.49478417484631787,0.5531555555555556,-0.2795416666666666,1.169382142857143,3.0,ECONOMIC_ROBUSTNESS_CANDIDATE,RESEARCH_ONLY
TREND_UP,change_pct,intelligence_score,LOW,LOW,UP,8,499,75.0,75.0,75.0,3.4296419528299578,5.423486849236866,-6.842174934639456,0.45052970025567135,0.5489001690331305,-0.7894272727272728,1.5853519999999997,4.0,ECONOMIC_ROBUSTNESS_CANDIDATE,RESEARCH_ONLY
TREND_UP,intelligence_score,liquidity_score,LOW,LOW,UP,8,574,75.0,75.0,75.0,1.8879200511559562,3.684387357479256,-12.078078271808621,0.33349796721225944,0.3999596354166667,-1.149103797468354,1.1108269841269844,4.0,ECONOMIC_ROBUSTNESS_CANDIDATE,RESEARCH_ONLY
TREND_UP,change_pct,liquidity_score,LOW,LOW,UP,8,334,75.0,87.5,75.0,4.252006659283321,4.5446591511685135,-3.2436900861546007,0.32209715612187073,0.2184971288515406,-0.4740500000000001,1.5149481481481482,4.0,ECONOMIC_ROBUSTNESS_CANDIDATE,RESEARCH_ONLY
TREND_UP,trend_score,momentum_score,LOW,HIGH,UP,9,396,77.77777777777779,66.66666666666666,88.88888888888889,11.145306256390317,6.357972245822715,-14.00282250624593,1.4793249387068086,0.8137477272727272,-1.3878205479452057,5.759245454545455,7.0,NOT_ECONOMICALLY_ROBUST,RESEARCH_ONLY
TREND_UP,intelligence_score,trend_score,LOW,LOW,UP,9,731,55.55555555555556,77.77777777777779,77.77777777777779,10.040413949281358,3.258609486679653,-4.915032679738559,1.2319154192142856,0.7105340909090909,-0.718219696969697,5.226755,5.0,NOT_ECONOMICALLY_ROBUST,RESEARCH_ONLY
TREND_UP,trend_score,volatility_score,LOW,LOW,UP,9,571,55.55555555555556,55.55555555555556,66.66666666666666,11.486956800932155,5.448881336731809,-10.327023419487944,1.1918465532945133,0.6481454545454546,-1.1890558333333336,5.0112,3.0,NOT_ECONOMICALLY_ROBUST,RESEARCH_ONLY
TREND_UP,change_pct,trend_score,HIGH,LOW,UP,9,460,77.77777777777779,66.66666666666666,77.77777777777779,9.193784984859294,2.093944538766273,-8.323278101135877,1.1606323962584184,0.3033258064516128,-1.0945674157303371,5.662942424242424,5.0,NOT_ECONOMICALLY_ROBUST,RESEARCH_ONLY
TREND_UP,intelligence_score,liquidity_score,LOW,HIGH,DOWN,9,468,55.55555555555556,44.44444444444444,66.66666666666666,-2.9693369304342485,-0.06467148262814959,-40.57786393427491,0.9605424974337535,0.6192473684210524,-2.0951169230769238,5.555026086956522,3.0,NOT_ECONOMICALLY_ROBUST,RESEARCH_ONLY
TREND_UP,change_pct,intelligence_score,HIGH,LOW,UP,9,551,55.55555555555556,44.44444444444444,66.66666666666666,6.03638167603295,-0.35844566462505156,-9.673760454263803,0.8936519913016063,0.3641595238095239,-0.917266304347826,5.958470967741935,3.0,NOT_ECONOMICALLY_ROBUST,RESEARCH_ONLY
TREND_UP,intelligence_score,momentum_score,LOW,LOW,UP,9,518,77.77777777777779,66.66666666666666,77.77777777777779,8.120184622626399,5.3775800889599665,-4.504946447551305,0.8910659848162472,0.530047191011236,-1.308341975308642,4.226564999999999,5.0,NOT_ECONOMICALLY_ROBUST,RESEARCH_ONLY
TREND_UP,intelligence_score,momentum_score,LOW,HIGH,UP,9,541,55.55555555555556,55.55555555555556,55.55555555555556,5.692708498675208,2.217236639987064,-14.270112850382247,0.8600269232012976,0.5539358974358976,-1.4232341463414635,6.226945000000001,1.0,NOT_ECONOMICALLY_ROBUST,RESEARCH_ONLY
TREND_UP,trend_score,liquidity_score,LOW,HIGH,DOWN,9,577,55.55555555555556,66.66666666666666,66.66666666666666,-1.7527094581686447,4.768840869681199,-37.23338232892374,0.8399980010640282,0.37865,-1.859927142857144,5.037534615384616,3.0,NOT_ECONOMICALLY_ROBUST,RESEARCH_ONLY
TREND_UP,trend_score,momentum_score,LOW,LOW,UP,9,474,66.66666666666666,66.66666666666666,77.77777777777779,8.007811111783754,4.926359959694672,-6.686063672780946,0.8163522828619103,0.4657629629629631,-1.3046194444444446,4.0751,5.0,NOT_ECONOMICALLY_ROBUST,RESEARCH_ONLY
TREND_DOWN,relative_strength,trend_score,LOW,LOW,UP,8,1207,62.5,75.0,62.5,9.460528753516682,1.3115346179028613,-11.265209632944394,0.7660166255529193,0.5057112455197131,-1.0883520435967302,3.96831294117647,2.0,NOT_ECONOMICALLY_ROBUST,RESEARCH_ONLY
TREND_UP,intelligence_score,volatility_score,LOW,LOW,UP,9,679,55.55555555555556,66.66666666666666,55.55555555555556,7.724886456051893,5.480779263366571,-13.541892322395665,0.7528383082341981,0.3388261904761905,-1.3246951999999996,5.3143615384615375,1.0,NOT_ECONOMICALLY_ROBUST,RESEARCH_ONLY
TREND_DOWN,change_pct,trend_score,LOW,LOW,UP,8,1395,62.5,50.0,62.5,8.173525073625196,0.2231331736713198,-9.407970490362118,0.7021226414372865,0.5131139762157071,-1.386822619047619,4.143257352941175,2.0,NOT_ECONOMICALLY_ROBUST,RESEARCH_ONLY
TREND_UP,momentum_score,volatility_score,LOW,LOW,DOWN,9,511,66.66666666666666,66.66666666666666,55.55555555555556,-3.036840087494465,3.6633986928104463,-39.92569002123143,0.6828971903734311,0.0383515151515151,-0.9786057692307693,4.18835,1.0,NOT_ECONOMICALLY_ROBUST,RESEARCH_ONLY
TREND_DOWN,intelligence_score,trend_score,HIGH,LOW,UP,5,165,60.0,60.0,60.0,6.892674481842397,13.032445169476155,-13.711470607815723,0.681443433862434,1.2285714285714286,-1.0197533333333333,1.8906361111111116,1.0,NOT_ECONOMICALLY_ROBUST,RESEARCH_ONLY
TREND_UP,volatility_score,liquidity_score,LOW,HIGH,UP,9,1101,66.66666666666666,55.55555555555556,55.55555555555556,6.4798002962116374,0.573235886742907,-9.473753882007873,0.6803831231801561,0.2095999999999999,-1.4307535885167466,4.902870967741935,1.0,NOT_ECONOMICALLY_ROBUST,RESEARCH_ONLY
TREND_UP,change_pct,trend_score,LOW,LOW,UP,8,400,62.5,62.5,75.0,5.7058383006602,5.800664170898855,-8.660356752821272,0.6801649880236182,0.7385596313364056,-1.0048549999999998,3.4225931034482766,4.0,NOT_ECONOMICALLY_ROBUST,RESEARCH_ONLY
TREND_DOWN,intelligence_score,relative_strength,LOW,LOW,UP,8,1327,62.5,50.0,62.5,9.128268368941711,0.9460521878920325,-11.622098627139401,0.6153561929468434,0.4637830397727274,-1.5081226804123713,3.887191111111111,2.0,NOT_ECONOMICALLY_ROBUST,RESEARCH_ONLY
TREND_UP,relative_strength,volatility_score,LOW,LOW,UP,8,753,75.0,75.0,62.5,6.26693200133329,2.594642498508467,-8.809610484164555,0.5761680534448803,0.327227599323753,-1.3170216417910448,4.104911111111112,2.0,NOT_ECONOMICALLY_ROBUST,RESEARCH_ONLY
TREND_DOWN,trend_score,liquidity_score,LOW,LOW,DOWN,8,812,50.0,50.0,50.0,-2.1262530013281724,-4.863987746033416,-37.76978417266187,0.5680519675957534,0.19369668599834294,-1.7328204778156997,4.671454166666667,0.0,NOT_ECONOMICALLY_ROBUST,RESEARCH_ONLY
TREND_UP,relative_strength,trend_score,HIGH,LOW,UP,8,342,62.5,50.0,62.5,2.5140841276968495,1.743485955269641,-13.003267973856214,0.564611703733439,0.329354967948718,-0.8943369047619049,3.887512000000001,2.0,NOT_ECONOMICALLY_ROBUST,RESEARCH_ONLY
TREND_DOWN,intelligence_score,trend_score,LOW,LOW,UP,8,1954,62.5,50.0,62.5,7.172386964702117,-0.0429574521497571,-15.096622575927334,0.5623714836184439,0.43424235051546395,-1.4440149122807018,4.1710688,2.0,NOT_ECONOMICALLY_ROBUST,RESEARCH_ONLY
TREND_DOWN,trend_score,volatility_score,LOW,LOW,DOWN,8,1554,50.0,62.5,62.5,2.9772274347828063,6.815884611071873,-24.294606867697333,0.5622356545417754,0.3299340375369822,-1.3283284403669726,3.7714141843971634,2.0,NOT_ECONOMICALLY_ROBUST,RESEARCH_ONLY
TREND_DOWN,intelligence_score,liquidity_score,LOW,HIGH,UP,8,1197,62.5,62.5,62.5,5.831904352958842,2.6521824594849974,-9.963283778688947,0.5602180331100848,0.610892891566265,-1.8661,3.732682716049383,2.0,NOT_ECONOMICALLY_ROBUST,RESEARCH_ONLY
TREND_UP,change_pct,liquidity_score,HIGH,HIGH,DOWN,9,875,55.55555555555556,44.44444444444444,66.66666666666666,-0.1218047071552309,-0.7413632119514517,-41.079536175077585,0.5390296341843225,0.1678791666666667,-1.524599295774648,5.393415384615384,3.0,NOT_ECONOMICALLY_ROBUST,RESEARCH_ONLY
TREND_DOWN,trend_score,liquidity_score,LOW,HIGH,UP,8,1348,62.5,62.5,62.5,5.20904864214706,2.2580881093249445,-12.288708586883025,0.537444900711566,0.42314758787243945,-1.5113,3.2954469387755103,2.0,NOT_ECONOMICALLY_ROBUST,RESEARCH_ONLY
TREND_UP,change_pct,relative_strength,HIGH,HIGH,DOWN,9,1077,55.55555555555556,55.55555555555556,55.55555555555556,-1.3386061803141018,0.4771241830065307,-40.16378525932667,0.5356114651514684,0.4283525641025639,-1.339812105263158,5.831476190476191,1.0,NOT_ECONOMICALLY_ROBUST,RESEARCH_ONLY
TREND_DOWN,change_pct,intelligence_score,LOW,LOW,UP,8,1536,62.5,50.0,62.5,7.416000928115063,0.15617357909680507,-10.159978240981136,0.53011219936675,0.45012143473384536,-1.8747073770491804,3.75706883116883,2.0,NOT_ECONOMICALLY_ROBUST,RESEARCH_ONLY
CHOPPY,momentum_score,liquidity_score,LOW,LOW,DOWN,5,177,60.0,40.0,80.0,-3.224699957591839,-1.373587570621467,-17.148479913137898,0.5255499567099567,0.2193437499999999,-0.4131045454545454,2.132309090909091,3.0,NOT_ECONOMICALLY_ROBUST,RESEARCH_ONLY
TREND_DOWN,trend_score,momentum_score,LOW,LOW,UP,8,1673,62.5,50.0,62.5,6.508572913747349,-0.25609056095532345,-11.476970914752492,0.5222140653281291,0.39317122747747746,-1.416396808510638,3.604508988764045,2.0,NOT_ECONOMICALLY_ROBUST,RESEARCH_ONLY
TREND_DOWN,relative_strength,liquidity_score,LOW,HIGH,UP,8,1094,62.5,62.5,75.0,7.718892936069502,6.642577258492821,-7.498318680378084,0.5221500432718437,0.5009332860281999,-0.995089898989899,1.9691440677966103,4.0,NOT_ECONOMICALLY_ROBUST,RESEARCH_ONLY
TREND_UP,intelligence_score,volatility_score,LOW,HIGH,UP,7,376,71.42857142857143,57.14285714285714,85.71428571428571,4.219424417335387,3.1321657942098113,-6.456232747768038,0.5150760229737155,0.5026699029126214,-0.8116142857142857,1.5488730769230767,5.0,NOT_ECONOMICALLY_ROBUST,RESEARCH_ONLY
TREND_DOWN,intelligence_score,momentum_score,LOW,HIGH,UP,8,514,62.5,75.0,62.5,5.6652561970833615,1.1205649541832798,-27.56767975814252,0.5112923502964817,0.7760724957555178,-2.5240019607843136,4.22118524590164,2.0,NOT_ECONOMICALLY_ROBUST,RESEARCH_ONLY
TREND_UP,momentum_score,volatility_score,HIGH,LOW,DOWN,8,1073,50.0,50.0,62.5,-0.6581056775130047,0.3934693797328883,-41.35426144980286,0.5040125134038186,0.20664210252302762,-1.8498185393258424,5.340235714285714,2.0,NOT_ECONOMICALLY_ROBUST,RESEARCH_ONLY
TREND_DOWN,trend_score,momentum_score,LOW,HIGH,DOWN,8,487,50.0,37.5,50.0,-1.4049441049862796,-6.064612923640688,-27.868418731810568,0.5027590453050397,0.28310299516908216,-2.43725730994152,3.9716192982456144,0.0,NOT_ECONOMICALLY_ROBUST,RESEARCH_ONLY
TREND_UP,change_pct,momentum_score,HIGH,HIGH,DOWN,9,1272,55.55555555555556,33.33333333333333,55.55555555555556,-2.1468788079047894,-1.5449346405228823,-41.35426144980286,0.4969537536014529,0.4929557894736843,-1.6698202127659574,5.340235714285714,1.0,NOT_ECONOMICALLY_ROBUST,RESEARCH_ONLY
TREND_UP,relative_strength,momentum_score,LOW,LOW,UP,9,709,55.55555555555556,77.77777777777779,55.55555555555556,6.136447741357918,2.3500881834215193,-1.9416067528212722,0.48974822615787567,0.4491396396396396,-0.7581015624999998,3.75304,1.0,NOT_ECONOMICALLY_ROBUST,RESEARCH_ONLY
TREND_DOWN,change_pct,relative_strength,LOW,LOW,UP,8,1529,62.5,62.5,62.5,7.8187942185875015,2.622923149433504,-9.79278851878663,0.4824930326014669,0.39284078309551435,-1.313407299270073,2.6226134453781507,2.0,NOT_ECONOMICALLY_ROBUST,RESEARCH_ONLY
TREND_UP,momentum_score,liquidity_score,HIGH,HIGH,DOWN,9,959,55.55555555555556,55.55555555555556,66.66666666666666,1.638301069810981,2.6717441437067535,-39.92569002123143,0.4422516678614862,0.1684675000000001,-1.8076753424657537,5.154575000000001,3.0,NOT_ECONOMICALLY_ROBUST,RESEARCH_ONLY
TREND_DOWN,volatility_score,liquidity_score,LOW,HIGH,DOWN,8,1699,50.0,37.5,75.0,-4.671319697901152,-4.264304353356078,-24.41287416560696,0.44107607697252094,0.39747195557626586,-1.4046999999999998,2.536,4.0,NOT_ECONOMICALLY_ROBUST,RESEARCH_ONLY
TREND_DOWN,relative_strength,liquidity_score,LOW,LOW,DOWN,8,672,50.0,37.5,50.0,-3.1282722194796717,-6.033363979348266,-27.13849500146402,0.4384473779911827,0.09817314580941451,-1.434094375,3.4692244897959195,0.0,NOT_ECONOMICALLY_ROBUST,RESEARCH_ONLY
TREND_DOWN,change_pct,liquidity_score,LOW,LOW,DOWN,8,784,50.0,37.5,50.0,-2.210419295163886,-3.2473028599538125,-26.129667763128584,0.4362086533444155,0.2083238793671721,-1.710253947368421,3.4735121951219514,0.0,NOT_ECONOMICALLY_ROBUST,RESEARCH_ONLY
CHOPPY,relative_strength,liquidity_score,LOW,LOW,DOWN,5,177,60.0,60.0,60.0,-0.17467498256686084,4.377104377104374,-13.020351526364479,0.43215827995338,0.0033153846153845,-0.1564818181818181,2.0098000000000003,1.0,NOT_ECONOMICALLY_ROBUST,RESEARCH_ONLY
TREND_DOWN,change_pct,liquidity_score,LOW,HIGH,UP,8,1305,62.5,62.5,75.0,5.98818455719704,6.419724535024894,-8.241089539263974,0.4319496221546166,0.5557602277432712,-1.5261288888888884,1.7030605504587153,4.0,NOT_ECONOMICALLY_ROBUST,RESEARCH_ONLY
TREND_DOWN,relative_strength,momentum_score,LOW,LOW,UP,8,1600,62.5,62.5,62.5,7.407856814651808,2.9731078145516463,-11.298420438532865,0.4297409555947444,0.35371568604612474,-1.400977372262774,2.4739109375,2.0,NOT_ECONOMICALLY_ROBUST,RESEARCH_ONLY
TREND_UP,change_pct,volatility_score,HIGH,LOW,DOWN,8,944,62.5,62.5,50.0,0.8327849134319774,3.2565000098067642,-42.36158745712887,0.42935178369531907,-0.03081026702720975,-1.6688280254777068,5.3769307692307695,0.0,NOT_ECONOMICALLY_ROBUST,RESEARCH_ONLY
TREND_DOWN,change_pct,momentum_score,LOW,LOW,UP,8,1978,62.5,62.5,62.5,6.546289004226446,3.2648153767295653,-9.075455282145228,0.408410858970784,0.3773278323412699,-1.5127507772020727,2.234277272727273,2.0,NOT_ECONOMICALLY_ROBUST,RESEARCH_ONLY
TREND_DOWN,intelligence_score,momentum_score,LOW,LOW,UP,8,1792,62.5,50.0,62.5,6.249410395790349,-0.3157838315090089,-11.674433570778689,0.40047828774928945,0.38433504410463026,-1.7537,3.3021859999999994,2.0,NOT_ECONOMICALLY_ROBUST,RESEARCH_ONLY
TREND_DOWN,momentum_score,liquidity_score,LOW,HIGH,UP,8,1453,75.0,50.0,75.0,3.324704073314945,-1.5062413758693438,-8.794084930969056,0.39789776260525894,0.5944858794162826,-1.464096323529412,1.6841948275862066,4.0,NOT_ECONOMICALLY_ROBUST,RESEARCH_ONLY
TREND_DOWN,intelligence_score,volatility_score,LOW,LOW,DOWN,8,1641,50.0,62.5,50.0,3.0306846037763604,6.837773938631731,-26.15688094685542,0.3955872727165699,0.12008914602346807,-1.7519695121951218,3.716175483870968,0.0,NOT_ECONOMICALLY_ROBUST,RESEARCH_ONLY
TREND_DOWN,relative_strength,volatility_score,LOW,LOW,UP,8,1276,62.5,75.0,50.0,7.669478728860444,5.090198481502053,-11.767875253549697,0.3898162488967259,0.15910036252795604,-1.0084055172413795,2.4364826923076923,0.0,NOT_ECONOMICALLY_ROBUST,RESEARCH_ONLY
TREND_DOWN,intelligence_score,liquidity_score,HIGH,LOW,UP,5,159,60.0,80.0,60.0,13.35631721847255,18.177025083879215,-4.3740573152337845,0.38037368283934836,0.8920730769230766,-1.3039382352941178,1.7250333333333332,1.0,NOT_ECONOMICALLY_ROBUST,RESEARCH_ONLY
TREND_UP,relative_strength,momentum_score,HIGH,HIGH,DOWN,9,1081,55.55555555555556,55.55555555555556,55.55555555555556,-0.24073245086896358,0.8680400430214306,-39.92569002123143,0.3673883422223217,0.0030175438596491,-1.6519625698324023,5.597235,1.0,NOT_ECONOMICALLY_ROBUST,RESEARCH_ONLY
TREND_DOWN,change_pct,volatility_score,LOW,LOW,DOWN,8,1490,50.0,62.5,50.0,2.67165330664223,6.9499950508528485,-24.54558229619176,0.3515331748290983,0.19615870462781443,-1.479083419689119,2.2387988764044944,0.0,NOT_ECONOMICALLY_ROBUST,RESEARCH_ONLY
TREND_DOWN,intelligence_score,volatility_score,HIGH,HIGH,DOWN,5,302,60.0,60.0,60.0,2.791674331520414,2.426208823396877,-11.640757444902931,0.3348845587550312,0.0406833333333333,-0.3170606557377049,1.400674324324324,1.0,NOT_ECONOMICALLY_ROBUST,RESEARCH_ONLY
TREND_DOWN,intelligence_score,liquidity_score,LOW,LOW,DOWN,8,1109,50.0,50.0,62.5,-1.8363245257009435,-4.641040726483041,-31.519784172661872,0.3339917003969338,0.24865746533049898,-1.7559816129032255,3.567045,2.0,NOT_ECONOMICALLY_ROBUST,RESEARCH_ONLY
TREND_UP,relative_strength,volatility_score,HIGH,LOW,DOWN,9,830,66.66666666666666,66.66666666666666,44.44444444444444,0.12992677040874254,6.977192484071267,-40.16378525932667,0.3181525825948404,-0.3281139240506328,-1.616092307692308,5.831476190476191,-1.0,NOT_ECONOMICALLY_ROBUST,RESEARCH_ONLY
TREND_DOWN,momentum_score,volatility_score,LOW,LOW,UP,8,1637,62.5,62.5,62.5,5.527360490347948,3.5299395887883342,-12.288708586883025,0.31337622327954484,0.2149045906824268,-1.4173740740740737,2.121205263157895,2.0,NOT_ECONOMICALLY_ROBUST,RESEARCH_ONLY
TREND_DOWN,momentum_score,liquidity_score,LOW,LOW,DOWN,8,877,50.0,37.5,50.0,-1.7925193002660347,-5.51277345875774,-24.308245711123412,0.31143668124386104,0.1683305398110662,-1.6508575342465754,2.950171153846154,0.0,NOT_ECONOMICALLY_ROBUST,RESEARCH_ONLY
TREND_DOWN,intelligence_score,momentum_score,HIGH,LOW,DOWN,8,538,50.0,50.0,62.5,-5.085813830737871,-0.35192215332812893,-24.979250736956597,0.3014592473033915,0.04369920634920629,-1.1601101265822784,2.0719719298245614,2.0,NOT_ECONOMICALLY_ROBUST,RESEARCH_ONLY
TREND_DOWN,intelligence_score,volatility_score,HIGH,LOW,DOWN,8,876,50.0,62.5,50.0,-3.9989490795755493,2.4018212003823507,-25.856443719412738,0.27092718722912407,0.010931282051282007,-1.0681870967741938,2.9376144444444448,0.0,NOT_ECONOMICALLY_ROBUST,RESEARCH_ONLY
TREND_DOWN,momentum_score,volatility_score,HIGH,LOW,DOWN,8,880,50.0,62.5,62.5,1.6435765161900466,4.507469456222012,-22.98288050102193,0.2642812708518125,0.2814711675579322,-2.178715023474178,2.74604367816092,2.0,NOT_ECONOMICALLY_ROBUST,RESEARCH_ONLY
TREND_DOWN,change_pct,intelligence_score,LOW,HIGH,UP,8,553,62.5,50.0,62.5,1.964526232943176,-0.5997007995155457,-14.332733744115735,0.25738157817397467,0.07152839234944425,-1.205532584269663,2.0176545454545454,2.0,NOT_ECONOMICALLY_ROBUST,RESEARCH_ONLY
TREND_DOWN,change_pct,intelligence_score,HIGH,LOW,DOWN,8,770,50.0,37.5,62.5,-0.9231123483916788,-6.985982789109935,-27.055498458376157,0.24704722889306935,0.4158790151515151,-2.618979534883721,3.552578571428571,2.0,NOT_ECONOMICALLY_ROBUST,RESEARCH_ONLY
TREND_DOWN,relative_strength,volatility_score,HIGH,LOW,DOWN,8,1241,62.5,62.5,62.5,1.0072170916276502,2.278177849587408,-21.470478807132036,0.24231490903402986,0.2777937826736371,-1.7806059523809523,2.5886094736842105,2.0,NOT_ECONOMICALLY_ROBUST,RESEARCH_ONLY
TREND_UP,trend_score,volatility_score,LOW,HIGH,DOWN,6,277,50.0,50.0,66.66666666666666,1.0335499593631952,-2.1013931888544874,-13.475240677860736,0.24164475474642863,0.39952923976608196,-0.7206799999999999,1.0715416666666666,2.0,NOT_ECONOMICALLY_ROBUST,RESEARCH_ONLY
CHOPPY,change_pct,trend_score,HIGH,LOW,DOWN,6,259,66.66666666666666,66.66666666666666,50.0,2.3571259358589685,3.308164922751125,-24.61097461097462,0.24037097858885467,-0.0594344805194805,-2.357084375,3.9098454545454544,0.0,NOT_ECONOMICALLY_ROBUST,RESEARCH_ONLY
TREND_DOWN,change_pct,momentum_score,HIGH,HIGH,DOWN,8,1087,50.0,50.0,62.5,0.427999145981639,-2.1237550697393583,-20.30088816385718,0.23830073606409824,0.19695219587835128,-2.1724553571428573,2.260592105263158,2.0,NOT_ECONOMICALLY_ROBUST,RESEARCH_ONLY
TREND_DOWN,momentum_score,liquidity_score,HIGH,HIGH,DOWN,8,769,62.5,62.5,62.5,3.4286116993920333,5.251340116422874,-18.07866594163496,0.2353698797077698,0.19335971631205665,-1.6215609589041098,2.13722,2.0,NOT_ECONOMICALLY_ROBUST,RESEARCH_ONLY
TREND_DOWN,intelligence_score,liquidity_score,HIGH,HIGH,UP,8,1025,62.5,50.0,62.5,0.5945568217769064,0.5423146560876617,-16.7460729279683,0.23205323531086997,0.37881012478729437,-1.0750213740458014,2.051944537815126,2.0,NOT_ECONOMICALLY_ROBUST,RESEARCH_ONLY
TREND_DOWN,change_pct,volatility_score,HIGH,LOW,DOWN,8,1027,62.5,62.5,62.5,0.7784817665334631,2.6083758069698284,-23.168271676401982,0.22667971577103463,0.35221024267703105,-2.298093382352941,2.593195698924731,2.0,NOT_ECONOMICALLY_ROBUST,RESEARCH_ONLY
TREND_DOWN,change_pct,trend_score,HIGH,LOW,DOWN,8,765,50.0,50.0,50.0,1.602401973077491,-4.028018851025788,-23.66722007009777,0.22628531704042149,0.089458117866294,-2.476092116182573,3.4031038461538468,0.0,NOT_ECONOMICALLY_ROBUST,RESEARCH_ONLY
TREND_DOWN,change_pct,liquidity_score,HIGH,HIGH,DOWN,8,917,50.0,50.0,62.5,0.4990237920429248,2.1353552070700417,-19.580375253549697,0.22077130794921285,0.3447899341425619,-1.757432085561497,1.91566320754717,2.0,NOT_ECONOMICALLY_ROBUST,RESEARCH_ONLY
TREND_DOWN,momentum_score,liquidity_score,HIGH,LOW,DOWN,8,429,50.0,37.5,62.5,-0.12595703132566527,-7.140590086574376,-30.793039986615362,0.21933531115307414,0.26755136363636356,-3.131475,3.3629325581395357,2.0,NOT_ECONOMICALLY_ROBUST,RESEARCH_ONLY
TREND_DOWN,change_pct,relative_strength,HIGH,LOW,DOWN,6,228,50.0,50.0,66.66666666666666,-0.3690135035556465,0.030369884245345702,-24.665967528936545,0.21675084776334783,0.4350690476190476,-2.059311363636364,1.8804166666666668,2.0,NOT_ECONOMICALLY_ROBUST,RESEARCH_ONLY
CHOPPY,change_pct,trend_score,LOW,HIGH,DOWN,5,233,60.0,60.0,40.0,-1.26873018776758,3.5264930001772044,-12.372838887496869,0.21325465292877058,-0.3146745098039216,-0.9124888888888888,1.5358542857142856,-1.0,NOT_ECONOMICALLY_ROBUST,RESEARCH_ONLY
TREND_DOWN,volatility_score,liquidity_score,LOW,LOW,DOWN,8,818,62.5,62.5,50.0,4.089884018084778,6.8408975258649,-27.542511445389145,0.20894016713772845,-0.37406722856825997,-1.652819011406844,3.287215909090909,0.0,NOT_ECONOMICALLY_ROBUST,RESEARCH_ONLY
CHOPPY,trend_score,liquidity_score,LOW,LOW,DOWN,6,187,50.0,33.33333333333333,66.66666666666666,0.8118951975483846,-5.855585023930965,-11.93339500462535,0.19953535383118157,0.1977788461538461,-2.703897368421053,2.002608695652174,2.0,NOT_ECONOMICALLY_ROBUST,RESEARCH_ONLY
TREND_DOWN,change_pct,volatility_score,LOW,HIGH,DOWN,6,570,50.0,33.33333333333333,66.66666666666666,-1.9120712564304327,-7.656264749935097,-31.633946682121124,0.19820952214335955,0.49504773858313805,-2.0868359375,1.7896194690265488,2.0,NOT_ECONOMICALLY_ROBUST,RESEARCH_ONLY
CHOPPY,relative_strength,trend_score,HIGH,LOW,UP,7,255,57.14285714285714,71.42857142857143,71.42857142857143,0.42120312193647386,7.875253549695742,-33.98138329209379,0.19601719235099369,0.0858999999999999,-2.416528260869565,3.76577,3.0,NOT_ECONOMICALLY_ROBUST,RESEARCH_ONLY
TREND_DOWN,relative_strength,trend_score,HIGH,LOW,DOWN,8,953,50.0,50.0,50.0,2.7918651670329204,-3.13158407701901,-19.73699728741597,0.19399997401513835,0.14336037083595227,-1.900172881355932,3.440606557377049,0.0,NOT_ECONOMICALLY_ROBUST,RESEARCH_ONLY
TREND_DOWN,relative_strength,liquidity_score,HIGH,HIGH,DOWN,8,1128,50.0,50.0,62.5,1.429361414459493,3.353853351008528,-21.425254771621987,0.19028390284052277,0.43803681694519997,-1.664837288135593,1.7391161904761905,2.0,NOT_ECONOMICALLY_ROBUST,RESEARCH_ONLY
TREND_DOWN,intelligence_score,relative_strength,LOW,HIGH,DOWN,8,979,50.0,50.0,62.5,0.7351774193982008,-3.9708024518845484,-24.193470491644934,0.1772921439551411,0.3668548447860156,-2.1142453488372097,3.3501929577464797,2.0,NOT_ECONOMICALLY_ROBUST,RESEARCH_ONLY
TREND_DOWN,relative_strength,trend_score,HIGH,HIGH,UP,8,809,62.5,37.5,62.5,0.32995160576446736,-6.698604495445366,-12.958406561218517,0.1764208815781568,0.46018027326602284,-1.638173015873016,2.009756730769231,2.0,NOT_ECONOMICALLY_ROBUST,RESEARCH_ONLY
TREND_DOWN,intelligence_score,relative_strength,HIGH,HIGH,DOWN,8,783,50.0,62.5,50.0,1.9566231745773517,5.288825595259119,-19.974090778236263,0.17587702774337458,0.3576569674185464,-1.3807565656565657,2.041843137254902,0.0,NOT_ECONOMICALLY_ROBUST,RESEARCH_ONLY
TREND_UP,change_pct,volatility_score,LOW,LOW,UP,8,630,75.0,62.5,62.5,4.437921601103188,1.2314013474763392,-7.833289083648342,0.1731602678845853,0.1822027519379845,-1.252521052631579,1.1353232558139534,2.0,NOT_ECONOMICALLY_ROBUST,RESEARCH_ONLY
TREND_DOWN,relative_strength,liquidity_score,HIGH,LOW,DOWN,8,634,50.0,37.5,62.5,0.1776477953472151,-6.575222597706608,-29.07413199874883,0.15835928952550438,0.2912166416791604,-2.074633962264151,2.783108695652174,2.0,NOT_ECONOMICALLY_ROBUST,RESEARCH_ONLY
TREND_DOWN,volatility_score,liquidity_score,HIGH,LOW,UP,6,469,66.66666666666666,66.66666666666666,66.66666666666666,3.121497458339197,8.053175247758993,-30.100359496704613,0.15400032022730012,0.7656527397260273,-2.2255446428571437,1.7495136363636363,2.0,NOT_ECONOMICALLY_ROBUST,RESEARCH_ONLY
TREND_DOWN,relative_strength,momentum_score,HIGH,HIGH,DOWN,8,1032,50.0,50.0,62.5,1.60738119404329,-1.5664006133630881,-19.75888274380298,0.1530110863285692,0.1821967945205479,-2.227392105263158,2.1320404411764704,2.0,NOT_ECONOMICALLY_ROBUST,RESEARCH_ONLY
CHOPPY,trend_score,momentum_score,HIGH,LOW,DOWN,5,219,60.0,60.0,40.0,-0.7955749403089264,3.67448935245546,-14.336141000048691,0.15251129714145512,-0.4091961538461536,-0.9174916666666664,1.5072927272727272,-1.0,NOT_ECONOMICALLY_ROBUST,RESEARCH_ONLY
TREND_DOWN,trend_score,liquidity_score,HIGH,HIGH,DOWN,8,874,50.0,62.5,50.0,-3.5385513598045497,1.507572591848028,-23.575741965026765,0.14910505557885084,0.10242471344702271,-1.2613954545454542,2.2576778947368417,0.0,NOT_ECONOMICALLY_ROBUST,RESEARCH_ONLY
TREND_DOWN,intelligence_score,relative_strength,HIGH,LOW,UP,8,439,62.5,62.5,37.5,1.9359103638778432,3.5330963224061556,-19.071654323317134,0.14564067875132752,-0.18090066445182715,-1.1975243243243243,1.8426732142857143,-2.0,NOT_ECONOMICALLY_ROBUST,RESEARCH_ONLY
CHOPPY,intelligence_score,relative_strength,LOW,HIGH,UP,7,282,57.14285714285714,71.42857142857143,42.857142857142854,1.153640549082289,3.0311148532282175,-34.85094850948509,0.14034852781764512,-0.0863590909090909,-2.604155,3.2113750000000003,-1.0,NOT_ECONOMICALLY_ROBUST,RESEARCH_ONLY
TREND_UP,volatility_score,liquidity_score,HIGH,LOW,DOWN,6,359,50.0,33.33333333333333,66.66666666666666,-4.470792085051633,-1.2070128599292929,-31.2774806892454,0.13837546886102756,0.13178744588744584,-1.242363157894737,1.5397787878787876,2.0,NOT_ECONOMICALLY_ROBUST,RESEARCH_ONLY
TREND_DOWN,trend_score,volatility_score,HIGH,HIGH,DOWN,6,372,50.0,33.33333333333333,66.66666666666666,-0.8293472698663784,-4.102817999506513,-24.225645523819967,0.13501866850076702,0.38959945945945934,-1.5973240000000002,0.9150028169014084,2.0,NOT_ECONOMICALLY_ROBUST,RESEARCH_ONLY
TREND_DOWN,relative_strength,volatility_score,LOW,HIGH,DOWN,6,466,50.0,33.33333333333333,66.66666666666666,-1.9758228910748123,-11.004226450210737,-30.359869635572167,0.13403808394881425,0.4995408089887639,-2.689180952380952,1.930134375,2.0,NOT_ECONOMICALLY_ROBUST,RESEARCH_ONLY
CHOPPY,change_pct,intelligence_score,HIGH,LOW,UP,7,319,57.14285714285714,57.14285714285714,42.857142857142854,1.5524192122462768,4.5946645946646,-33.94185760039419,0.13394476728700327,-0.2073,-2.4756127272727277,3.40585,-1.0,NOT_ECONOMICALLY_ROBUST,RESEARCH_ONLY
TREND_DOWN,change_pct,trend_score,HIGH,HIGH,DOWN,8,674,62.5,62.5,62.5,2.3315422859691024,8.723244515100735,-23.25705534020784,0.12683020738911416,0.29693501529051985,-1.52505,1.892191743119266,2.0,NOT_ECONOMICALLY_ROBUST,RESEARCH_ONLY
CHOPPY,relative_strength,trend_score,LOW,HIGH,DOWN,5,239,60.0,60.0,40.0,0.21952921477912782,1.3468013468013424,-15.520351526364479,0.12380699146278826,-0.0873454545454545,-0.7137487804878049,1.2363125,-1.0,NOT_ECONOMICALLY_ROBUST,RESEARCH_ONLY
TREND_DOWN,change_pct,relative_strength,HIGH,HIGH,DOWN,8,1202,50.0,50.0,50.0,1.7401646800769592,-2.7271867795520564,-18.38517935159664,0.12296969939475261,0.1303961584011843,-2.3803840375586853,2.194292142857143,0.0,NOT_ECONOMICALLY_ROBUST,RESEARCH_ONLY
TREND_DOWN,intelligence_score,volatility_score,LOW,HIGH,DOWN,6,640,50.0,33.33333333333333,50.0,-2.7242997328222294,-10.261816583038064,-32.403651115618665,0.12214333446385224,0.39140134408602156,-2.25165064935065,1.9992485294117643,0.0,NOT_ECONOMICALLY_ROBUST,RESEARCH_ONLY
TREND_DOWN,change_pct,intelligence_score,HIGH,HIGH,DOWN,8,669,50.0,50.0,50.0,2.380378146043608,3.270457052241067,-20.19301329870076,0.11493819749815715,0.1167219170646982,-1.4553558139534886,1.9464728155339803,0.0,NOT_ECONOMICALLY_ROBUST,RESEARCH_ONLY
TREND_UP,change_pct,relative_strength,LOW,LOW,UP,8,852,62.5,75.0,62.5,2.4183686635694075,2.3993965967531103,-3.561019004476897,0.10883616170866636,0.1674358262108262,-0.8904933774834436,1.247467605633803,2.0,NOT_ECONOMICALLY_ROBUST,RESEARCH_ONLY
CHOPPY,intelligence_score,trend_score,LOW,LOW,DOWN,7,497,71.42857142857143,57.14285714285714,42.857142857142854,2.3145427166549446,2.364263858250908,-26.663760534728286,0.10839477663594396,-0.1023876404494382,-2.6642833333333336,3.1603322580645155,-1.0,NOT_ECONOMICALLY_ROBUST,RESEARCH_ONLY
TREND_DOWN,change_pct,liquidity_score,HIGH,LOW,DOWN,8,522,50.0,37.5,62.5,0.6702246559624854,-6.408912696615197,-30.362376765254467,0.09774780978464581,0.15251257071024504,-3.1543982456140345,2.8815000000000004,2.0,NOT_ECONOMICALLY_ROBUST,RESEARCH_ONLY
TREND_UP,change_pct,momentum_score,LOW,LOW,DOWN,8,676,50.0,50.0,50.0,0.7100048485336368,-0.5001168556381046,-18.17188983855651,0.09452466150600533,0.1093278328173374,-0.724894776119403,1.079317391304348,0.0,NOT_ECONOMICALLY_ROBUST,RESEARCH_ONLY
TREND_DOWN,intelligence_score,trend_score,HIGH,HIGH,DOWN,8,1016,50.0,75.0,50.0,0.9719814716036179,4.864580246450732,-21.91242336317864,0.09405842100524509,0.03893386821622774,-1.1569105263157895,2.086089312977099,0.0,NOT_ECONOMICALLY_ROBUST,RESEARCH_ONLY
TREND_DOWN,trend_score,momentum_score,HIGH,HIGH,DOWN,8,711,62.5,62.5,62.5,3.314039720192802,8.684180790861525,-21.027783283275664,0.08055094386541534,0.07775903159340655,-1.516614285714286,1.858965420560748,2.0,NOT_ECONOMICALLY_ROBUST,RESEARCH_ONLY
TREND_DOWN,intelligence_score,momentum_score,HIGH,HIGH,DOWN,8,684,62.5,62.5,50.0,5.0531636884122575,9.365721583923445,-16.780536128653658,0.06507053005021679,-0.09270405844155845,-1.5573506172839506,1.9144089108910889,0.0,NOT_ECONOMICALLY_ROBUST,RESEARCH_ONLY
CHOPPY,intelligence_score,momentum_score,LOW,HIGH,DOWN,6,250,50.0,33.33333333333333,50.0,2.9593106642769613,-1.2949994897353179,-22.792792792792802,0.06495814838778617,0.0314039488636363,-2.582804347826087,3.377384999999999,0.0,NOT_ECONOMICALLY_ROBUST,RESEARCH_ONLY
TREND_DOWN,volatility_score,liquidity_score,HIGH,HIGH,DOWN,6,489,50.0,50.0,66.66666666666666,-0.246356377769492,-4.793043620196398,-21.323796306181272,0.05919755769843682,0.18007681762545896,-1.9482918918918917,1.816315573770492,2.0,NOT_ECONOMICALLY_ROBUST,RESEARCH_ONLY
TREND_DOWN,trend_score,volatility_score,HIGH,LOW,DOWN,8,963,50.0,50.0,37.5,-3.4439273983118106,0.29027980881302895,-28.693323152036847,0.052760010442098104,-0.4998407274590164,-1.4733960784313724,2.8239478723404257,-2.0,NOT_ECONOMICALLY_ROBUST,RESEARCH_ONLY
TREND_DOWN,trend_score,momentum_score,HIGH,LOW,DOWN,8,657,50.0,50.0,50.0,-4.243423628780968,-0.25861013487267215,-31.04770055001383,0.03740631669173761,0.11539279324894529,-1.6216382608695654,2.1475688524590164,0.0,NOT_ECONOMICALLY_ROBUST,RESEARCH_ONLY
TREND_UP,volatility_score,liquidity_score,LOW,LOW,DOWN,7,466,57.14285714285714,42.857142857142854,71.42857142857143,0.8607998458057813,-3.131932889628402,-16.56342250569755,0.01109012787223396,0.2028607142857142,-1.5995530864197534,0.8964895833333334,3.0,NOT_ECONOMICALLY_ROBUST,RESEARCH_ONLY
TREND_DOWN,trend_score,volatility_score,LOW,HIGH,DOWN,6,586,50.0,50.0,50.0,0.3745664281290022,-7.993255176117394,-25.800035447724454,0.005367498596397217,0.12480091516791342,-2.305650000000001,2.234406474820144,0.0,NOT_ECONOMICALLY_ROBUST,RESEARCH_ONLY
TREND_UP,momentum_score,volatility_score,LOW,HIGH,DOWN,7,311,57.14285714285714,57.14285714285714,57.14285714285714,0.5007866013100569,1.8362432269717104,-19.325364396489224,-7.898416719826733e-05,0.1868527272727273,-1.9751655172413796,1.0525782608695653,1.0,NOT_ECONOMICALLY_ROBUST,RESEARCH_ONLY
TREND_DOWN,change_pct,momentum_score,HIGH,LOW,DOWN,7,336,57.14285714285714,57.14285714285714,57.14285714285714,4.547947670032856,3.7082601054481543,-16.207320912395193,-0.00981144453870299,0.1704897435897436,-2.618327272727273,1.4958583333333335,1.0,NOT_ECONOMICALLY_ROBUST,RESEARCH_ONLY
TREND_UP,intelligence_score,relative_strength,LOW,HIGH,DOWN,8,433,62.5,50.0,50.0,1.222895110338063,-0.4888911667754101,-19.777241009125074,-0.00989354116072716,-0.04957204968944101,-0.9862703125,1.7331136363636366,0.0,NOT_ECONOMICALLY_ROBUST,RESEARCH_ONLY
TREND_DOWN,change_pct,trend_score,LOW,HIGH,DOWN,8,694,50.0,62.5,50.0,-3.0851722237383825,1.1283035948692266,-27.26887309794381,-0.013283931254034376,0.05298898217705115,-1.728453543307087,2.0959677966101693,0.0,NOT_ECONOMICALLY_ROBUST,RESEARCH_ONLY
CHOPPY,trend_score,volatility_score,LOW,LOW,DOWN,7,374,85.71428571428571,42.857142857142854,28.57142857142857,2.1679847983332468,-0.8126901347240363,-28.507078507078518,-0.02673318599925994,-0.2613333333333333,-2.710074683544304,3.693653571428571,-3.0,NOT_ECONOMICALLY_ROBUST,RESEARCH_ONLY
CHOPPY,trend_score,liquidity_score,HIGH,HIGH,DOWN,6,376,83.33333333333334,66.66666666666666,50.0,1.681014163747261,2.3182353790606527,-13.45894801759255,-0.03079203733619861,-0.04189028751753151,-0.934044827586207,1.0493263157894737,0.0,NOT_ECONOMICALLY_ROBUST,RESEARCH_ONLY
TREND_DOWN,intelligence_score,trend_score,LOW,HIGH,UP,8,352,62.5,62.5,62.5,3.5562959514021184,3.196683501023344,-22.276870614466525,-0.03751642592130433,0.21843953349282297,-2.369497101449276,1.842425,2.0,NOT_ECONOMICALLY_ROBUST,RESEARCH_ONLY
TREND_DOWN,trend_score,liquidity_score,HIGH,LOW,UP,8,494,62.5,50.0,50.0,4.210352554356561,3.2757893490493384,-27.21574411208923,-0.04183570224930866,0.10773731481481474,-1.984826923076923,1.581254794520548,0.0,NOT_ECONOMICALLY_ROBUST,RESEARCH_ONLY
CHOPPY,intelligence_score,liquidity_score,LOW,LOW,DOWN,6,317,50.0,50.0,50.0,2.739914963390001,0.11207935991992102,-16.967719947417113,-0.04213985379052538,0.0869009413778349,-2.703897368421053,1.980492105263158,0.0,NOT_ECONOMICALLY_ROBUST,RESEARCH_ONLY
TREND_UP,change_pct,liquidity_score,HIGH,LOW,DOWN,8,524,62.5,50.0,62.5,-0.789137619899384,-0.429656946771626,-25.864197530864203,-0.045521612019625596,0.06858376404494375,-1.3347786666666668,1.678632857142857,2.0,NOT_ECONOMICALLY_ROBUST,RESEARCH_ONLY
TREND_DOWN,relative_strength,volatility_score,HIGH,HIGH,DOWN,6,492,50.0,50.0,50.0,1.733998518818595,-2.868343754336573,-19.86446616264061,-0.047460221285929104,-0.0435732174688056,-1.6425823529411767,1.6689017543859648,0.0,NOT_ECONOMICALLY_ROBUST,RESEARCH_ONLY
CHOPPY,relative_strength,volatility_score,HIGH,LOW,DOWN,8,430,50.0,50.0,50.0,3.0151211320471747,-0.08614167416686769,-9.44892295493591,-0.049864584284897456,-0.0780568131868132,-2.428863265306123,2.397134615384615,0.0,NOT_ECONOMICALLY_ROBUST,RESEARCH_ONLY
TREND_DOWN,relative_strength,momentum_score,HIGH,LOW,DOWN,8,730,50.0,62.5,50.0,2.8182294025405485,2.098812486161531,-17.190669371196755,-0.05209569361658095,0.08447855831037646,-1.7735527777777778,1.0498288888888887,0.0,NOT_ECONOMICALLY_ROBUST,RESEARCH_ONLY
CHOPPY,intelligence_score,volatility_score,LOW,LOW,DOWN,7,418,71.42857142857143,42.857142857142854,28.57142857142857,4.44867184782487,-0.10043942247331472,-28.999689344516945,-0.05669361825052577,-0.2152567901234567,-2.797815942028985,3.230382758620689,-3.0,NOT_ECONOMICALLY_ROBUST,RESEARCH_ONLY
TREND_DOWN,change_pct,relative_strength,LOW,HIGH,DOWN,8,560,62.5,62.5,62.5,3.2271377672477377,6.927571299726477,-23.399819697994136,-0.06035702390865527,0.15937782051282046,-2.1090527027027024,1.3165739130434782,2.0,NOT_ECONOMICALLY_ROBUST,RESEARCH_ONLY
TREND_UP,relative_strength,volatility_score,LOW,HIGH,DOWN,7,418,57.14285714285714,57.14285714285714,42.857142857142854,0.8380505813984632,0.9977324263038554,-16.475615887380595,-0.06941335050947606,-0.3708489795918367,-1.3173594594594598,1.1091865384615385,-1.0,NOT_ECONOMICALLY_ROBUST,RESEARCH_ONLY
TREND_UP,change_pct,relative_strength,HIGH,LOW,UP,6,303,66.66666666666666,33.33333333333333,83.33333333333334,-1.9719599984951952,-1.5525366550434008,-23.845541938006463,-0.07822629515833256,0.0889485576923077,-2.2976740740740738,1.290618965517241,4.0,NOT_ECONOMICALLY_ROBUST,RESEARCH_ONLY
CHOPPY,intelligence_score,volatility_score,HIGH,LOW,DOWN,6,353,50.0,50.0,50.0,-0.21479359373957507,0.07558061759373302,-21.353684859697815,-0.08036018372487967,-0.3630707789179104,-1.18288,1.610154761904762,0.0,NOT_ECONOMICALLY_ROBUST,RESEARCH_ONLY
CHOPPY,volatility_score,liquidity_score,LOW,HIGH,DOWN,8,554,50.0,62.5,50.0,4.0435645788193675,1.488294909555595,-8.390721896734856,-0.0938602198949531,0.288482170880558,-2.406510526315789,0.974825,0.0,NOT_ECONOMICALLY_ROBUST,RESEARCH_ONLY
CHOPPY,intelligence_score,liquidity_score,HIGH,HIGH,DOWN,6,417,83.33333333333334,66.66666666666666,50.0,2.049830385366974,4.0004235700068556,-16.14535152636448,-0.0981443440584247,0.07170705172413794,-1.0471811594202896,1.0909218750000005,0.0,NOT_ECONOMICALLY_ROBUST,RESEARCH_ONLY
CHOPPY,trend_score,volatility_score,HIGH,LOW,DOWN,6,415,66.66666666666666,66.66666666666666,33.33333333333333,2.4627482094739097,4.688843937881163,-18.45513413506013,-0.0990642564819023,-0.5149002090592334,-1.17342,1.7864152173913044,-2.0,NOT_ECONOMICALLY_ROBUST,RESEARCH_ONLY
TREND_UP,relative_strength,momentum_score,LOW,HIGH,UP,7,468,71.42857142857143,57.14285714285714,71.42857142857143,-0.7182452030383532,1.8125177003681685,-18.660356752821272,-0.10246881734460667,0.3063207792207792,-1.989294,0.9545719298245612,3.0,NOT_ECONOMICALLY_ROBUST,RESEARCH_ONLY
TREND_DOWN,momentum_score,volatility_score,HIGH,HIGH,DOWN,6,296,50.0,50.0,50.0,2.036285187257652,-4.715423153231667,-20.62204192021637,-0.12722727268178088,-0.13941504329004328,-2.297685714285714,1.87281282051282,0.0,NOT_ECONOMICALLY_ROBUST,RESEARCH_ONLY
TREND_UP,change_pct,volatility_score,HIGH,HIGH,DOWN,7,439,57.14285714285714,57.14285714285714,42.857142857142854,3.6612401167427313,0.22159959246052097,-14.753086419753092,-0.14521803344043285,-0.1916999999999999,-1.3255112903225803,0.9288674418604652,-1.0,NOT_ECONOMICALLY_ROBUST,RESEARCH_ONLY
CHOPPY,change_pct,liquidity_score,LOW,HIGH,DOWN,5,324,60.0,60.0,40.0,3.9644894501845487,7.540886113589053,-4.6992929212679755,-0.1453726381749652,-0.5313723684210526,-1.1737125,0.986327659574468,-1.0,NOT_ECONOMICALLY_ROBUST,RESEARCH_ONLY
TREND_DOWN,change_pct,volatility_score,HIGH,HIGH,DOWN,6,388,66.66666666666666,66.66666666666666,50.0,6.281758219023814,6.742568186598316,-19.067228469787153,-0.1462725431689267,-0.20534461538461535,-2.1779241379310346,1.7868113402061852,0.0,NOT_ECONOMICALLY_ROBUST,RESEARCH_ONLY
TREND_DOWN,relative_strength,trend_score,LOW,HIGH,DOWN,8,559,62.5,62.5,50.0,-0.1383545348386379,1.158809890190799,-26.898110386079402,-0.14643442342474,-0.07307458333333333,-1.822118421052632,1.8890046875,0.0,NOT_ECONOMICALLY_ROBUST,RESEARCH_ONLY
TREND_UP,relative_strength,liquidity_score,HIGH,HIGH,DOWN,8,716,75.0,75.0,50.0,7.52386694018843,6.5084221573956995,-16.134467801134473,-0.15566735039823945,0.022126179453262854,-1.4289179856115108,1.6212702702702704,0.0,NOT_ECONOMICALLY_ROBUST,RESEARCH_ONLY
CHOPPY,change_pct,volatility_score,HIGH,LOW,DOWN,7,425,57.14285714285714,71.42857142857143,57.14285714285714,5.12419817399918,4.187186867071738,-11.758310034172112,-0.1825089489418359,0.0059105263157894,-2.3433818181818182,2.5675413793103457,1.0,NOT_ECONOMICALLY_ROBUST,RESEARCH_ONLY
TREND_UP,momentum_score,liquidity_score,HIGH,LOW,DOWN,8,602,50.0,50.0,37.5,-0.5434306585239845,-1.5492337672787357,-25.275962236746558,-0.18998526685521056,-0.3377676574885274,-1.5812698795180724,1.0779438356164384,-2.0,NOT_ECONOMICALLY_ROBUST,RESEARCH_ONLY
TREND_UP,change_pct,volatility_score,LOW,HIGH,DOWN,6,326,50.0,50.0,50.0,2.822823503119379,0.5120154673875774,-15.491716066271472,-0.19437022891374567,-0.1156487900078064,-1.7653571428571428,0.8893348837209301,0.0,NOT_ECONOMICALLY_ROBUST,RESEARCH_ONLY
CHOPPY,momentum_score,volatility_score,HIGH,LOW,DOWN,7,397,57.14285714285714,57.14285714285714,42.857142857142854,3.2589661731900637,1.0329161666380884,-13.020351526364479,-0.20716967670217604,-0.4358923076923078,-2.4769896551724138,2.4234714285714283,-1.0,NOT_ECONOMICALLY_ROBUST,RESEARCH_ONLY
TREND_UP,relative_strength,liquidity_score,LOW,HIGH,DOWN,8,772,50.0,37.5,62.5,5.604148224047606,-1.7697178539119918,-7.684407096171803,-0.21000768450630714,0.18946308677098145,-1.5385659090909087,0.81988,2.0,NOT_ECONOMICALLY_ROBUST,RESEARCH_ONLY
CHOPPY,relative_strength,momentum_score,HIGH,HIGH,DOWN,7,504,57.14285714285714,57.14285714285714,28.57142857142857,3.298157702204352,0.957761635727735,-12.565806071819026,-0.21622081336577706,-0.334563492063492,-2.289142,2.315717857142857,-3.0,NOT_ECONOMICALLY_ROBUST,RESEARCH_ONLY
TREND_UP,relative_strength,liquidity_score,HIGH,LOW,DOWN,8,461,62.5,50.0,50.0,1.5763363071866512,0.5809913316785149,-22.054673721340396,-0.22555749707911527,-0.16247810559006215,-1.3849172413793105,1.0807232142857142,0.0,NOT_ECONOMICALLY_ROBUST,RESEARCH_ONLY
CHOPPY,relative_strength,liquidity_score,HIGH,HIGH,DOWN,8,397,87.5,75.0,50.0,4.941242254145141,4.203489485978235,-7.585568917668823,-0.2260809353541169,-0.0944189097744361,-2.177167741935484,0.8866809523809523,0.0,NOT_ECONOMICALLY_ROBUST,RESEARCH_ONLY
CHOPPY,intelligence_score,relative_strength,HIGH,LOW,DOWN,5,185,60.0,80.0,40.0,3.2438621049143244,6.748645879080662,-18.575907081920032,-0.23226797043191455,-0.4929260869565217,-1.4595242424242425,1.1921027777777775,-1.0,NOT_ECONOMICALLY_ROBUST,RESEARCH_ONLY
TREND_UP,change_pct,intelligence_score,HIGH,HIGH,DOWN,8,853,75.0,62.5,37.5,6.18078968221213,7.226320742340228,-20.864197530864203,-0.2360670245920282,-0.18745619753086423,-1.857704,1.6058428571428571,-2.0,NOT_ECONOMICALLY_ROBUST,RESEARCH_ONLY
CHOPPY,relative_strength,trend_score,HIGH,HIGH,DOWN,6,364,66.66666666666666,50.0,33.33333333333333,0.7252878646810021,-0.5122500506522485,-16.743755781683628,-0.2441202293901591,-0.18130791666666665,-1.6531807228915665,1.0947893617021276,-2.0,NOT_ECONOMICALLY_ROBUST,RESEARCH_ONLY
TREND_UP,momentum_score,liquidity_score,LOW,HIGH,DOWN,8,549,62.5,62.5,50.0,6.8463424301853655,2.807948402385584,-15.094966761633433,-0.24732436444500525,-0.07093333333333329,-1.570407894736842,0.939625641025641,0.0,NOT_ECONOMICALLY_ROBUST,RESEARCH_ONLY
TREND_UP,change_pct,liquidity_score,LOW,HIGH,DOWN,8,639,50.0,50.0,50.0,6.320624283442049,0.6217708966860762,-5.864197530864203,-0.24791767809053433,0.05672530612244894,-1.6154244897959185,0.7823169491525425,0.0,NOT_ECONOMICALLY_ROBUST,RESEARCH_ONLY
CHOPPY,change_pct,relative_strength,HIGH,HIGH,DOWN,7,527,57.14285714285714,42.857142857142854,28.57142857142857,2.8697795967878768,-2.252572675107878,-13.826803139267703,-0.25058296524277746,-0.2246352112676056,-2.3867226415094343,2.1566666666666663,-3.0,NOT_ECONOMICALLY_ROBUST,RESEARCH_ONLY
CHOPPY,intelligence_score,momentum_score,LOW,LOW,DOWN,6,371,66.66666666666666,66.66666666666666,50.0,6.3752731482040375,3.6547738172079,-7.922289436947416,-0.25303442910195434,-0.07321237468671675,-2.6679848484848487,1.4468056603773582,0.0,NOT_ECONOMICALLY_ROBUST,RESEARCH_ONLY
CHOPPY,trend_score,liquidity_score,HIGH,LOW,UP,5,234,60.0,60.0,40.0,1.8084741851558093,5.551005551005559,-16.22718052738336,-0.2545510738126347,-0.3171939393939394,-1.968893103448276,1.3698666666666666,-1.0,NOT_ECONOMICALLY_ROBUST,RESEARCH_ONLY
TREND_DOWN,momentum_score,volatility_score,LOW,HIGH,DOWN,7,682,57.14285714285714,42.857142857142854,57.14285714285714,4.82307977960481,-2.1740928357283167,-26.54796784614229,-0.2546158767228624,0.0953470588235294,-2.5873,1.7383962121212122,1.0,NOT_ECONOMICALLY_ROBUST,RESEARCH_ONLY
CHOPPY,intelligence_score,trend_score,HIGH,HIGH,DOWN,6,461,66.66666666666666,83.33333333333334,33.33333333333333,2.6829873698589943,2.6000024676734803,-14.076689554533495,-0.2635523902156941,-0.35354698327359607,-1.277297222222222,0.9723577464788732,-2.0,NOT_ECONOMICALLY_ROBUST,RESEARCH_ONLY
TREND_UP,intelligence_score,relative_strength,HIGH,HIGH,DOWN,8,744,75.0,75.0,37.5,7.479846690668257,9.377104578608584,-18.591470258136933,-0.26704248746494086,-0.22400006720430105,-1.849464,1.621930303030303,-2.0,NOT_ECONOMICALLY_ROBUST,RESEARCH_ONLY
TREND_UP,trend_score,momentum_score,HIGH,LOW,DOWN,8,352,50.0,50.0,50.0,3.7778904969579856,5.129709313683637,-20.864197530864203,-0.28037087596787347,-0.1687571033720288,-2.895391666666667,1.2068956521739131,0.0,NOT_ECONOMICALLY_ROBUST,RESEARCH_ONLY
CHOPPY,intelligence_score,relative_strength,LOW,LOW,DOWN,6,354,66.66666666666666,66.66666666666666,50.0,7.876239001141042,3.3516294382892013,-7.188434251037442,-0.2820812124437047,-0.05108358208955224,-2.6329820512820508,1.2391772727272723,0.0,NOT_ECONOMICALLY_ROBUST,RESEARCH_ONLY
CHOPPY,relative_strength,momentum_score,LOW,LOW,DOWN,7,463,71.42857142857143,57.14285714285714,42.857142857142854,4.179106155469837,1.1447811447811418,-8.68701819303115,-0.28577012292226495,-0.3660782608695653,-2.454909375,1.3075386666666666,-1.0,NOT_ECONOMICALLY_ROBUST,RESEARCH_ONLY
TREND_UP,relative_strength,volatility_score,HIGH,HIGH,DOWN,6,352,83.33333333333334,66.66666666666666,33.33333333333333,6.581851524047308,6.917507947142099,-17.794022092267713,-0.29146567553597497,-0.4346301203590369,-1.587115,0.9038912280701756,-2.0,NOT_ECONOMICALLY_ROBUST,RESEARCH_ONLY
CHOPPY,change_pct,momentum_score,HIGH,HIGH,DOWN,7,572,71.42857142857143,71.42857142857143,28.57142857142857,4.819487065828276,2.35690235690236,-14.291537967042444,-0.31574463850671897,-0.3183516666666667,-2.371138333333333,2.032748387096775,-3.0,NOT_ECONOMICALLY_ROBUST,RESEARCH_ONLY
TREND_UP,intelligence_score,liquidity_score,HIGH,LOW,DOWN,7,275,57.14285714285714,57.14285714285714,28.57142857142857,4.292690370499716,3.912653132149785,-17.75137338051245,-0.31771429695466197,-0.1443795454545454,-1.6378851851851852,1.0908026315789474,-3.0,NOT_ECONOMICALLY_ROBUST,RESEARCH_ONLY
CHOPPY,intelligence_score,relative_strength,HIGH,HIGH,DOWN,6,328,83.33333333333334,66.66666666666666,33.33333333333333,1.8509621421308087,2.1006549008822972,-14.764537572876108,-0.31859183274703123,-0.29996665457184324,-1.5136314285714283,0.9023395348837208,-2.0,NOT_ECONOMICALLY_ROBUST,RESEARCH_ONLY
TREND_UP,momentum_score,volatility_score,HIGH,HIGH,DOWN,6,456,66.66666666666666,66.66666666666666,33.33333333333333,6.0195981692446985,5.491631667585178,-14.491648511256365,-0.320117342232291,-0.3852564909825871,-1.2921235294117648,0.9643589285714286,-2.0,NOT_ECONOMICALLY_ROBUST,RESEARCH_ONLY
TREND_UP,intelligence_score,momentum_score,HIGH,HIGH,DOWN,8,1020,62.5,62.5,37.5,7.314822321806809,7.034967831666762,-9.750151819968856,-0.32674406042517434,-0.22010110177881392,-1.894291156462585,0.964415625,-2.0,NOT_ECONOMICALLY_ROBUST,RESEARCH_ONLY
CHOPPY,change_pct,intelligence_score,LOW,LOW,DOWN,6,319,66.66666666666666,66.66666666666666,33.33333333333333,8.245826879684914,9.05552114507628,-7.632714147372127,-0.34947108882099714,-0.26234059853190284,-2.945575,1.6694688888888891,-2.0,NOT_ECONOMICALLY_ROBUST,RESEARCH_ONLY
TREND_UP,relative_strength,trend_score,LOW,HIGH,DOWN,8,684,62.5,62.5,37.5,4.00853386914217,4.219277497587477,-15.862460926399546,-0.3500124208341622,-0.2267715137401024,-2.1245837837837835,1.095642028985507,-2.0,NOT_ECONOMICALLY_ROBUST,RESEARCH_ONLY
TREND_UP,change_pct,momentum_score,LOW,HIGH,DOWN,7,279,57.14285714285714,57.14285714285714,42.857142857142854,5.6386274716543126,9.80945902895568,-15.468055579953276,-0.3536815367966616,-0.2114486486486486,-1.9814585365853656,0.9352925,-1.0,NOT_ECONOMICALLY_ROBUST,RESEARCH_ONLY
TREND_UP,trend_score,liquidity_score,HIGH,HIGH,DOWN,8,937,62.5,62.5,37.5,8.0484857900097,8.491022091702217,-14.614197530864203,-0.36874850615722843,-0.27673606842027476,-2.215763235294117,1.18553125,-2.0,NOT_ECONOMICALLY_ROBUST,RESEARCH_ONLY
TREND_UP,change_pct,trend_score,HIGH,HIGH,DOWN,8,946,62.5,62.5,37.5,5.478728801907923,7.810167486454702,-24.811565951916837,-0.3728209897763918,-0.399003869047619,-1.7123828125,0.580015789473684,-2.0,NOT_ECONOMICALLY_ROBUST,RESEARCH_ONLY
CHOPPY,trend_score,momentum_score,LOW,LOW,DOWN,6,336,83.33333333333334,66.66666666666666,16.666666666666664,6.590929444771068,5.614763453746505,-9.97186852235712,-0.37805377637958165,-0.07008273809523805,-2.781409375,1.302087755102041,-4.0,NOT_ECONOMICALLY_ROBUST,RESEARCH_ONLY
TREND_UP,intelligence_score,trend_score,LOW,HIGH,DOWN,7,311,57.14285714285714,57.14285714285714,28.57142857142857,1.7750928405636637,1.8543340926986716,-30.239197530864203,-0.39035201562281346,-0.5329479166666667,-1.2302729166666666,0.7033246153846154,-3.0,NOT_ECONOMICALLY_ROBUST,RESEARCH_ONLY
TREND_UP,intelligence_score,liquidity_score,HIGH,HIGH,DOWN,8,1043,62.5,62.5,37.5,8.535264144016818,5.858956746130232,-11.170319979843796,-0.39364932418216225,-0.14113749878463774,-2.135664705882353,0.9556591836734696,-2.0,NOT_ECONOMICALLY_ROBUST,RESEARCH_ONLY
CHOPPY,change_pct,momentum_score,LOW,LOW,DOWN,7,489,71.42857142857143,71.42857142857143,28.57142857142857,6.192608442168504,7.785895187999216,-8.68701819303115,-0.39419416760482145,-0.4071108910891088,-2.778133333333333,1.560836,-3.0,NOT_ECONOMICALLY_ROBUST,RESEARCH_ONLY
CHOPPY,change_pct,trend_score,HIGH,HIGH,DOWN,5,365,60.0,60.0,20.0,1.7515000935849536,1.7414181909295934,-18.789582295595242,-0.39558835920111635,-0.2894836538461537,-1.6098306122448982,0.9067826923076924,-3.0,NOT_ECONOMICALLY_ROBUST,RESEARCH_ONLY
CHOPPY,momentum_score,volatility_score,LOW,LOW,DOWN,6,377,66.66666666666666,66.66666666666666,33.33333333333333,6.884904508293784,4.081978401755169,-9.509591024249001,-0.40844055736156254,-0.4493845833333333,-2.943976666666666,1.148286046511628,-2.0,NOT_ECONOMICALLY_ROBUST,RESEARCH_ONLY
TREND_UP,trend_score,liquidity_score,HIGH,LOW,DOWN,8,582,62.5,62.5,37.5,1.9773446595380855,7.208300651856369,-24.811565951916837,-0.4088725449443475,-0.6513819358178055,-1.274979661016949,0.7582854166666667,-2.0,NOT_ECONOMICALLY_ROBUST,RESEARCH_ONLY
CHOPPY,trend_score,momentum_score,HIGH,HIGH,DOWN,5,372,60.0,60.0,20.0,2.5487666955746255,0.15572318418195152,-17.61218826105836,-0.40957461445963383,-0.3796084507042253,-1.3415939393939391,0.972204081632653,-3.0,NOT_ECONOMICALLY_ROBUST,RESEARCH_ONLY
TREND_UP,intelligence_score,trend_score,HIGH,HIGH,DOWN,8,1191,62.5,62.5,37.5,7.684725185186655,9.619364959783752,-12.530864197530875,-0.41401797272021335,-0.4412539621650027,-2.047568817204301,0.820637037037037,-2.0,NOT_ECONOMICALLY_ROBUST,RESEARCH_ONLY
CHOPPY,change_pct,relative_strength,LOW,LOW,DOWN,7,437,71.42857142857143,57.14285714285714,28.57142857142857,5.734212802055491,6.8534532457050545,-8.442886737632087,-0.42477587527407606,-0.3660782608695653,-2.948092592592593,1.464757746478873,-3.0,NOT_ECONOMICALLY_ROBUST,RESEARCH_ONLY
CHOPPY,change_pct,volatility_score,LOW,LOW,DOWN,6,359,66.66666666666666,66.66666666666666,33.33333333333333,6.013715884225327,5.6603952099045785,-9.509591024249001,-0.43603442608806375,-0.529412091503268,-3.514613636363636,1.5431324324324325,-2.0,NOT_ECONOMICALLY_ROBUST,RESEARCH_ONLY
CHOPPY,change_pct,liquidity_score,HIGH,HIGH,DOWN,7,398,71.42857142857143,57.14285714285714,42.857142857142854,6.301807648715339,3.6986783255439946,-10.360777058279371,-0.4378123707261589,-0.1607340909090909,-2.115047619047619,0.6998083333333333,-1.0,NOT_ECONOMICALLY_ROBUST,RESEARCH_ONLY
TREND_UP,intelligence_score,volatility_score,HIGH,LOW,DOWN,7,902,71.42857142857143,71.42857142857143,42.857142857142854,9.080848006572555,6.866096303175183,-11.283254776471516,-0.4415232075794529,-0.3006255813953488,-1.7874340425531912,0.6408338709677418,-1.0,NOT_ECONOMICALLY_ROBUST,RESEARCH_ONLY
TREND_UP,trend_score,volatility_score,HIGH,HIGH,DOWN,6,468,66.66666666666666,66.66666666666666,33.33333333333333,5.932908769745789,9.325545562793469,-16.452432824981848,-0.44602255516009914,-0.5669592936223297,-1.8261014925373131,0.8462209677419356,-2.0,NOT_ECONOMICALLY_ROBUST,RESEARCH_ONLY
TREND_UP,change_pct,trend_score,LOW,HIGH,DOWN,8,573,50.0,50.0,25.0,4.853879046585096,5.460590607947964,-14.614197530864203,-0.4466985379357189,-0.32797511337868485,-2.223373333333333,1.1395054545454544,-4.0,NOT_ECONOMICALLY_ROBUST,RESEARCH_ONLY
TREND_UP,trend_score,volatility_score,HIGH,LOW,DOWN,7,1007,71.42857142857143,71.42857142857143,28.57142857142857,9.05966564806168,6.8925233644859745,-10.53715527135271,-0.4546095918169747,-0.1758136363636363,-1.7257816666666668,0.6952848484848484,-3.0,NOT_ECONOMICALLY_ROBUST,RESEARCH_ONLY
CHOPPY,momentum_score,liquidity_score,HIGH,HIGH,DOWN,7,373,71.42857142857143,85.71428571428571,28.57142857142857,7.6812449861870515,8.401337219269678,-8.020351526364479,-0.47064512710973244,-0.3795977272727274,-2.2687666666666666,0.7697954545454544,-3.0,NOT_ECONOMICALLY_ROBUST,RESEARCH_ONLY
CHOPPY,relative_strength,trend_score,LOW,LOW,DOWN,6,303,66.66666666666666,66.66666666666666,16.666666666666664,10.188824623175181,6.0267767678094835,-3.020351526364479,-0.48690806850934204,-0.3103354158454868,-2.802390476190476,1.199675,-4.0,NOT_ECONOMICALLY_ROBUST,RESEARCH_ONLY
CHOPPY,change_pct,trend_score,LOW,LOW,DOWN,6,282,66.66666666666666,66.66666666666666,33.33333333333333,9.615839561915275,10.59947361876792,-3.8740100629498357,-0.48915033523892015,-0.22077602459016385,-3.2503041666666665,1.518236585365854,-2.0,NOT_ECONOMICALLY_ROBUST,RESEARCH_ONLY
CHOPPY,momentum_score,liquidity_score,LOW,HIGH,DOWN,7,377,57.14285714285714,57.14285714285714,42.857142857142854,7.0762220253804955,6.4882545346416975,-6.538870044882998,-0.48929401935101924,-0.670236,-2.597995238095238,0.8649203703703705,-1.0,NOT_ECONOMICALLY_ROBUST,RESEARCH_ONLY
TREND_UP,relative_strength,trend_score,HIGH,HIGH,DOWN,8,835,75.0,75.0,37.5,7.421112014034577,11.22800041864063,-24.295570079883806,-0.49494565129869206,-0.4827736400767375,-1.7180861538461538,0.4885465408805031,-2.0,NOT_ECONOMICALLY_ROBUST,RESEARCH_ONLY
TREND_UP,volatility_score,liquidity_score,HIGH,HIGH,DOWN,7,413,85.71428571428571,85.71428571428571,42.857142857142854,12.069118545129625,7.320261437908499,-2.61689170975567,-0.4974591093173279,-0.4617012820512822,-1.8288625,0.5164150943396226,-1.0,NOT_ECONOMICALLY_ROBUST,RESEARCH_ONLY
TREND_UP,trend_score,momentum_score,HIGH,HIGH,DOWN,8,1167,62.5,62.5,25.0,6.275224865476751,9.189443285172917,-17.603327965646812,-0.5160629099397622,-0.43666059609250396,-1.8836865384615384,0.6723419047619048,-4.0,NOT_ECONOMICALLY_ROBUST,RESEARCH_ONLY
CHOPPY,relative_strength,volatility_score,LOW,LOW,DOWN,7,374,71.42857142857143,57.14285714285714,28.57142857142857,9.074176153847382,9.44372012168622,-7.464795970808918,-0.5378012080216905,-0.5117880733944955,-2.896676923076923,1.0441694444444445,-3.0,NOT_ECONOMICALLY_ROBUST,RESEARCH_ONLY
CHOPPY,relative_strength,liquidity_score,LOW,HIGH,DOWN,6,352,66.66666666666666,83.33333333333334,50.0,8.43106111554237,5.926132962790426,-6.770351526364479,-0.5475214937982386,-0.4095079844961241,-2.6050896551724145,0.6901229166666666,0.0,NOT_ECONOMICALLY_ROBUST,RESEARCH_ONLY
CHOPPY,intelligence_score,momentum_score,HIGH,HIGH,DOWN,5,319,80.0,80.0,20.0,4.906715289743623,5.861334432763002,-15.798129304142257,-0.5478019688379334,-0.8956367346938776,-1.3825395061728396,0.9183355555555552,-3.0,NOT_ECONOMICALLY_ROBUST,RESEARCH_ONLY
CHOPPY,relative_strength,liquidity_score,HIGH,LOW,UP,6,228,66.66666666666666,66.66666666666666,33.33333333333333,-0.29840414762010664,4.302820448476528,-40.305493964030546,-0.5521049847514142,-0.355720928030303,-2.6820045454545456,1.0877333333333332,-2.0,NOT_ECONOMICALLY_ROBUST,RESEARCH_ONLY
CHOPPY,change_pct,liquidity_score,HIGH,LOW,UP,6,254,66.66666666666666,66.66666666666666,50.0,-1.4328718997305678,2.911612154283169,-41.402672647416125,-0.566914846902778,-0.18072939976689978,-2.6674965517241382,0.7296166666666667,0.0,NOT_ECONOMICALLY_ROBUST,RESEARCH_ONLY
CHOPPY,change_pct,intelligence_score,HIGH,HIGH,DOWN,5,315,80.0,80.0,20.0,4.9301310868633195,6.725719603802432,-17.187018193031143,-0.5701317643780437,-0.6527870370370371,-1.682864556962025,0.8508291666666667,-3.0,NOT_ECONOMICALLY_ROBUST,RESEARCH_ONLY
TREND_UP,intelligence_score,momentum_score,HIGH,LOW,DOWN,8,307,62.5,62.5,50.0,9.626054232592779,7.735510454875239,-15.094966761633433,-0.5753881144718644,-0.28536158008658014,-3.32158,0.6237307692307693,0.0,NOT_ECONOMICALLY_ROBUST,RESEARCH_ONLY
TREND_UP,change_pct,intelligence_score,LOW,HIGH,DOWN,8,474,50.0,50.0,37.5,9.143761932754359,3.5176655271582753,-7.278400407539479,-0.5870931530045532,-0.35087979166666666,-3.0205031250000003,0.878124074074074,-2.0,NOT_ECONOMICALLY_ROBUST,RESEARCH_ONLY
TREND_UP,intelligence_score,relative_strength,HIGH,LOW,DOWN,8,583,62.5,62.5,37.5,10.058299072714876,8.261918247899551,-9.294529439797543,-0.6379568065221339,-0.40101879545454533,-3.3311875,0.7926298507462688,-2.0,NOT_ECONOMICALLY_ROBUST,RESEARCH_ONLY
CHOPPY,intelligence_score,liquidity_score,LOW,HIGH,DOWN,6,299,83.33333333333334,66.66666666666666,16.666666666666664,7.822185387966358,1.5637385060857945,-2.5343018563357447,-0.6436212570684198,-0.3398681746031747,-2.539131707317073,0.2281064516129032,-4.0,NOT_ECONOMICALLY_ROBUST,RESEARCH_ONLY
CHOPPY,trend_score,momentum_score,LOW,HIGH,DOWN,5,191,80.0,80.0,40.0,10.452587927773296,7.83116178067317,-5.875706214689274,-0.6568127454844006,-0.6456689655172415,-2.497421428571428,0.5164099999999999,-1.0,NOT_ECONOMICALLY_ROBUST,RESEARCH_ONLY
CHOPPY,momentum_score,liquidity_score,HIGH,LOW,DOWN,6,230,50.0,66.66666666666666,16.666666666666664,4.318049062412915,1.992386656130268,-23.02035152636448,-0.6825033641263379,-0.4100362727272727,-2.779570833333333,0.8394899999999998,-4.0,NOT_ECONOMICALLY_ROBUST,RESEARCH_ONLY
TREND_UP,intelligence_score,volatility_score,HIGH,HIGH,DOWN,6,390,66.66666666666666,66.66666666666666,16.666666666666664,12.371861015869163,10.33338497967641,-5.065359477124183,-0.7505038663478296,-0.6482621685393257,-2.170835416666667,0.6318666666666667,-4.0,NOT_ECONOMICALLY_ROBUST,RESEARCH_ONLY
CHOPPY,trend_score,liquidity_score,LOW,HIGH,DOWN,6,351,83.33333333333334,83.33333333333334,33.33333333333333,10.414950668552711,5.007088254081776,-0.10043942247331472,-0.7613902539523411,-0.48955430663221355,-2.5222519999999995,0.0985135135135134,-2.0,NOT_ECONOMICALLY_ROBUST,RESEARCH_ONLY
CHOPPY,volatility_score,liquidity_score,LOW,LOW,DOWN,5,219,80.0,80.0,20.0,15.261870162727345,15.05657518512183,-8.954035468693451,-1.300424152935979,-0.6187650602409638,-3.058503225806452,0.3836244444444444,-3.0,NOT_ECONOMICALLY_ROBUST,RESEARCH_ONLY
