scenario,factor,horizon_days,global_oos_fold_count,oos_fold_count,oos_finite_ic_folds,regime_total_dates,regime_oos_dates,oos_usable_dates,mean_stocks_per_date,oos_mean_ic,oos_ic_std,oos_icir,oos_positive_ic_fold_pct,mean_top_quintile_return,mean_bottom_quintile_return,mean_quintile_spread,positive_spread_fold_pct,bootstrap_95ci_low,bootstrap_95ci_high,raw_sign_test_p_value,adjusted_p_value,evidence_classification
CHOPPY,change_pct,1,7,7,7,31,22,22,49.0,0.015313652542461769,0.1638324841203891,0.09347140540949639,57.14285714285714,-0.40028936796536796,-0.8731532407407407,0.47286387277537273,42.857142857142854,-0.15903371227753724,1.2841171796536799,1.0,1.0,WEAK_INCONSISTENT
CHOPPY,change_pct,5,7,7,7,31,22,22,49.0,0.045478195318975144,0.09728288243461199,0.4674840442720537,71.42857142857143,0.3682858636363636,-0.6214452380952382,0.9897311017316016,71.42857142857143,-0.05912388295454545,2.198721759523809,0.453125,1.0,WEAK_INCONSISTENT
CHOPPY,change_pct,10,7,7,7,31,22,22,49.0,-0.07463934266725647,0.10240604009068338,-0.728856838924357,28.57142857142857,0.186649380952381,0.439817962962963,-0.25316858201058207,42.857142857142854,-1.3401132335978838,0.9341895203703687,1.0,1.0,WEAK_INCONSISTENT
CHOPPY,change_pct,20,7,7,7,31,22,18,40.09090909090909,-0.011647597664890418,0.14686434599011802,-0.07930854549050416,28.57142857142857,0.635035619047619,0.5986941931216931,0.03634142592592588,42.857142857142854,-1.9300510200396823,2.534778187830688,1.0,1.0,WEAK_INCONSISTENT
CHOPPY,intelligence_score,1,7,7,7,31,22,22,49.0,0.1152959017693678,0.1797868849951509,0.6412920596097846,57.14285714285714,-0.359550119047619,-0.9417997883597884,0.5822496693121691,42.857142857142854,-0.018097251322751327,1.2512383201058193,1.0,1.0,WEAK_INCONSISTENT
CHOPPY,intelligence_score,5,7,7,7,31,22,22,49.0,-0.06088654261539541,0.16645499850474332,-0.36578380440561165,42.857142857142854,-0.9430974523809522,-0.08277370370370378,-0.8603237486772485,42.857142857142854,-2.529569486111111,0.23266766137566147,1.0,1.0,WEAK_INCONSISTENT
CHOPPY,intelligence_score,10,7,7,7,31,22,22,49.0,-0.14418622484659058,0.14976029332143437,-0.9627800643867596,14.285714285714285,-1.0036196666666668,1.073926984126984,-2.077546650793651,0.0,-3.7491673716931215,-0.715237417989418,0.015625,0.640625,NEGATIVE
CHOPPY,intelligence_score,20,7,7,7,31,22,18,40.09090909090909,-0.1529945082906951,0.13082780354139625,-1.1694342039632646,0.0,-2.060526095238095,1.9933214285714287,-4.053847523809524,0.0,-6.169565281746032,-2.305837458333333,0.015625,0.640625,NEGATIVE
CHOPPY,liquidity_score,1,7,7,7,31,22,22,49.0,0.03464741465648881,0.18815817998761536,0.1841398267073444,71.42857142857143,-0.4119077962242589,-0.5387536537999037,0.12684585757564493,57.14285714285714,-0.4242920545940915,0.7492468282085561,1.0,1.0,WEAK_INCONSISTENT
CHOPPY,liquidity_score,5,7,7,7,31,22,22,49.0,-0.07418827902732025,0.06220997420740813,-1.192546371743805,14.285714285714285,-0.06460854008590618,0.2235105656479764,-0.2881191057338826,14.285714285714285,-0.7851120201303737,0.2664920911665627,0.125,1.0,NEGATIVE
CHOPPY,liquidity_score,10,7,7,7,31,22,22,49.0,-0.09306384450241202,0.14173908327581167,-0.6565856244555924,28.57142857142857,0.13621068336308884,1.006839796519618,-0.8706291131565292,57.14285714285714,-2.126543773145617,0.16362863411273618,1.0,1.0,WEAK_INCONSISTENT
CHOPPY,liquidity_score,20,7,7,7,31,22,18,40.09090909090909,-0.12612928285967914,0.13854552914096874,-0.9103814727312046,14.285714285714285,-0.20972548630670232,1.473098778860029,-1.6828242651667311,28.57142857142857,-3.2537177252856275,0.12394244867031858,0.453125,1.0,NEGATIVE
CHOPPY,momentum_score,1,7,7,7,31,22,22,49.0,0.05233836690827768,0.18401757274710506,0.28442048292967204,57.14285714285714,-0.3506530238095239,-0.946291798941799,0.595638775132275,57.14285714285714,-0.04412279351851864,1.3618858683862425,1.0,1.0,WEAK_INCONSISTENT
CHOPPY,momentum_score,5,7,7,7,31,22,22,49.0,0.011840654804629877,0.09095069598399762,0.1301876217276357,57.14285714285714,-0.10379088095238094,-0.3692971428571428,0.26550626190476184,42.857142857142854,-0.45951536091269846,1.155011046957672,1.0,1.0,WEAK_INCONSISTENT
CHOPPY,momentum_score,10,7,7,7,31,22,22,49.0,-0.08212536124644995,0.08196914958891377,-1.001905737198929,14.285714285714285,-0.25490661904761897,0.3688512962962962,-0.6237579153439153,42.857142857142854,-1.5813718888888888,0.3049075894179892,1.0,1.0,NEGATIVE
CHOPPY,momentum_score,20,7,7,7,31,22,18,40.09090909090909,-0.01857080519916903,0.14501404975137952,-0.1280621100576661,42.857142857142854,-0.2392816666666664,0.49154124338624344,-0.7308229100529101,42.857142857142854,-3.109994761904762,2.1294879365079367,1.0,1.0,WEAK_INCONSISTENT
CHOPPY,relative_strength,1,7,7,7,31,22,22,49.0,0.015313652542461769,0.1638324841203891,0.09347140540949639,57.14285714285714,-0.40028936796536796,-0.8731532407407407,0.47286387277537273,42.857142857142854,-0.15903371227753724,1.2841171796536799,1.0,1.0,WEAK_INCONSISTENT
CHOPPY,relative_strength,5,7,7,7,31,22,22,49.0,0.045478195318975144,0.09728288243461199,0.4674840442720537,71.42857142857143,0.3682858636363636,-0.6214452380952382,0.9897311017316016,71.42857142857143,-0.05912388295454545,2.198721759523809,0.453125,1.0,WEAK_INCONSISTENT
CHOPPY,relative_strength,10,7,7,7,31,22,22,49.0,-0.07463934266725647,0.10240604009068338,-0.728856838924357,28.57142857142857,0.186649380952381,0.439817962962963,-0.25316858201058207,42.857142857142854,-1.3401132335978838,0.9341895203703687,1.0,1.0,WEAK_INCONSISTENT
CHOPPY,relative_strength,20,7,7,7,31,22,18,40.09090909090909,-0.011647597664890418,0.14686434599011802,-0.07930854549050416,28.57142857142857,0.635035619047619,0.5986941931216931,0.03634142592592588,42.857142857142854,-1.9300510200396823,2.534778187830688,1.0,1.0,WEAK_INCONSISTENT
CHOPPY,trend_score,1,7,7,7,31,22,22,49.0,0.13274413845119964,0.16051406991358,0.8269937864180283,71.42857142857143,-0.0032950778053574686,-0.7859575722455648,0.7826624944402074,75.0,-0.048267788897362905,1.6135927777777779,0.625,1.0,WEAK_INCONSISTENT
CHOPPY,trend_score,5,7,7,7,31,22,22,49.0,-0.06243658816679064,0.26794457199747823,-0.23302053742435305,57.14285714285714,-0.2684117427382558,-0.7263473360177404,0.45793559327948463,100.0,0.3106641439524529,0.6052070426065164,0.125,1.0,UNVALIDATED
CHOPPY,trend_score,10,7,7,7,31,22,22,49.0,-0.08999402062545399,0.1617917404202521,-0.5562337137340608,42.857142857142854,-0.9716896842533684,-0.5983525480859012,-0.3733371361674673,50.0,-2.5538456328257797,1.1950529498872875,1.0,1.0,WEAK_INCONSISTENT
CHOPPY,trend_score,20,7,7,7,31,22,18,40.09090909090909,-0.12270848676800956,0.13261308950954695,-0.9253120278083534,14.285714285714285,-2.241173617788461,-1.0922773488562094,-1.1488962689322517,50.0,-4.445440973793364,1.8246755176910507,1.0,1.0,NEGATIVE
CHOPPY,volatility_score,1,7,7,7,31,22,22,49.0,0.04052803284159791,0.22286704297503707,0.18184847925737221,42.857142857142854,-0.5492687857142857,-0.6045563359788361,0.05528755026455024,28.57142857142857,-0.6918816972222223,0.9942675833333321,0.453125,1.0,WEAK_INCONSISTENT
CHOPPY,volatility_score,5,7,7,7,31,22,22,49.0,0.009528781788294163,0.13593107842955585,0.07010009703728132,42.857142857142854,0.0024624999999999786,0.5332484523809523,-0.5307859523809524,42.857142857142854,-1.7971348941798941,0.7175174074074073,1.0,1.0,WEAK_INCONSISTENT
CHOPPY,volatility_score,10,7,7,7,31,22,22,49.0,-0.12671271815128776,0.07878529506216017,-1.6083295499663195,0.0,-0.8047326666666665,1.6057633994708993,-2.410496066137566,0.0,-3.218181132275132,-1.6533409603174598,0.015625,0.640625,NEGATIVE
CHOPPY,volatility_score,20,7,7,7,31,22,18,40.09090909090909,-0.08652759271770667,0.17763410123256282,-0.4871113829907168,28.57142857142857,-0.7696080952380951,1.944858968253968,-2.7144670634920636,14.285714285714285,-4.5990713492063495,-0.9494019047619047,0.125,1.0,NEGATIVE
FLAT,change_pct,1,7,2,2,6,3,3,49.0,0.08415588177741856,0.2075868258951323,0.4054008794369832,50.0,0.614305,-0.053197222222222285,0.6675022222222223,100.0,0.060108888888888934,1.2748955555555557,0.5,1.0,UNVALIDATED
FLAT,change_pct,5,7,2,2,6,3,3,49.0,0.061601897216120374,0.13232371809538163,0.46553934625473925,50.0,-0.03246500000000008,-0.9423972222222222,0.9099322222222223,100.0,0.035878888888889016,1.7839855555555555,0.5,1.0,UNVALIDATED
FLAT,change_pct,10,7,2,2,6,3,3,49.0,0.16460735147705646,0.18538372372649128,0.8879277434296898,100.0,2.1614924999999996,-1.0005055555555555,3.1619980555555554,100.0,0.8554272222222219,5.468568888888889,0.5,1.0,UNVALIDATED
FLAT,change_pct,20,7,2,1,6,3,2,32.666666666666664,0.04145513917520291,,,100.0,-1.894765,-2.9527444444444444,1.0579794444444446,100.0,1.0579794444444446,1.0579794444444446,1.0,1.0,TEMPORALLY_INADEQUATE
FLAT,intelligence_score,1,7,2,2,6,3,3,49.0,0.06093240028577749,0.17228991051247414,0.35366203455869727,50.0,0.8122050000000001,0.21211388888888888,0.6000911111111111,100.0,0.5205166666666667,0.6796655555555555,0.5,1.0,UNVALIDATED
FLAT,intelligence_score,5,7,2,2,6,3,3,49.0,-0.009186051475835177,0.2506655015642822,-0.03664665228565348,50.0,0.08577499999999993,-0.6888138888888891,0.774588888888889,50.0,-0.10966555555555546,1.6588433333333334,1.0,1.0,WEAK_INCONSISTENT
FLAT,intelligence_score,10,7,2,2,6,3,3,49.0,0.12829018310259152,0.25163710973715653,0.5098221929054699,50.0,1.543965,-0.9216083333333331,2.465573333333333,100.0,1.9217255555555552,3.0094211111111107,0.5,1.0,UNVALIDATED
FLAT,intelligence_score,20,7,2,1,6,3,2,32.666666666666664,0.3726530612244898,,,100.0,1.5356500000000002,-4.929733333333333,6.4653833333333335,100.0,6.4653833333333335,6.4653833333333335,1.0,1.0,TEMPORALLY_INADEQUATE
FLAT,liquidity_score,1,7,2,2,6,3,3,49.0,0.16097759428996528,0.056339268525809554,2.8572893916118187,100.0,0.44304890109890105,0.11017916666666669,0.33286973443223433,100.0,0.114870238095238,0.5508692307692307,0.5,1.0,UNVALIDATED
FLAT,liquidity_score,5,7,2,2,6,3,3,49.0,-0.12523402658989277,0.25500244551893003,-0.491109119895072,50.0,-0.7519478021978021,1.0155416666666666,-1.767489468864469,0.0,-3.1560134615384614,-0.37896547619047616,0.5,1.0,NEGATIVE
FLAT,liquidity_score,10,7,2,2,6,3,3,49.0,-0.02768913593107933,0.3327481451738043,-0.08321349444823041,50.0,-0.2764670329670331,0.911508333333334,-1.1879753663003672,50.0,-3.498701923076924,1.1227511904761898,1.0,1.0,WEAK_INCONSISTENT
FLAT,liquidity_score,20,7,2,1,6,3,2,32.666666666666664,0.19169104320146613,,,100.0,-0.7468928571428571,-2.8854083333333334,2.1385154761904763,100.0,2.1385154761904763,2.1385154761904763,1.0,1.0,TEMPORALLY_INADEQUATE
FLAT,momentum_score,1,7,2,2,6,3,3,49.0,0.08188984415532385,0.1708644463781838,0.479267898566051,50.0,0.9665925,0.031727777777777744,0.9348647222222223,100.0,0.5949705555555556,1.274758888888889,0.5,1.0,UNVALIDATED
FLAT,momentum_score,5,7,2,2,6,3,3,49.0,0.05924867149877942,0.029277540870347164,2.0236901644559766,100.0,0.18969250000000015,-1.1522916666666667,1.3419841666666668,100.0,0.6467994444444447,2.037168888888889,0.5,1.0,UNVALIDATED
FLAT,momentum_score,10,7,2,2,6,3,3,49.0,0.15083310257212637,0.10316421557565726,1.46206804103997,100.0,1.4269874999999996,-1.4360333333333335,2.8630208333333327,100.0,1.088446111111111,4.637595555555555,0.5,1.0,UNVALIDATED
FLAT,momentum_score,20,7,2,1,6,3,2,32.666666666666664,0.06553910688221413,,,100.0,-1.3164250000000002,-4.28053888888889,2.9641138888888894,100.0,2.9641138888888894,2.9641138888888894,1.0,1.0,TEMPORALLY_INADEQUATE
FLAT,relative_strength,1,7,2,2,6,3,3,49.0,0.08415588177741856,0.2075868258951323,0.4054008794369832,50.0,0.614305,-0.053197222222222285,0.6675022222222223,100.0,0.060108888888888934,1.2748955555555557,0.5,1.0,UNVALIDATED
FLAT,relative_strength,5,7,2,2,6,3,3,49.0,0.061601897216120374,0.13232371809538163,0.46553934625473925,50.0,-0.03246500000000008,-0.9423972222222222,0.9099322222222223,100.0,0.035878888888889016,1.7839855555555555,0.5,1.0,UNVALIDATED
FLAT,relative_strength,10,7,2,2,6,3,3,49.0,0.16460735147705646,0.18538372372649128,0.8879277434296898,100.0,2.1614924999999996,-1.0005055555555555,3.1619980555555554,100.0,0.8554272222222219,5.468568888888889,0.5,1.0,UNVALIDATED
FLAT,relative_strength,20,7,2,1,6,3,2,32.666666666666664,0.04145513917520291,,,100.0,-1.894765,-2.9527444444444444,1.0579794444444446,100.0,1.0579794444444446,1.0579794444444446,1.0,1.0,TEMPORALLY_INADEQUATE
FLAT,trend_score,1,7,2,2,6,3,3,49.0,-0.03130948427976772,0.14558178371690486,-0.21506457388000863,50.0,0.8993088235294118,0.6471700892857144,0.25213873424369737,100.0,0.20928124999999986,0.2949962184873949,0.5,1.0,UNVALIDATED
FLAT,trend_score,5,7,2,2,6,3,3,49.0,0.1332512150935565,0.11723905520217386,1.1365770123596641,100.0,0.6017130514705882,-0.15970223214285714,0.7614152836134453,100.0,0.6425680672268907,0.8802624999999998,0.5,1.0,UNVALIDATED
FLAT,trend_score,10,7,2,2,6,3,3,49.0,0.22612433177337554,0.01972567266910347,11.46345351900503,100.0,2.3862939338235294,-0.577375,2.96366893382353,100.0,2.101344117647059,3.8259937500000003,0.5,1.0,UNVALIDATED
FLAT,trend_score,20,7,2,1,6,3,2,32.666666666666664,0.2943384213013639,,,100.0,0.8955941176470588,-6.234707142857142,7.130301260504201,100.0,7.130301260504201,7.130301260504201,1.0,1.0,TEMPORALLY_INADEQUATE
FLAT,volatility_score,1,7,2,2,6,3,3,49.0,-0.057153727849738795,0.21572434851397465,-0.2649386972005915,50.0,0.20026750000000001,0.2553388888888889,-0.055071388888888906,50.0,-0.5837866666666669,0.4736438888888891,1.0,1.0,WEAK_INCONSISTENT
FLAT,volatility_score,5,7,2,2,6,3,3,49.0,0.0035322641914399128,0.10467832891167798,0.03374398720503314,50.0,-0.521555,-0.6801111111111111,0.15855611111111112,50.0,-0.8564911111111109,1.173603333333333,1.0,1.0,WEAK_INCONSISTENT
FLAT,volatility_score,10,7,2,2,6,3,3,49.0,-0.16759011970861037,0.14454082661635909,-1.1594656238782197,0.0,-0.870115,2.0046,-2.8747149999999997,0.0,-3.9578366666666667,-1.791593333333333,0.5,1.0,NEGATIVE
FLAT,volatility_score,20,7,2,1,6,3,2,32.666666666666664,-0.07469578307999633,,,0.0,-1.6440649999999999,0.21529444444444434,-1.8593594444444443,0.0,-1.8593594444444443,-1.8593594444444443,1.0,1.0,TEMPORALLY_INADEQUATE
HIGH_VOL,change_pct,1,7,1,1,5,5,5,49.0,-0.22373013923195142,,,0.0,-0.05302999999999993,0.9421615555555555,-0.9951915555555553,0.0,-0.9951915555555553,-0.9951915555555553,1.0,1.0,TEMPORALLY_INADEQUATE
HIGH_VOL,change_pct,5,7,1,1,5,5,5,49.0,-0.08784119308983909,,,0.0,1.6943759999999997,2.4122606666666666,-0.7178846666666668,0.0,-0.7178846666666668,-0.7178846666666668,1.0,1.0,TEMPORALLY_INADEQUATE
HIGH_VOL,change_pct,10,7,1,1,5,5,5,49.0,-0.04266409913989657,,,0.0,1.5310700000000002,2.0768922222222224,-0.5458222222222222,0.0,-0.5458222222222222,-0.5458222222222222,1.0,1.0,TEMPORALLY_INADEQUATE
HIGH_VOL,change_pct,20,7,1,1,5,5,5,49.0,-0.002264778451470556,,,0.0,1.8020720000000001,2.110274444444444,-0.30820244444444417,0.0,-0.30820244444444417,-0.30820244444444417,1.0,1.0,TEMPORALLY_INADEQUATE
HIGH_VOL,intelligence_score,1,7,1,1,5,5,5,49.0,-0.12471548682230416,,,0.0,-0.16565800000000003,0.22441111111111117,-0.3900691111111111,0.0,-0.3900691111111111,-0.3900691111111111,1.0,1.0,TEMPORALLY_INADEQUATE
HIGH_VOL,intelligence_score,5,7,1,1,5,5,5,49.0,0.031591904938053396,,,100.0,1.683772,1.3825466666666668,0.30122533333333334,100.0,0.30122533333333334,0.30122533333333334,1.0,1.0,TEMPORALLY_INADEQUATE
HIGH_VOL,intelligence_score,10,7,1,1,5,5,5,49.0,-0.10743061128172107,,,0.0,0.46092199999999994,2.683124444444444,-2.2222024444444446,0.0,-2.2222024444444446,-2.2222024444444446,1.0,1.0,TEMPORALLY_INADEQUATE
HIGH_VOL,intelligence_score,20,7,1,1,5,5,5,49.0,-0.3210965107473664,,,0.0,-1.0524879999999999,4.332873333333334,-5.385361333333334,0.0,-5.385361333333334,-5.385361333333334,1.0,1.0,TEMPORALLY_INADEQUATE
HIGH_VOL,liquidity_score,1,7,1,1,5,5,5,49.0,-0.06762740930991246,,,0.0,0.16805473684210526,0.13803428571428572,0.030020451127819613,100.0,0.030020451127819613,0.030020451127819613,1.0,1.0,TEMPORALLY_INADEQUATE
HIGH_VOL,liquidity_score,5,7,1,1,5,5,5,49.0,-0.0374399219243973,,,0.0,1.8552863157894737,1.0491885714285716,0.8060977443609023,100.0,0.8060977443609023,0.8060977443609023,1.0,1.0,TEMPORALLY_INADEQUATE
HIGH_VOL,liquidity_score,10,7,1,1,5,5,5,49.0,-0.04538557343310341,,,0.0,1.2685515789473685,-0.06296571428571432,1.3315172932330828,100.0,1.3315172932330828,1.3315172932330828,1.0,1.0,TEMPORALLY_INADEQUATE
HIGH_VOL,liquidity_score,20,7,1,1,5,5,5,49.0,-0.31317091857623824,,,0.0,-0.5923947368421052,1.9444599999999999,-2.536854736842105,0.0,-2.536854736842105,-2.536854736842105,1.0,1.0,TEMPORALLY_INADEQUATE
HIGH_VOL,momentum_score,1,7,1,1,5,5,5,49.0,-0.1953395724222063,,,0.0,0.12608600000000017,0.7556733333333332,-0.629587333333333,0.0,-0.629587333333333,-0.629587333333333,1.0,1.0,TEMPORALLY_INADEQUATE
HIGH_VOL,momentum_score,5,7,1,1,5,5,5,49.0,-0.0037443916403505917,,,0.0,1.9622059999999997,1.7908777777777778,0.1713282222222218,100.0,0.1713282222222218,0.1713282222222218,1.0,1.0,TEMPORALLY_INADEQUATE
HIGH_VOL,momentum_score,10,7,1,1,5,5,5,49.0,-0.0499195747025932,,,0.0,1.228468,2.020317777777778,-0.7918497777777779,0.0,-0.7918497777777779,-0.7918497777777779,1.0,1.0,TEMPORALLY_INADEQUATE
HIGH_VOL,momentum_score,20,7,1,1,5,5,5,49.0,0.005775015599566018,,,100.0,2.8101019999999997,2.0082533333333332,0.8018486666666667,100.0,0.8018486666666667,0.8018486666666667,1.0,1.0,TEMPORALLY_INADEQUATE
HIGH_VOL,relative_strength,1,7,1,1,5,5,5,49.0,-0.22373013923195142,,,0.0,-0.05302999999999993,0.9421615555555555,-0.9951915555555553,0.0,-0.9951915555555553,-0.9951915555555553,1.0,1.0,TEMPORALLY_INADEQUATE
HIGH_VOL,relative_strength,5,7,1,1,5,5,5,49.0,-0.08784119308983909,,,0.0,1.6943759999999997,2.4122606666666666,-0.7178846666666668,0.0,-0.7178846666666668,-0.7178846666666668,1.0,1.0,TEMPORALLY_INADEQUATE
HIGH_VOL,relative_strength,10,7,1,1,5,5,5,49.0,-0.04266409913989657,,,0.0,1.5310700000000002,2.0768922222222224,-0.5458222222222222,0.0,-0.5458222222222222,-0.5458222222222222,1.0,1.0,TEMPORALLY_INADEQUATE
HIGH_VOL,relative_strength,20,7,1,1,5,5,5,49.0,-0.002264778451470556,,,0.0,1.8020720000000001,2.110274444444444,-0.30820244444444417,0.0,-0.30820244444444417,-0.30820244444444417,1.0,1.0,TEMPORALLY_INADEQUATE
HIGH_VOL,trend_score,1,7,1,1,5,5,5,49.0,-0.0027409352281071,,,0.0,-0.08311428571428581,0.6591062500000001,-0.7422205357142859,0.0,-0.7422205357142859,-0.7422205357142859,1.0,1.0,TEMPORALLY_INADEQUATE
HIGH_VOL,trend_score,5,7,1,1,5,5,5,49.0,0.12157175620860436,,,100.0,2.1978402597402598,2.384638888888889,-0.18679862914862932,0.0,-0.18679862914862932,-0.18679862914862932,1.0,1.0,TEMPORALLY_INADEQUATE
HIGH_VOL,trend_score,10,7,1,1,5,5,5,49.0,-0.13061915572753008,,,0.0,-1.1197363636363635,3.33849375,-4.458230113636364,0.0,-4.458230113636364,-4.458230113636364,1.0,1.0,TEMPORALLY_INADEQUATE
HIGH_VOL,trend_score,20,7,1,1,5,5,5,49.0,-0.14618187176693762,,,0.0,-1.1015759740259738,6.917522916666666,-8.01909889069264,0.0,-8.01909889069264,-8.01909889069264,1.0,1.0,TEMPORALLY_INADEQUATE
HIGH_VOL,volatility_score,1,7,1,1,5,5,5,49.0,-0.012173222345815471,,,0.0,0.15707400000000005,0.4914088888888889,-0.33433488888888885,0.0,-0.33433488888888885,-0.33433488888888885,1.0,1.0,TEMPORALLY_INADEQUATE
HIGH_VOL,volatility_score,5,7,1,1,5,5,5,49.0,-0.11555186488029409,,,0.0,2.260042,3.422268888888889,-1.162226888888889,0.0,-1.162226888888889,-1.162226888888889,1.0,1.0,TEMPORALLY_INADEQUATE
HIGH_VOL,volatility_score,10,7,1,1,5,5,5,49.0,0.06178706403540557,,,100.0,4.600099999999999,2.913551111111111,1.686548888888889,100.0,1.686548888888889,1.686548888888889,1.0,1.0,TEMPORALLY_INADEQUATE
HIGH_VOL,volatility_score,20,7,1,1,5,5,5,49.0,0.04570517783245056,,,100.0,4.283518,3.9450466666666673,0.33847133333333324,100.0,0.33847133333333324,0.33847133333333324,1.0,1.0,TEMPORALLY_INADEQUATE
LOW_VOL,change_pct,1,7,1,1,18,2,2,49.0,-0.02206809295500079,,,0.0,-1.77943,-1.9644355555555557,0.18500555555555553,100.0,0.18500555555555553,0.18500555555555553,1.0,1.0,TEMPORALLY_INADEQUATE
LOW_VOL,change_pct,5,7,1,1,18,2,2,49.0,-0.03849840611704038,,,0.0,-1.3237599999999998,-1.3258027777777777,0.002042777777777699,100.0,0.002042777777777699,0.002042777777777699,1.0,1.0,TEMPORALLY_INADEQUATE
LOW_VOL,change_pct,10,7,1,1,18,2,2,49.0,-0.09817569320493855,,,0.0,0.3026,-0.02221722222222211,0.32481722222222187,100.0,0.32481722222222187,0.32481722222222187,1.0,1.0,TEMPORALLY_INADEQUATE
LOW_VOL,change_pct,20,7,1,1,18,2,2,49.0,-0.056946803512148585,,,0.0,0.5490449999999996,0.5945383333333335,-0.04549333333333383,0.0,-0.04549333333333383,-0.04549333333333383,1.0,1.0,TEMPORALLY_INADEQUATE
LOW_VOL,intelligence_score,1,7,1,1,18,2,2,49.0,-0.10428212436082702,,,0.0,-2.3000000000000003,-1.4505111111111109,-0.8494888888888893,0.0,-0.8494888888888893,-0.8494888888888893,1.0,1.0,TEMPORALLY_INADEQUATE
LOW_VOL,intelligence_score,5,7,1,1,18,2,2,49.0,-0.005602774160656909,,,0.0,-0.029514999999999958,0.043366666666666775,-0.07288166666666651,0.0,-0.07288166666666651,-0.07288166666666651,1.0,1.0,TEMPORALLY_INADEQUATE
LOW_VOL,intelligence_score,10,7,1,1,18,2,2,49.0,-0.08106675828480943,,,0.0,0.845485,1.7972722222222222,-0.9517872222222221,0.0,-0.9517872222222221,-0.9517872222222221,1.0,1.0,TEMPORALLY_INADEQUATE
LOW_VOL,intelligence_score,20,7,1,1,18,2,2,49.0,-0.1011490746897026,,,0.0,2.290545,3.9667499999999993,-1.6762049999999997,0.0,-1.6762049999999997,-1.6762049999999997,1.0,1.0,TEMPORALLY_INADEQUATE
LOW_VOL,liquidity_score,1,7,1,1,18,2,2,49.0,0.02979719784044299,,,100.0,-1.384371923076923,-1.376313068181818,-0.008058854895104772,0.0,-0.008058854895104772,-0.008058854895104772,1.0,1.0,TEMPORALLY_INADEQUATE
LOW_VOL,liquidity_score,5,7,1,1,18,2,2,49.0,0.06088583141073158,,,100.0,0.5043257692307691,-0.3877761363636363,0.8921019055944054,100.0,0.8921019055944054,0.8921019055944054,1.0,1.0,TEMPORALLY_INADEQUATE
LOW_VOL,liquidity_score,10,7,1,1,18,2,2,49.0,0.048912701271360035,,,100.0,1.5466684615384616,1.7923306818181817,-0.24566222027971962,0.0,-0.24566222027971962,-0.24566222027971962,1.0,1.0,TEMPORALLY_INADEQUATE
LOW_VOL,liquidity_score,20,7,1,1,18,2,2,49.0,-0.06061318301354407,,,0.0,2.5484996153846153,3.3501517045454543,-0.8016520891608394,0.0,-0.8016520891608394,-0.8016520891608394,1.0,1.0,TEMPORALLY_INADEQUATE
LOW_VOL,momentum_score,1,7,1,1,18,2,2,49.0,-0.06716845520431983,,,0.0,-1.8567749999999998,-1.8425833333333332,-0.014191666666666602,0.0,-0.014191666666666602,-0.014191666666666602,1.0,1.0,TEMPORALLY_INADEQUATE
LOW_VOL,momentum_score,5,7,1,1,18,2,2,49.0,0.03546009608864161,,,100.0,-0.71357,-2.227938888888889,1.514368888888889,100.0,1.514368888888889,1.514368888888889,1.0,1.0,TEMPORALLY_INADEQUATE
LOW_VOL,momentum_score,10,7,1,1,18,2,2,49.0,-0.062451874329843886,,,0.0,0.5332350000000001,-1.2923499999999994,1.8255849999999993,100.0,1.8255849999999993,1.8255849999999993,1.0,1.0,TEMPORALLY_INADEQUATE
LOW_VOL,momentum_score,20,7,1,1,18,2,2,49.0,0.0061965462677790045,,,100.0,-0.05284000000000022,-1.0744500000000001,1.02161,100.0,1.02161,1.02161,1.0,1.0,TEMPORALLY_INADEQUATE
LOW_VOL,relative_strength,1,7,1,1,18,2,2,49.0,-0.02206809295500079,,,0.0,-1.77943,-1.9644355555555557,0.18500555555555553,100.0,0.18500555555555553,0.18500555555555553,1.0,1.0,TEMPORALLY_INADEQUATE
LOW_VOL,relative_strength,5,7,1,1,18,2,2,49.0,-0.03849840611704038,,,0.0,-1.3237599999999998,-1.3258027777777777,0.002042777777777699,100.0,0.002042777777777699,0.002042777777777699,1.0,1.0,TEMPORALLY_INADEQUATE
LOW_VOL,relative_strength,10,7,1,1,18,2,2,49.0,-0.09817569320493855,,,0.0,0.3026,-0.02221722222222211,0.32481722222222187,100.0,0.32481722222222187,0.32481722222222187,1.0,1.0,TEMPORALLY_INADEQUATE
LOW_VOL,relative_strength,20,7,1,1,18,2,2,49.0,-0.056946803512148585,,,0.0,0.5490449999999996,0.5945383333333335,-0.04549333333333383,0.0,-0.04549333333333383,-0.04549333333333383,1.0,1.0,TEMPORALLY_INADEQUATE
LOW_VOL,trend_score,1,7,1,1,18,2,2,49.0,-0.2082785598703589,,,0.0,,,,,,,,,TEMPORALLY_INADEQUATE
LOW_VOL,trend_score,5,7,1,1,18,2,2,49.0,-0.05425064772209068,,,0.0,,,,,,,,,TEMPORALLY_INADEQUATE
LOW_VOL,trend_score,10,7,1,1,18,2,2,49.0,-0.11336714597325494,,,0.0,,,,,,,,,TEMPORALLY_INADEQUATE
LOW_VOL,trend_score,20,7,1,1,18,2,2,49.0,-0.034087621063959524,,,0.0,,,,,,,,,TEMPORALLY_INADEQUATE
LOW_VOL,volatility_score,1,7,1,1,18,2,2,49.0,0.23564700901020513,,,100.0,-1.663515,-2.470987222222222,0.8074722222222219,100.0,0.8074722222222219,0.8074722222222219,1.0,1.0,TEMPORALLY_INADEQUATE
LOW_VOL,volatility_score,5,7,1,1,18,2,2,49.0,-0.03449005488742368,,,0.0,-0.554005,0.31345777777777784,-0.8674627777777778,0.0,-0.8674627777777778,-0.8674627777777778,1.0,1.0,TEMPORALLY_INADEQUATE
LOW_VOL,volatility_score,10,7,1,1,18,2,2,49.0,0.03635393665748884,,,100.0,0.7942849999999999,0.8153222222222222,-0.02103722222222225,0.0,-0.02103722222222225,-0.02103722222222225,1.0,1.0,TEMPORALLY_INADEQUATE
LOW_VOL,volatility_score,20,7,1,1,18,2,2,49.0,0.07059130869629746,,,100.0,1.8378850000000002,-0.3249433333333336,2.162828333333334,100.0,2.162828333333334,2.162828333333334,1.0,1.0,TEMPORALLY_INADEQUATE
TREND_DOWN,change_pct,1,7,7,7,82,66,66,49.0,-0.029178588289154556,0.07370732112845915,-0.39587096427370233,28.57142857142857,0.11950873407241687,0.10990343014983771,0.009605303922579174,42.857142857142854,-0.21560548590779738,0.26259422521041237,1.0,1.0,WEAK_INCONSISTENT
TREND_DOWN,change_pct,5,7,7,7,82,66,66,49.0,-0.030355215739262593,0.06301784609626786,-0.4816923716004368,28.57142857142857,0.20962653707075107,0.4469162046737886,-0.23728966760303752,42.857142857142854,-0.7165259074008851,0.1347845999559601,1.0,1.0,WEAK_INCONSISTENT
TREND_DOWN,change_pct,10,7,7,7,82,66,66,48.90909090909091,-0.010365484370870284,0.08243323241958994,-0.1257439999211649,42.857142857142854,0.3807223654131073,0.549930202845448,-0.16920783743234064,42.857142857142854,-0.9652777436536483,0.4903085801471324,1.0,1.0,WEAK_INCONSISTENT
TREND_DOWN,change_pct,20,7,7,7,82,66,62,45.93939393939394,-0.03807431253257615,0.08428574027465577,-0.4517289924547874,42.857142857142854,0.2833806967846827,0.9284203627343192,-0.6450396659496366,28.57142857142857,-1.6937371349167767,0.42805960541106525,0.453125,1.0,WEAK_INCONSISTENT
TREND_DOWN,intelligence_score,1,7,7,7,82,66,66,49.0,0.01797575500457499,0.04795808250603315,0.37482222109930335,71.42857142857143,0.15534909895776486,0.08564360303380611,0.0697054959239588,28.57142857142857,-0.11293464115271529,0.3160675454594715,0.453125,1.0,WEAK_INCONSISTENT
TREND_DOWN,intelligence_score,5,7,7,7,82,66,66,49.0,-0.014619248820905964,0.18261814146359603,-0.08005365022193173,57.14285714285714,0.08479658523464491,0.3947095855985491,-0.3099130003639044,57.14285714285714,-1.5771368642136991,0.7873209276275241,1.0,1.0,WEAK_INCONSISTENT
TREND_DOWN,intelligence_score,10,7,7,7,82,66,66,48.90909090909091,-0.03272993657564604,0.14169567926866453,-0.2309875413602971,42.857142857142854,-0.2769794660481272,0.3961976651637084,-0.6731771312118356,28.57142857142857,-1.8084512380007558,0.43384059547930504,0.453125,1.0,WEAK_INCONSISTENT
TREND_DOWN,intelligence_score,20,7,7,7,82,66,62,45.93939393939394,-0.08032224111977752,0.11715865384688279,-0.6855852169891984,28.57142857142857,-0.7450543357641494,1.1139432965442069,-1.8589976323083566,14.285714285714285,-3.182571351939306,-0.5168858245814397,0.125,1.0,NEGATIVE
TREND_DOWN,liquidity_score,1,7,7,7,82,66,66,49.0,0.016965043595405353,0.04002365679271077,0.423875401572379,85.71428571428571,0.15611519640212518,0.02532815809480355,0.13078703830732163,85.71428571428571,0.01897599482234964,0.26406978657374675,0.125,1.0,UNVALIDATED
TREND_DOWN,liquidity_score,5,7,7,7,82,66,66,49.0,-0.00904337902267598,0.1445244834164395,-0.06257333573452721,42.857142857142854,0.2300731999848606,0.31318931326004545,-0.0831161132751848,42.857142857142854,-0.9887545221466171,0.790738268472327,1.0,1.0,WEAK_INCONSISTENT
TREND_DOWN,liquidity_score,10,7,7,7,82,66,66,48.90909090909091,-0.03977875050110228,0.17691076647275275,-0.22485206126348947,42.857142857142854,0.16665186376730506,0.6672928763187519,-0.5006410125514469,42.857142857142854,-1.8771933568721775,0.9820461883642605,1.0,1.0,WEAK_INCONSISTENT
TREND_DOWN,liquidity_score,20,7,7,7,82,66,62,45.93939393939394,-0.07022415609974131,0.1790327612365158,-0.39224193167065047,42.857142857142854,0.09044538663835618,1.3720308859732786,-1.2815854993349218,42.857142857142854,-3.5978214096002454,0.9882912450534965,1.0,1.0,WEAK_INCONSISTENT
TREND_DOWN,momentum_score,1,7,7,7,82,66,66,49.0,-0.019490247065700468,0.07808323604682949,-0.24960859785590117,28.57142857142857,0.1241499821261838,0.14819573862878485,-0.024045756502601018,42.857142857142854,-0.19496018946912094,0.17393650340136052,1.0,1.0,WEAK_INCONSISTENT
TREND_DOWN,momentum_score,5,7,7,7,82,66,66,49.0,-0.019537429014812667,0.08733784979659968,-0.22369945058543583,42.857142857142854,0.22687929201983822,0.4051054641385173,-0.17822617211867905,57.14285714285714,-1.0009447786730854,0.40776174705606133,1.0,1.0,WEAK_INCONSISTENT
TREND_DOWN,momentum_score,10,7,7,7,82,66,66,48.90909090909091,-0.00554054223826921,0.10560316015733424,-0.05246568597014105,57.14285714285714,0.28998204175609626,0.36369972322262256,-0.07371768146652626,57.14285714285714,-1.3572782823735554,0.8302702360338072,1.0,1.0,WEAK_INCONSISTENT
TREND_DOWN,momentum_score,20,7,7,7,82,66,62,45.93939393939394,-0.030294597126814423,0.08343448221165078,-0.36309444637008953,28.57142857142857,-0.0034078859826760827,1.1643478910587801,-1.1677557770414562,28.57142857142857,-2.624616509886783,0.0034217408682317065,0.453125,1.0,WEAK_INCONSISTENT
TREND_DOWN,relative_strength,1,7,7,7,82,66,66,49.0,-0.029178588289154556,0.07370732112845915,-0.39587096427370233,28.57142857142857,0.11950873407241687,0.10990343014983771,0.009605303922579174,42.857142857142854,-0.21560548590779738,0.26259422521041237,1.0,1.0,WEAK_INCONSISTENT
TREND_DOWN,relative_strength,5,7,7,7,82,66,66,49.0,-0.030355215739262593,0.06301784609626786,-0.4816923716004368,28.57142857142857,0.20962653707075107,0.4469162046737886,-0.23728966760303752,42.857142857142854,-0.7165259074008851,0.1347845999559601,1.0,1.0,WEAK_INCONSISTENT
TREND_DOWN,relative_strength,10,7,7,7,82,66,66,48.90909090909091,-0.010365484370870284,0.08243323241958994,-0.1257439999211649,42.857142857142854,0.3807223654131073,0.549930202845448,-0.16920783743234064,42.857142857142854,-0.9652777436536483,0.4903085801471324,1.0,1.0,WEAK_INCONSISTENT
TREND_DOWN,relative_strength,20,7,7,7,82,66,62,45.93939393939394,-0.03807431253257615,0.08428574027465577,-0.4517289924547874,42.857142857142854,0.2833806967846827,0.9284203627343192,-0.6450396659496366,28.57142857142857,-1.6937371349167767,0.42805960541106525,0.453125,1.0,WEAK_INCONSISTENT
TREND_DOWN,trend_score,1,7,7,7,82,66,66,49.0,0.0049183450940408465,0.07366198822449475,0.06676910592002394,71.42857142857143,-0.09709483360046678,-0.33628325185000185,0.23918841824953505,66.66666666666666,-0.3548295930811823,0.823627047479238,0.6875,1.0,WEAK_INCONSISTENT
TREND_DOWN,trend_score,5,7,7,7,82,66,66,49.0,-0.015395936140267505,0.1473023057837056,-0.10451931528400138,42.857142857142854,-0.2685764152251544,-0.24885148173123164,-0.01972493349392272,50.0,-1.0350744160513914,0.7977223964687029,1.0,1.0,WEAK_INCONSISTENT
TREND_DOWN,trend_score,10,7,7,7,82,66,66,48.90909090909091,-0.011181751480602686,0.09897491530259993,-0.11297561050106762,42.857142857142854,-1.4155174502231374,-1.0468385342990343,-0.368678915924103,50.0,-2.4274410285039036,1.3858407026231563,1.0,1.0,WEAK_INCONSISTENT
TREND_DOWN,trend_score,20,7,7,7,82,66,62,45.93939393939394,-0.029609797854579834,0.14199784781059535,-0.20852286362871522,28.57142857142857,-2.0599233533926733,-1.2362831920625672,-0.823640161330106,33.33333333333333,-3.866363040319158,1.7263435218172063,0.6875,1.0,WEAK_INCONSISTENT
TREND_DOWN,volatility_score,1,7,7,7,82,66,66,49.0,-0.017286987776437827,0.10140953797358893,-0.1704670795457134,42.857142857142854,0.1291079829992603,0.21567489844085777,-0.08656691544159749,57.14285714285714,-0.39755367391805213,0.1952387621903135,1.0,1.0,WEAK_INCONSISTENT
TREND_DOWN,volatility_score,5,7,7,7,82,66,66,49.0,-0.05654873468064735,0.15272760236827423,-0.3702587731606667,57.14285714285714,0.18270068515284907,0.5605647642727125,-0.3778640791198634,57.14285714285714,-1.5541162760255618,0.7419485998237677,1.0,1.0,WEAK_INCONSISTENT
TREND_DOWN,volatility_score,10,7,7,7,82,66,66,48.90909090909091,-0.06113521777147814,0.12813875577017056,-0.47710169654784346,28.57142857142857,-0.01780746400075172,0.6911155133770679,-0.7089229773778197,28.57142857142857,-2.0174473306898517,0.7601323122426982,0.453125,1.0,WEAK_INCONSISTENT
TREND_DOWN,volatility_score,20,7,7,7,82,66,62,45.93939393939394,-0.09819567870250823,0.1591189075505224,-0.6171213730293477,28.57142857142857,0.2622963704067486,1.3895405911354444,-1.1272442207286957,42.857142857142854,-2.8373972679374786,0.6693583630972558,1.0,1.0,WEAK_INCONSISTENT
TREND_UP,change_pct,1,7,7,7,82,42,42,49.0,-0.0008537917635425135,0.04349723909777241,-0.019628642673696458,42.857142857142854,0.0008511781076066856,-0.060158978647014326,0.061010156754621,42.857142857142854,-0.13623082436611014,0.26100874307702865,1.0,1.0,WEAK_INCONSISTENT
TREND_UP,change_pct,5,7,7,7,82,42,42,49.0,0.059883225261231236,0.15103570571701744,0.3964838974793766,85.71428571428571,0.5368632452071738,-0.04523945011337866,0.5821026953205525,71.42857142857143,-0.29346624710111313,1.6167275793650795,0.453125,1.0,WEAK_INCONSISTENT
TREND_UP,change_pct,10,7,7,7,82,42,41,47.833333333333336,0.07925682215991989,0.14079762179599292,0.562913074446372,71.42857142857143,1.382834646567718,0.10468129251700689,1.2781533540507108,57.14285714285714,-0.22434472141955278,3.2299411913522973,1.0,1.0,WEAK_INCONSISTENT
TREND_UP,change_pct,20,7,7,7,82,42,40,46.666666666666664,0.03501746551000666,0.09703519956508638,0.3608738444085817,57.14285714285714,1.2188979638218924,0.18288219104308404,1.0360157727788084,57.14285714285714,-0.7976017461799115,2.99998490151515,1.0,1.0,WEAK_INCONSISTENT
TREND_UP,intelligence_score,1,7,7,7,82,42,42,49.0,-0.0343970971122812,0.17227183285027256,-0.19966756342679023,28.57142857142857,-0.04127612244897957,0.07490982993197279,-0.11618595238095238,28.57142857142857,-0.4918775198412698,0.35498897307256244,0.453125,1.0,WEAK_INCONSISTENT
TREND_UP,intelligence_score,5,7,7,7,82,42,42,49.0,-0.051426460813113285,0.09449473384646448,-0.5442256803079762,14.285714285714285,0.02499864795918352,0.5255942913832199,-0.5005956434240363,28.57142857142857,-1.1837516730442181,0.246081388888889,0.453125,1.0,NEGATIVE
TREND_UP,intelligence_score,10,7,7,7,82,42,41,47.833333333333336,-0.0048035524625515596,0.0970306536544123,-0.04950551482070869,42.857142857142854,0.6160408163265307,0.8655716751700682,-0.2495308588435375,42.857142857142854,-1.5160365249433105,0.9690214880952372,1.0,1.0,WEAK_INCONSISTENT
TREND_UP,intelligence_score,20,7,7,7,82,42,40,46.666666666666664,-0.07343967656082297,0.15301995943908192,-0.47993527661376556,28.57142857142857,-0.4251924999999999,1.5452571031746032,-1.9704496031746033,28.57142857142857,-4.299917976190477,0.4963771755952376,0.453125,1.0,WEAK_INCONSISTENT
TREND_UP,liquidity_score,1,7,7,7,82,42,42,49.0,-0.07521190816494934,0.14427450811526296,-0.5213111390742811,28.57142857142857,-0.08150463728124278,0.2193495473288522,-0.3008541846100949,14.285714285714285,-0.7449642600653296,0.1395264896631569,0.125,1.0,NEGATIVE
TREND_UP,liquidity_score,5,7,7,7,82,42,42,49.0,-0.06960847362150621,0.038337281875433234,-1.8156861993419453,0.0,0.19537366034850184,0.7442776888632435,-0.5489040285147418,0.0,-0.8460820766087743,-0.30053029206719495,0.015625,0.640625,NEGATIVE
TREND_UP,liquidity_score,10,7,7,7,82,42,41,47.833333333333336,-0.06378790058520266,0.0671728369625283,-0.9496085541360431,14.285714285714285,0.39090343148106077,1.2597886398607059,-0.8688852083796456,14.285714285714285,-1.3496858454251062,-0.40579312617883434,0.125,1.0,NEGATIVE
TREND_UP,liquidity_score,20,7,7,7,82,42,40,46.666666666666664,-0.09633596188335787,0.11538772990624656,-0.834889133893453,28.57142857142857,-0.43124647560407453,1.1346876862649822,-1.5659341618690568,14.285714285714285,-2.507822981778262,-0.6885813928930044,0.125,1.0,NEGATIVE
TREND_UP,momentum_score,1,7,7,7,82,42,42,49.0,-0.00014443437900331268,0.06240250718719427,-0.002314560512289037,42.857142857142854,0.03229823593073592,-0.0724196050642479,0.1047178409949838,57.14285714285714,-0.10465140847247997,0.30591444806483176,1.0,1.0,WEAK_INCONSISTENT
TREND_UP,momentum_score,5,7,7,7,82,42,42,49.0,0.049085361209453934,0.13469128701844787,0.36442863006224746,71.42857142857143,0.5366812677798392,-0.05465275888133026,0.5913340266611696,71.42857142857143,-0.31951000768741866,1.539489023053666,0.453125,1.0,WEAK_INCONSISTENT
TREND_UP,momentum_score,10,7,7,7,82,42,41,47.833333333333336,0.09589837611303098,0.11972541568927379,0.8009859524056138,85.71428571428571,1.6983699452690166,0.10232650793650779,1.596043437332509,85.71428571428571,0.31419758145872007,2.9715414448696147,0.125,1.0,UNVALIDATED
TREND_UP,momentum_score,20,7,7,7,82,42,40,46.666666666666664,0.06727372809071205,0.1251453063563779,0.5375649319131137,71.42857142857143,1.5414860830241193,-0.1281201814058955,1.6696062644300143,71.42857142857143,-0.3520466666666667,3.7754924965277765,0.453125,1.0,WEAK_INCONSISTENT
TREND_UP,relative_strength,1,7,7,7,82,42,42,49.0,-0.0008537917635425135,0.04349723909777241,-0.019628642673696458,42.857142857142854,0.0008511781076066856,-0.060158978647014326,0.061010156754621,42.857142857142854,-0.13623082436611014,0.26100874307702865,1.0,1.0,WEAK_INCONSISTENT
TREND_UP,relative_strength,5,7,7,7,82,42,42,49.0,0.059883225261231236,0.15103570571701744,0.3964838974793766,85.71428571428571,0.5368632452071738,-0.04523945011337866,0.5821026953205525,71.42857142857143,-0.29346624710111313,1.6167275793650795,0.453125,1.0,WEAK_INCONSISTENT
TREND_UP,relative_strength,10,7,7,7,82,42,41,47.833333333333336,0.07925682215991989,0.14079762179599292,0.562913074446372,71.42857142857143,1.382834646567718,0.10468129251700689,1.2781533540507108,57.14285714285714,-0.22434472141955278,3.2299411913522973,1.0,1.0,WEAK_INCONSISTENT
TREND_UP,relative_strength,20,7,7,7,82,42,40,46.666666666666664,0.03501746551000666,0.09703519956508638,0.3608738444085817,57.14285714285714,1.2188979638218924,0.18288219104308404,1.0360157727788084,57.14285714285714,-0.7976017461799115,2.99998490151515,1.0,1.0,WEAK_INCONSISTENT
TREND_UP,trend_score,1,7,7,7,82,42,42,49.0,-0.01049389205190169,0.09321385676435494,-0.11257867034115215,28.57142857142857,0.03118637785007391,0.18956371334221334,-0.15837733549213942,60.0,-0.5207895144688328,0.18455664094893182,1.0,1.0,WEAK_INCONSISTENT
TREND_UP,trend_score,5,7,7,7,82,42,42,49.0,-0.05440479875058007,0.1485366226259005,-0.3662719522551837,42.857142857142854,-0.08769817047794251,-0.47841814729344734,0.3907199768155049,60.0,-0.8758837456391362,1.7359393442394064,1.0,1.0,WEAK_INCONSISTENT
TREND_UP,trend_score,10,7,7,7,82,42,41,47.833333333333336,-0.0018994748768734113,0.14358356628926605,-0.013229054870016913,57.14285714285714,0.24496301270345594,-0.9489575823519075,1.1939205950553635,80.0,0.49064523142427774,1.9459496052044247,0.375,1.0,UNVALIDATED
TREND_UP,trend_score,20,7,7,7,82,42,40,46.666666666666664,-0.03475962037863125,0.15117836846491353,-0.22992456349136015,42.857142857142854,-0.7975709816253951,-0.39744002176434706,-0.40013095986104846,60.0,-4.234597714040346,2.9419775363785057,1.0,1.0,WEAK_INCONSISTENT
TREND_UP,volatility_score,1,7,7,7,82,42,42,49.0,0.023786260243469942,0.10817261746166476,0.219891695344245,42.857142857142854,0.1173985119047619,0.016541322751322717,0.10085718915343919,71.42857142857143,-0.18923596655328787,0.39127929934334843,0.453125,1.0,WEAK_INCONSISTENT
TREND_UP,volatility_score,5,7,7,7,82,42,42,49.0,-0.03318847196323327,0.19060509105396442,-0.174121644808726,57.14285714285714,0.4676777125850341,0.6051633078231291,-0.13748559523809528,57.14285714285714,-1.3288993224206351,0.8502416140873014,1.0,1.0,WEAK_INCONSISTENT
TREND_UP,volatility_score,10,7,7,7,82,42,41,47.833333333333336,-0.05226114898542279,0.21527793410818666,-0.24276128996648239,57.14285714285714,0.7636066989795919,1.4973025850340134,-0.7336958860544218,57.14285714285714,-2.7666788027210885,0.9653719383503402,1.0,1.0,WEAK_INCONSISTENT
TREND_UP,volatility_score,20,7,7,7,82,42,40,46.666666666666664,-0.07698781174239465,0.10921856163081226,-0.7048967738893495,14.285714285714285,0.12958974489795913,1.774173939909297,-1.644584195011338,14.285714285714285,-3.649238682043651,0.2643843078939884,0.125,1.0,NEGATIVE
