scenario,factor_a,factor_b,state_a,state_b,qualifying_episodes,total_observations,dominant_outcome,dominant_consistency_pct,episodes_with_positive_uplift,episodes_with_positive_mean_return,mean_probability_uplift_pct,median_probability_uplift_pct,mean_return_5d,median_return_5d,min_episode_dominant_probability_pct,max_episode_dominant_probability_pct,decision,repeatability_score
LOW_VOL,relative_strength,momentum_score,LOW,LOW,2,172,UP,100.0,2,1,13.325034055656673,13.325034055656673,0.358965,0.6836249999999999,50.0,60.0,INSUFFICIENT_EPISODES,0.2222222222222222
LOW_VOL,change_pct,relative_strength,LOW,LOW,2,162,UP,100.0,2,2,14.400709731332348,14.400709731332348,0.5686902486486486,0.73415,51.35135135135135,60.8,INSUFFICIENT_EPISODES,0.2222222222222222
LOW_VOL,change_pct,intelligence_score,LOW,LOW,2,156,UP,100.0,2,1,12.182314672821573,12.182314672821573,0.2903748553519768,0.504775,47.05882352941176,60.65573770491803,INSUFFICIENT_EPISODES,0.2222222222222222
LOW_VOL,intelligence_score,relative_strength,LOW,LOW,2,152,UP,100.0,2,2,12.752117388990005,12.752117388990005,0.3009335937499999,0.651875,54.166666666666664,54.6875,INSUFFICIENT_EPISODES,0.2222222222222222
LOW_VOL,trend_score,liquidity_score,LOW,HIGH,2,140,UP,100.0,2,2,6.3368389640133085,6.3368389640133085,0.6379782075178627,0.41985,47.74774774774775,48.275862068965516,INSUFFICIENT_EPISODES,0.2222222222222222
LOW_VOL,relative_strength,trend_score,LOW,LOW,2,130,UP,100.0,2,2,15.336829599562309,15.336829599562309,0.9369035823503713,0.6900999999999999,56.88073394495413,57.14285714285714,INSUFFICIENT_EPISODES,0.2222222222222222
LOW_VOL,change_pct,trend_score,LOW,LOW,2,129,UP,100.0,2,2,15.998301382389348,15.998301382389348,0.7656025282885432,0.6679999999999999,50.0,65.34653465346535,INSUFFICIENT_EPISODES,0.2222222222222222
LOW_VOL,intelligence_score,volatility_score,LOW,LOW,2,128,UP,100.0,2,2,8.824114696581287,8.824114696581287,0.22334183083793013,0.40169999999999995,45.67901234567901,55.319148936170215,INSUFFICIENT_EPISODES,0.2222222222222222
LOW_VOL,trend_score,volatility_score,LOW,LOW,2,119,UP,100.0,2,2,8.16868633833335,8.16868633833335,0.6047897592245153,0.45389999999999997,43.58974358974359,56.09756097560976,INSUFFICIENT_EPISODES,0.2222222222222222
LOW_VOL,volatility_score,liquidity_score,LOW,HIGH,2,112,UP,100.0,2,2,10.169080420250983,10.169080420250983,0.9312799789251845,0.6256999999999999,46.15384615384615,57.534246575342465,INSUFFICIENT_EPISODES,0.2222222222222222
LOW_VOL,trend_score,momentum_score,HIGH,HIGH,2,111,UP,100.0,2,2,4.230206469449776,4.230206469449776,0.5950308189655173,0.16635,45.83333333333333,45.97701149425287,INSUFFICIENT_EPISODES,0.2222222222222222
LOW_VOL,momentum_score,volatility_score,LOW,LOW,2,105,UP,100.0,2,1,10.709771734512001,10.709771734512001,0.29003529411764695,0.593475,45.94594594594595,58.82352941176471,INSUFFICIENT_EPISODES,0.2222222222222222
LOW_VOL,change_pct,volatility_score,HIGH,LOW,2,94,UP,100.0,2,2,8.404609652473649,8.404609652473649,0.7738952785145888,0.5772,41.53846153846154,58.620689655172406,INSUFFICIENT_EPISODES,0.2222222222222222
LOW_VOL,change_pct,liquidity_score,LOW,LOW,2,93,UP,100.0,2,1,12.537362822779965,12.537362822779965,0.29349352739726026,0.615925,53.42465753424658,55.00000000000001,INSUFFICIENT_EPISODES,0.2222222222222222
LOW_VOL,relative_strength,volatility_score,HIGH,LOW,2,93,UP,100.0,2,2,8.131983862606479,8.131983862606479,0.7059425916988417,0.46165,42.857142857142854,56.75675675675676,INSUFFICIENT_EPISODES,0.2222222222222222
LOW_VOL,momentum_score,liquidity_score,HIGH,LOW,2,91,UP,100.0,2,2,3.7475692669242804,3.7475692669242804,0.16542640845070422,0.2451,40.845070422535215,50.0,INSUFFICIENT_EPISODES,0.2222222222222222
LOW_VOL,relative_strength,volatility_score,LOW,LOW,2,90,UP,100.0,2,2,13.027057019024639,13.027057019024639,0.3785239748496446,0.6256999999999999,48.38709677419355,61.016949152542374,INSUFFICIENT_EPISODES,0.2222222222222222
LOW_VOL,change_pct,volatility_score,LOW,LOW,2,89,UP,100.0,2,1,15.684008414631034,15.684008414631034,0.43417279487179483,0.651825,48.717948717948715,66.0,INSUFFICIENT_EPISODES,0.2222222222222222
LOW_VOL,intelligence_score,momentum_score,HIGH,HIGH,2,87,DOWN,100.0,2,1,2.4609885632757287,2.4609885632757287,0.3827743506493506,0.035575,42.857142857142854,45.45454545454545,INSUFFICIENT_EPISODES,0.2222222222222222
LOW_VOL,momentum_score,volatility_score,HIGH,LOW,2,78,UP,100.0,2,2,10.246791090660107,10.246791090660107,0.8738267673301304,0.7905500000000001,42.5531914893617,61.29032258064516,INSUFFICIENT_EPISODES,0.2222222222222222
LOW_VOL,volatility_score,liquidity_score,LOW,LOW,2,71,UP,100.0,2,1,10.788088242848792,10.788088242848792,-0.09491108374384238,0.400475,42.857142857142854,62.06896551724138,INSUFFICIENT_EPISODES,0.2222222222222222
LOW_VOL,trend_score,volatility_score,HIGH,LOW,2,64,UP,100.0,2,1,17.534243264865886,17.534243264865886,0.5979583083083085,1.0443,48.148148148148145,70.27027027027027,INSUFFICIENT_EPISODES,0.2222222222222222
LOW_VOL,intelligence_score,volatility_score,HIGH,LOW,2,55,UP,100.0,2,2,15.958087276945191,15.958087276945191,1.344962324929972,1.0064250000000001,47.61904761904761,67.64705882352942,INSUFFICIENT_EPISODES,0.2222222222222222
LOW_VOL,intelligence_score,trend_score,LOW,LOW,2,239,UP,50.0,2,1,10.910662689179365,10.910662689179365,0.25618361631537856,0.20227499999999998,48.214285714285715,51.36612021857923,INSUFFICIENT_EPISODES,0.1111111111111111
LOW_VOL,intelligence_score,momentum_score,LOW,LOW,2,200,UP,50.0,2,1,13.652105292367144,13.652105292367144,0.16155417420132603,0.03487499999999999,50.0,55.06329113924051,INSUFFICIENT_EPISODES,0.1111111111111111
HIGH_VOL,trend_score,volatility_score,HIGH,LOW,1,196,UP,100.0,1,1,36.56462585034014,36.56462585034014,2.4330688775510203,2.50145,69.89795918367348,69.89795918367348,INSUFFICIENT_EPISODES,0.1111111111111111
LOW_VOL,change_pct,momentum_score,LOW,LOW,2,193,UP,50.0,2,1,14.731308035581957,14.731308035581957,0.212255298013245,0.344425,47.61904761904761,59.60264900662252,INSUFFICIENT_EPISODES,0.1111111111111111
LOW_VOL,change_pct,relative_strength,HIGH,HIGH,2,187,UP,50.0,2,2,6.339552054515277,6.339552054515277,0.24570267605633808,0.014099999999999994,41.54929577464789,48.888888888888886,INSUFFICIENT_EPISODES,0.1111111111111111
HIGH_VOL,momentum_score,volatility_score,HIGH,LOW,1,183,UP,100.0,1,1,32.78688524590164,32.78688524590164,1.9710612021857925,1.937,66.12021857923497,66.12021857923497,INSUFFICIENT_EPISODES,0.1111111111111111
LOW_VOL,trend_score,momentum_score,LOW,LOW,2,175,UP,50.0,2,2,14.001750541033479,14.001750541033479,0.5527616500192085,0.344425,47.368421052631575,58.3941605839416,INSUFFICIENT_EPISODES,0.1111111111111111
LOW_VOL,intelligence_score,liquidity_score,LOW,LOW,2,174,UP,50.0,2,1,9.437023190239149,9.437023190239149,0.07850826238390096,0.2742,47.368421052631575,49.26470588235294,INSUFFICIENT_EPISODES,0.1111111111111111
HIGH_VOL,intelligence_score,volatility_score,HIGH,LOW,1,172,UP,100.0,1,1,35.85271317829458,35.85271317829458,2.3455215116279073,2.3509,69.18604651162791,69.18604651162791,INSUFFICIENT_EPISODES,0.1111111111111111
HIGH_VOL,intelligence_score,trend_score,HIGH,HIGH,1,165,UP,100.0,1,1,36.36363636363637,36.36363636363637,2.4659345454545454,2.4413,69.6969696969697,69.6969696969697,INSUFFICIENT_EPISODES,0.1111111111111111
HIGH_VOL,volatility_score,liquidity_score,LOW,HIGH,1,164,UP,100.0,1,1,34.95934959349594,34.95934959349594,2.046315243902439,2.1681,68.29268292682927,68.29268292682927,INSUFFICIENT_EPISODES,0.1111111111111111
HIGH_VOL,change_pct,momentum_score,HIGH,HIGH,1,158,UP,100.0,1,1,30.590717299578056,30.590717299578056,1.7053170886075952,1.7188500000000002,63.92405063291139,63.92405063291139,INSUFFICIENT_EPISODES,0.1111111111111111
HIGH_VOL,change_pct,volatility_score,HIGH,LOW,1,158,UP,100.0,1,1,29.957805907173,29.957805907173,1.613253164556962,1.5719,63.29113924050633,63.29113924050633,INSUFFICIENT_EPISODES,0.1111111111111111
HIGH_VOL,trend_score,momentum_score,HIGH,HIGH,1,158,UP,100.0,1,1,35.0210970464135,35.0210970464135,2.210659493670886,2.3509,68.35443037974683,68.35443037974683,INSUFFICIENT_EPISODES,0.1111111111111111
LOW_VOL,intelligence_score,volatility_score,LOW,HIGH,1,157,UP,100.0,1,1,11.95271704825845,11.95271704825845,0.6720363057324841,0.6291,51.59235668789809,51.59235668789809,INSUFFICIENT_EPISODES,0.1111111111111111
LOW_VOL,relative_strength,momentum_score,HIGH,HIGH,2,156,UP,50.0,2,1,6.853218343436543,6.853218343436543,0.2160024568965517,0.13545,43.96551724137931,47.5,INSUFFICIENT_EPISODES,0.1111111111111111
LOW_VOL,intelligence_score,relative_strength,LOW,HIGH,2,152,UP,50.0,2,1,7.938641540928707,7.938641540928707,0.07911547619047621,-0.15387500000000004,43.63636363636363,50.0,INSUFFICIENT_EPISODES,0.1111111111111111
HIGH_VOL,intelligence_score,liquidity_score,HIGH,HIGH,1,146,UP,100.0,1,1,35.84474885844749,35.84474885844749,2.2411938356164387,2.3349,69.17808219178082,69.17808219178082,INSUFFICIENT_EPISODES,0.1111111111111111
HIGH_VOL,intelligence_score,momentum_score,HIGH,HIGH,1,145,UP,100.0,1,1,34.94252873563219,34.94252873563219,2.257833793103448,2.3364,68.27586206896552,68.27586206896552,INSUFFICIENT_EPISODES,0.1111111111111111
LOW_VOL,momentum_score,liquidity_score,LOW,HIGH,2,144,UP,50.0,2,1,16.383617617483733,16.383617617483733,0.33941868421052623,0.12212499999999993,50.0,60.526315789473685,INSUFFICIENT_EPISODES,0.1111111111111111
HIGH_VOL,trend_score,liquidity_score,HIGH,HIGH,1,141,UP,100.0,1,1,36.17021276595745,36.17021276595745,2.279798581560284,2.3654,69.50354609929079,69.50354609929079,INSUFFICIENT_EPISODES,0.1111111111111111
LOW_VOL,relative_strength,volatility_score,HIGH,HIGH,2,141,UP,50.0,2,1,19.18669903898621,19.18669903898621,-0.6025109508547007,-0.5651250000000001,45.2991452991453,70.83333333333334,INSUFFICIENT_EPISODES,0.1111111111111111
HIGH_VOL,change_pct,trend_score,HIGH,HIGH,1,131,UP,100.0,1,1,30.788804071246815,30.788804071246815,1.79461679389313,1.7804,64.12213740458014,64.12213740458014,INSUFFICIENT_EPISODES,0.1111111111111111
LOW_VOL,intelligence_score,liquidity_score,LOW,HIGH,2,130,UP,50.0,2,2,9.334745437032606,9.334745437032606,0.3209591036414565,0.162825,46.42857142857143,50.0,INSUFFICIENT_EPISODES,0.1111111111111111
LOW_VOL,momentum_score,volatility_score,LOW,HIGH,1,129,UP,100.0,1,1,14.623926251833225,14.623926251833225,0.8683217054263566,0.6615,54.263565891472865,54.263565891472865,INSUFFICIENT_EPISODES,0.1111111111111111
LOW_VOL,change_pct,liquidity_score,HIGH,HIGH,2,128,UP,50.0,2,2,4.130751317944145,4.130751317944145,0.39218108919382505,0.21655,40.56603773584906,45.45454545454545,INSUFFICIENT_EPISODES,0.1111111111111111
HIGH_VOL,change_pct,intelligence_score,HIGH,HIGH,1,127,UP,100.0,1,1,30.446194225721783,30.446194225721783,1.8130944881889766,1.7779,63.77952755905512,63.77952755905512,INSUFFICIENT_EPISODES,0.1111111111111111
LOW_VOL,change_pct,trend_score,HIGH,LOW,2,126,DOWN,100.0,1,0,4.637911809808484,4.637911809808484,-0.12284066213921901,-0.49870000000000003,41.05263157894737,51.61290322580645,INSUFFICIENT_EPISODES,0.1111111111111111
LOW_VOL,relative_strength,trend_score,HIGH,LOW,2,125,UP,50.0,2,1,8.12590436884489,8.12590436884489,-0.11814263460375073,-0.45157500000000006,41.37931034482759,52.63157894736842,INSUFFICIENT_EPISODES,0.1111111111111111
HIGH_VOL,relative_strength,volatility_score,HIGH,LOW,1,124,UP,100.0,1,1,29.56989247311828,29.56989247311828,1.9447040322580644,1.9428999999999998,62.903225806451616,62.903225806451616,INSUFFICIENT_EPISODES,0.1111111111111111
LOW_VOL,relative_strength,liquidity_score,LOW,HIGH,2,124,UP,50.0,2,1,11.90833851062568,11.90833851062568,0.3715134545454545,0.34859999999999997,44.0,57.57575757575758,INSUFFICIENT_EPISODES,0.1111111111111111
HIGH_VOL,momentum_score,liquidity_score,HIGH,HIGH,1,123,UP,100.0,1,1,33.33333333333333,33.33333333333333,1.9968373983739836,2.2534,66.66666666666666,66.66666666666666,INSUFFICIENT_EPISODES,0.1111111111111111
HIGH_VOL,relative_strength,momentum_score,HIGH,HIGH,1,122,UP,100.0,1,1,28.961748633879786,28.961748633879786,1.9956073770491805,2.10865,62.295081967213115,62.295081967213115,INSUFFICIENT_EPISODES,0.1111111111111111
LOW_VOL,intelligence_score,trend_score,HIGH,HIGH,2,121,UP,50.0,2,1,8.534252826195166,8.534252826195166,0.30198230884557736,0.27454999999999996,44.827586206896555,50.0,INSUFFICIENT_EPISODES,0.1111111111111111
LOW_VOL,relative_strength,liquidity_score,HIGH,HIGH,2,120,UP,50.0,2,2,7.231570833858001,7.231570833858001,0.3392205555555555,0.128525,45.55555555555556,46.666666666666664,INSUFFICIENT_EPISODES,0.1111111111111111
LOW_VOL,trend_score,volatility_score,LOW,HIGH,1,118,UP,100.0,1,1,14.59764849595358,14.59764849595358,0.6668381355932204,0.6714,54.23728813559322,54.23728813559322,INSUFFICIENT_EPISODES,0.1111111111111111
LOW_VOL,change_pct,liquidity_score,LOW,HIGH,2,116,UP,50.0,2,1,16.980262570501544,16.980262570501544,0.4434262139466958,0.3983,45.45454545454545,66.26506024096386,INSUFFICIENT_EPISODES,0.1111111111111111
LOW_VOL,volatility_score,liquidity_score,HIGH,HIGH,1,116,UP,100.0,1,1,8.63622242932588,8.63622242932588,0.4409086206896551,0.37785,48.275862068965516,48.275862068965516,INSUFFICIENT_EPISODES,0.1111111111111111
HIGH_VOL,relative_strength,volatility_score,LOW,LOW,1,115,UP,100.0,1,1,42.31884057971014,42.31884057971014,2.4849104347826088,2.3654,75.65217391304347,75.65217391304347,INSUFFICIENT_EPISODES,0.1111111111111111
LOW_VOL,trend_score,liquidity_score,LOW,LOW,2,115,UP,50.0,2,1,14.257714624707674,14.257714624707674,0.055340392156862706,-0.21912500000000007,52.94117647058824,53.333333333333336,INSUFFICIENT_EPISODES,0.1111111111111111
LOW_VOL,intelligence_score,liquidity_score,HIGH,HIGH,2,114,UP,50.0,2,1,10.354176197842675,10.354176197842675,0.4422756704980844,0.34199999999999997,44.44444444444444,54.02298850574713,INSUFFICIENT_EPISODES,0.1111111111111111
LOW_VOL,relative_strength,liquidity_score,HIGH,LOW,2,114,UP,50.0,2,1,10.226561549408371,10.226561549408371,-0.08609626894675482,-0.29490000000000005,43.373493975903614,54.83870967741935,INSUFFICIENT_EPISODES,0.1111111111111111
LOW_VOL,volatility_score,liquidity_score,HIGH,LOW,1,112,UP,100.0,1,1,6.78893178893179,6.78893178893179,0.682161607142857,0.3808,46.42857142857143,46.42857142857143,INSUFFICIENT_EPISODES,0.1111111111111111
LOW_VOL,relative_strength,volatility_score,LOW,HIGH,1,111,UP,100.0,1,1,9.909909909909908,9.909909909909908,0.7527972972972974,0.4019,49.549549549549546,49.549549549549546,INSUFFICIENT_EPISODES,0.1111111111111111
LOW_VOL,trend_score,volatility_score,HIGH,HIGH,1,110,UP,100.0,1,1,0.36036036036036223,0.36036036036036223,0.44418727272727265,0.0054,40.0,40.0,INSUFFICIENT_EPISODES,0.1111111111111111
LOW_VOL,relative_strength,trend_score,HIGH,HIGH,2,109,UP,50.0,2,1,8.87071250333334,8.87071250333334,0.41299213852376127,0.28045,47.674418604651166,47.82608695652174,INSUFFICIENT_EPISODES,0.1111111111111111
HIGH_VOL,change_pct,liquidity_score,HIGH,HIGH,1,107,UP,100.0,1,1,28.34890965732087,28.34890965732087,1.5309598130841122,1.7249,61.6822429906542,61.6822429906542,INSUFFICIENT_EPISODES,0.1111111111111111
HIGH_VOL,relative_strength,trend_score,HIGH,HIGH,1,107,UP,100.0,1,1,31.15264797507788,31.15264797507788,2.2816794392523363,2.5296,64.48598130841121,64.48598130841121,INSUFFICIENT_EPISODES,0.1111111111111111
LOW_VOL,change_pct,volatility_score,LOW,HIGH,1,106,UP,100.0,1,1,17.907530171681113,17.907530171681113,0.9542132075471699,0.7284999999999999,57.54716981132076,57.54716981132076,INSUFFICIENT_EPISODES,0.1111111111111111
LOW_VOL,momentum_score,liquidity_score,LOW,LOW,2,106,UP,50.0,2,1,9.73229838173065,9.73229838173065,0.06854423782084862,0.1918,47.82608695652174,49.39759036144578,INSUFFICIENT_EPISODES,0.1111111111111111
HIGH_VOL,change_pct,relative_strength,HIGH,HIGH,1,105,UP,100.0,1,1,27.619047619047628,27.619047619047628,1.6679361904761905,1.7128,60.952380952380956,60.952380952380956,INSUFFICIENT_EPISODES,0.1111111111111111
LOW_VOL,change_pct,liquidity_score,HIGH,LOW,2,104,DOWN,100.0,1,1,3.5279033983065062,3.5279033983065062,-0.0460775630703167,-0.27235,38.2716049382716,52.17391304347826,INSUFFICIENT_EPISODES,0.1111111111111111
LOW_VOL,trend_score,liquidity_score,HIGH,HIGH,2,104,UP,50.0,2,1,14.966613568900733,14.966613568900733,0.13835897435897448,0.23230000000000003,50.0,57.692307692307686,INSUFFICIENT_EPISODES,0.1111111111111111
HIGH_VOL,intelligence_score,relative_strength,HIGH,HIGH,1,100,UP,100.0,1,1,32.66666666666667,32.66666666666667,2.3159300000000003,2.48545,66.0,66.0,INSUFFICIENT_EPISODES,0.1111111111111111
LOW_VOL,momentum_score,liquidity_score,HIGH,HIGH,2,100,DOWN,50.0,2,2,3.5097187403413583,3.5097187403413583,0.3736693333333333,0.019750000000000004,48.0,48.0,INSUFFICIENT_EPISODES,0.1111111111111111
LOW_VOL,momentum_score,volatility_score,HIGH,HIGH,1,99,DOWN,100.0,1,1,0.1842751842751844,0.1842751842751844,0.1569090909090909,-0.0244,45.45454545454545,45.45454545454545,INSUFFICIENT_EPISODES,0.1111111111111111
HIGH_VOL,relative_strength,trend_score,LOW,HIGH,1,93,UP,100.0,1,1,44.086021505376344,44.086021505376344,2.719333333333333,2.7284,77.41935483870968,77.41935483870968,INSUFFICIENT_EPISODES,0.1111111111111111
LOW_VOL,change_pct,trend_score,HIGH,HIGH,1,92,UP,100.0,1,1,6.012534273403835,6.012534273403835,0.9382358695652174,0.23099999999999998,45.65217391304348,45.65217391304348,INSUFFICIENT_EPISODES,0.1111111111111111
HIGH_VOL,relative_strength,liquidity_score,HIGH,HIGH,1,84,UP,100.0,1,1,30.95238095238096,30.95238095238096,1.9129083333333337,2.10865,64.28571428571429,64.28571428571429,INSUFFICIENT_EPISODES,0.1111111111111111
HIGH_VOL,relative_strength,liquidity_score,LOW,HIGH,1,84,UP,100.0,1,1,40.47619047619048,40.47619047619048,2.374364285714286,2.3494,73.80952380952381,73.80952380952381,INSUFFICIENT_EPISODES,0.1111111111111111
HIGH_VOL,change_pct,volatility_score,LOW,LOW,1,81,UP,100.0,1,1,46.91358024691358,46.91358024691358,3.3581975308641976,3.0625,80.24691358024691,80.24691358024691,INSUFFICIENT_EPISODES,0.1111111111111111
LOW_VOL,change_pct,trend_score,LOW,HIGH,2,80,UP,50.0,2,1,8.57500517729234,8.57500517729234,-0.19672400000000004,0.30305000000000004,44.0,50.90909090909091,INSUFFICIENT_EPISODES,0.1111111111111111
LOW_VOL,trend_score,momentum_score,LOW,HIGH,2,80,DOWN,50.0,2,1,7.97138137149552,7.97138137149552,-0.18028821630347064,0.09860000000000002,52.38095238095239,52.54237288135594,INSUFFICIENT_EPISODES,0.1111111111111111
LOW_VOL,relative_strength,momentum_score,HIGH,LOW,2,78,UP,50.0,2,1,12.498905838035107,12.498905838035107,-0.046210275689223174,-0.4558,45.614035087719294,57.14285714285714,INSUFFICIENT_EPISODES,0.1111111111111111
HIGH_VOL,intelligence_score,relative_strength,HIGH,LOW,1,77,UP,100.0,1,1,41.991341991342,41.991341991342,2.6104259740259743,2.3848,75.32467532467533,75.32467532467533,INSUFFICIENT_EPISODES,0.1111111111111111
HIGH_VOL,volatility_score,liquidity_score,LOW,LOW,1,75,UP,100.0,1,1,37.333333333333336,37.333333333333336,2.5508306666666667,2.4413,70.66666666666667,70.66666666666667,INSUFFICIENT_EPISODES,0.1111111111111111
CHOPPY,relative_strength,momentum_score,HIGH,LOW,2,71,DOWN,50.0,2,1,2.4539782198428064,2.4539782198428064,0.3136183014354067,0.19924999999999998,44.73684210526316,48.484848484848484,INSUFFICIENT_EPISODES,0.1111111111111111
LOW_VOL,relative_strength,liquidity_score,LOW,LOW,1,71,UP,100.0,1,1,8.247684304022329,8.247684304022329,0.3244999999999999,0.3585,47.88732394366197,47.88732394366197,INSUFFICIENT_EPISODES,0.1111111111111111
CHOPPY,change_pct,relative_strength,LOW,HIGH,2,70,DOWN,50.0,2,1,13.379739298602658,13.379739298602658,0.1412189061154177,-0.09314999999999996,55.81395348837209,59.25925925925925,INSUFFICIENT_EPISODES,0.1111111111111111
HIGH_VOL,change_pct,trend_score,LOW,HIGH,1,69,UP,100.0,1,1,49.275362318840585,49.275362318840585,3.7962739130434775,3.6006,82.6086956521739,82.6086956521739,INSUFFICIENT_EPISODES,0.1111111111111111
HIGH_VOL,intelligence_score,volatility_score,LOW,LOW,1,67,UP,100.0,1,1,35.32338308457712,35.32338308457712,1.8429597014925374,1.916,68.65671641791045,68.65671641791045,INSUFFICIENT_EPISODES,0.1111111111111111
HIGH_VOL,relative_strength,momentum_score,LOW,HIGH,1,66,UP,100.0,1,1,42.42424242424242,42.42424242424242,2.1769818181818184,2.05595,75.75757575757575,75.75757575757575,INSUFFICIENT_EPISODES,0.1111111111111111
HIGH_VOL,momentum_score,liquidity_score,HIGH,LOW,1,65,UP,100.0,1,1,34.358974358974365,34.358974358974365,2.177444615384615,1.937,67.6923076923077,67.6923076923077,INSUFFICIENT_EPISODES,0.1111111111111111
CHOPPY,intelligence_score,liquidity_score,HIGH,LOW,2,64,DOWN,50.0,2,0,16.861794006087738,16.861794006087738,-1.113463846153846,-0.72765,46.15384615384615,68.0,INSUFFICIENT_EPISODES,0.1111111111111111
LOW_VOL,intelligence_score,relative_strength,HIGH,HIGH,1,63,UP,100.0,1,1,6.392106392106389,6.392106392106389,0.8430571428571427,0.3661,46.03174603174603,46.03174603174603,INSUFFICIENT_EPISODES,0.1111111111111111
HIGH_VOL,change_pct,liquidity_score,LOW,HIGH,1,61,UP,100.0,1,1,48.63387978142077,48.63387978142077,3.2183311475409835,3.0625,81.9672131147541,81.9672131147541,INSUFFICIENT_EPISODES,0.1111111111111111
HIGH_VOL,change_pct,relative_strength,LOW,LOW,1,61,UP,100.0,1,1,48.63387978142077,48.63387978142077,3.255198360655738,2.9443,81.9672131147541,81.9672131147541,INSUFFICIENT_EPISODES,0.1111111111111111
LOW_VOL,relative_strength,trend_score,LOW,HIGH,1,61,UP,100.0,1,1,7.901343966917734,7.901343966917734,0.5425081967213116,0.3585,47.540983606557376,47.540983606557376,INSUFFICIENT_EPISODES,0.1111111111111111
LOW_VOL,trend_score,momentum_score,HIGH,LOW,1,60,UP,100.0,1,1,10.36036036036036,10.36036036036036,0.5456616666666666,0.45940000000000003,50.0,50.0,INSUFFICIENT_EPISODES,0.1111111111111111
HIGH_VOL,trend_score,liquidity_score,HIGH,LOW,1,59,UP,100.0,1,1,39.548022598870055,39.548022598870055,2.9760355932203386,2.9443,72.88135593220339,72.88135593220339,INSUFFICIENT_EPISODES,0.1111111111111111
FLAT,relative_strength,momentum_score,LOW,LOW,2,58,DOWN,50.0,2,0,20.978711681025842,20.978711681025842,-0.6496744099378882,-0.734,47.82608695652174,62.857142857142854,INSUFFICIENT_EPISODES,0.1111111111111111
TREND_UP,relative_strength,momentum_score,HIGH,LOW,2,57,UP,50.0,2,1,19.231229351663764,19.231229351663764,0.8401526623376624,1.1045500000000001,45.714285714285715,77.27272727272727,INSUFFICIENT_EPISODES,0.1111111111111111
HIGH_VOL,change_pct,relative_strength,HIGH,LOW,1,56,UP,100.0,1,1,36.30952380952381,36.30952380952381,1.7267767857142855,1.7514,69.64285714285714,69.64285714285714,INSUFFICIENT_EPISODES,0.1111111111111111
HIGH_VOL,momentum_score,volatility_score,LOW,LOW,1,56,UP,100.0,1,1,45.23809523809524,45.23809523809524,2.967925,2.71525,78.57142857142857,78.57142857142857,INSUFFICIENT_EPISODES,0.1111111111111111
FLAT,intelligence_score,volatility_score,LOW,HIGH,2,55,FLAT,50.0,2,1,23.826282628262824,23.826282628262824,-0.17428484848484851,-0.24912499999999999,40.909090909090914,54.54545454545454,INSUFFICIENT_EPISODES,0.1111111111111111
LOW_VOL,intelligence_score,trend_score,LOW,HIGH,1,55,UP,100.0,1,1,3.9967239967239943,3.9967239967239943,0.054136363636363635,0.2455,43.63636363636363,43.63636363636363,INSUFFICIENT_EPISODES,0.1111111111111111
HIGH_VOL,change_pct,liquidity_score,HIGH,LOW,1,54,UP,100.0,1,1,35.18518518518519,35.18518518518519,2.000372222222222,1.67645,68.51851851851852,68.51851851851852,INSUFFICIENT_EPISODES,0.1111111111111111
HIGH_VOL,change_pct,momentum_score,LOW,LOW,1,54,UP,100.0,1,1,46.2962962962963,46.2962962962963,3.1506870370370375,2.8035,79.62962962962963,79.62962962962963,INSUFFICIENT_EPISODES,0.1111111111111111
HIGH_VOL,relative_strength,momentum_score,LOW,LOW,1,51,UP,100.0,1,1,43.13725490196078,43.13725490196078,2.972270588235294,2.7021,76.47058823529412,76.47058823529412,INSUFFICIENT_EPISODES,0.1111111111111111
HIGH_VOL,change_pct,intelligence_score,LOW,HIGH,1,50,UP,100.0,1,1,52.666666666666664,52.666666666666664,4.046656,3.7293,86.0,86.0,INSUFFICIENT_EPISODES,0.1111111111111111
FLAT,intelligence_score,trend_score,HIGH,HIGH,1,48,DOWN,100.0,1,0,34.5,34.5,-0.9539625000000002,-0.9981,62.5,62.5,INSUFFICIENT_EPISODES,0.1111111111111111
FLAT,trend_score,momentum_score,HIGH,HIGH,1,48,DOWN,100.0,1,0,34.5,34.5,-1.24560625,-0.9981,62.5,62.5,INSUFFICIENT_EPISODES,0.1111111111111111
TREND_UP,change_pct,relative_strength,LOW,HIGH,2,47,UP,50.0,2,0,17.61033156474717,17.61033156474717,-1.1785014492753625,-1.3820000000000001,47.82608695652174,70.83333333333334,INSUFFICIENT_EPISODES,0.1111111111111111
HIGH_VOL,intelligence_score,liquidity_score,LOW,LOW,1,46,UP,100.0,1,1,36.231884057971016,36.231884057971016,2.0470065217391307,1.99195,69.56521739130434,69.56521739130434,INSUFFICIENT_EPISODES,0.1111111111111111
LOW_VOL,change_pct,momentum_score,HIGH,LOW,1,46,UP,100.0,1,1,3.838621229925576,3.838621229925576,0.4512869565217391,0.37785,43.47826086956522,43.47826086956522,INSUFFICIENT_EPISODES,0.1111111111111111
FLAT,intelligence_score,momentum_score,LOW,LOW,2,45,DOWN,50.0,2,1,23.245792426367462,23.245792426367462,-0.7460375494071146,-0.9404250000000001,50.0,65.21739130434783,INSUFFICIENT_EPISODES,0.1111111111111111
HIGH_VOL,momentum_score,liquidity_score,LOW,HIGH,1,45,UP,100.0,1,1,42.22222222222222,42.22222222222222,2.5448866666666663,2.6316,75.55555555555556,75.55555555555556,INSUFFICIENT_EPISODES,0.1111111111111111
LOW_VOL,change_pct,relative_strength,HIGH,LOW,1,45,DOWN,100.0,1,0,1.3963963963963988,1.3963963963963988,-0.015546666666666643,-0.086,46.666666666666664,46.666666666666664,INSUFFICIENT_EPISODES,0.1111111111111111
FLAT,relative_strength,trend_score,HIGH,HIGH,1,44,DOWN,100.0,1,0,33.36363636363636,33.36363636363636,-1.065768181818182,-0.9981,61.36363636363637,61.36363636363637,INSUFFICIENT_EPISODES,0.1111111111111111
HIGH_VOL,relative_strength,liquidity_score,HIGH,LOW,1,44,UP,100.0,1,1,30.303030303030305,30.303030303030305,2.357359090909091,2.48985,63.63636363636363,63.63636363636363,INSUFFICIENT_EPISODES,0.1111111111111111
FLAT,trend_score,volatility_score,HIGH,HIGH,1,43,DOWN,100.0,1,0,32.46511627906976,32.46511627906976,-1.1839558139534885,-1.819,60.46511627906976,60.46511627906976,INSUFFICIENT_EPISODES,0.1111111111111111
HIGH_VOL,intelligence_score,momentum_score,LOW,HIGH,1,43,UP,100.0,1,1,29.457364341085274,29.457364341085274,1.3897441860465114,1.3394,62.7906976744186,62.7906976744186,INSUFFICIENT_EPISODES,0.1111111111111111
HIGH_VOL,trend_score,volatility_score,LOW,LOW,1,43,UP,100.0,1,1,31.782945736434115,31.782945736434115,1.163406976744186,1.3392,65.11627906976744,65.11627906976744,INSUFFICIENT_EPISODES,0.1111111111111111
FLAT,change_pct,trend_score,HIGH,HIGH,1,42,DOWN,100.0,1,0,33.904761904761905,33.904761904761905,-1.0870833333333334,-0.9981,61.904761904761905,61.904761904761905,INSUFFICIENT_EPISODES,0.1111111111111111
FLAT,intelligence_score,relative_strength,LOW,LOW,2,42,DOWN,50.0,2,0,27.00073313782991,27.00073313782991,-1.0285825,-0.95305,50.0,72.72727272727273,INSUFFICIENT_EPISODES,0.1111111111111111
HIGH_VOL,trend_score,momentum_score,HIGH,LOW,1,42,UP,100.0,1,1,45.23809523809524,45.23809523809524,3.5179404761904762,3.04515,78.57142857142857,78.57142857142857,INSUFFICIENT_EPISODES,0.1111111111111111
LOW_VOL,intelligence_score,relative_strength,HIGH,LOW,1,42,UP,100.0,1,1,10.36036036036036,10.36036036036036,1.2413761904761904,0.36324999999999996,50.0,50.0,INSUFFICIENT_EPISODES,0.1111111111111111
FLAT,trend_score,momentum_score,LOW,LOW,2,40,DOWN,50.0,2,0,25.637096774193548,25.637096774193548,-1.0567274999999998,-1.078525,45.0,75.0,INSUFFICIENT_EPISODES,0.1111111111111111
HIGH_VOL,intelligence_score,relative_strength,LOW,LOW,1,40,UP,100.0,1,1,44.16666666666667,44.16666666666667,2.356595,2.28245,77.5,77.5,INSUFFICIENT_EPISODES,0.1111111111111111
LOW_VOL,intelligence_score,momentum_score,HIGH,LOW,1,39,UP,100.0,1,1,19.334719334719335,19.334719334719335,1.2611512820512818,0.7293,58.97435897435898,58.97435897435898,INSUFFICIENT_EPISODES,0.1111111111111111
FLAT,momentum_score,volatility_score,HIGH,HIGH,1,37,DOWN,100.0,1,0,36.86486486486486,36.86486486486486,-1.2730756756756756,-1.0735,64.86486486486487,64.86486486486487,INSUFFICIENT_EPISODES,0.1111111111111111
FLAT,relative_strength,volatility_score,HIGH,HIGH,1,37,DOWN,100.0,1,0,31.45945945945946,31.45945945945946,-1.0759297297297297,-0.9838,59.45945945945946,59.45945945945946,INSUFFICIENT_EPISODES,0.1111111111111111
FLAT,volatility_score,liquidity_score,HIGH,LOW,1,37,DOWN,100.0,1,0,34.162162162162154,34.162162162162154,-1.296375675675676,-1.4557,62.16216216216216,62.16216216216216,INSUFFICIENT_EPISODES,0.1111111111111111
FLAT,change_pct,volatility_score,HIGH,HIGH,1,35,DOWN,100.0,1,0,31.999999999999996,31.999999999999996,-1.1020885714285715,-0.9838,60.0,60.0,INSUFFICIENT_EPISODES,0.1111111111111111
FLAT,intelligence_score,liquidity_score,HIGH,HIGH,1,35,DOWN,100.0,1,0,26.285714285714278,26.285714285714278,-0.4682542857142856,-0.7583,54.285714285714285,54.285714285714285,INSUFFICIENT_EPISODES,0.1111111111111111
FLAT,intelligence_score,liquidity_score,LOW,LOW,1,35,DOWN,100.0,1,0,29.14285714285714,29.14285714285714,-1.1582228571428568,-1.3795,57.14285714285714,57.14285714285714,INSUFFICIENT_EPISODES,0.1111111111111111
HIGH_VOL,intelligence_score,trend_score,LOW,HIGH,1,35,UP,100.0,1,1,40.952380952380956,40.952380952380956,2.575957142857143,2.9443,74.28571428571429,74.28571428571429,INSUFFICIENT_EPISODES,0.1111111111111111
FLAT,intelligence_score,momentum_score,HIGH,HIGH,1,34,DOWN,100.0,1,0,36.705882352941174,36.705882352941174,-1.1930264705882354,-0.97845,64.70588235294117,64.70588235294117,INSUFFICIENT_EPISODES,0.1111111111111111
FLAT,trend_score,liquidity_score,HIGH,LOW,1,34,DOWN,100.0,1,0,33.76470588235294,33.76470588235294,-1.2262382352941175,-1.39365,61.76470588235294,61.76470588235294,INSUFFICIENT_EPISODES,0.1111111111111111
HIGH_VOL,change_pct,intelligence_score,HIGH,LOW,1,34,UP,100.0,1,1,31.37254901960785,31.37254901960785,1.2226411764705882,1.3852,64.70588235294117,64.70588235294117,INSUFFICIENT_EPISODES,0.1111111111111111
HIGH_VOL,change_pct,intelligence_score,LOW,LOW,1,34,UP,100.0,1,1,40.196078431372555,40.196078431372555,2.514973529411765,2.8034,73.52941176470588,73.52941176470588,INSUFFICIENT_EPISODES,0.1111111111111111
LOW_VOL,change_pct,intelligence_score,LOW,HIGH,1,34,UP,100.0,1,1,19.183889772125067,19.183889772125067,1.1641205882352939,0.6124,58.82352941176471,58.82352941176471,INSUFFICIENT_EPISODES,0.1111111111111111
FLAT,trend_score,liquidity_score,HIGH,HIGH,1,33,DOWN,100.0,1,0,26.54545454545454,26.54545454545454,-0.5581151515151515,-0.7583,54.54545454545454,54.54545454545454,INSUFFICIENT_EPISODES,0.1111111111111111
HIGH_VOL,intelligence_score,trend_score,LOW,LOW,1,33,UP,100.0,1,1,30.303030303030305,30.303030303030305,1.1188,1.3394,63.63636363636363,63.63636363636363,INSUFFICIENT_EPISODES,0.1111111111111111
HIGH_VOL,relative_strength,liquidity_score,LOW,LOW,1,33,UP,100.0,1,1,48.48484848484849,48.48484848484849,2.9036363636363633,2.518,81.81818181818183,81.81818181818183,INSUFFICIENT_EPISODES,0.1111111111111111
FLAT,momentum_score,liquidity_score,HIGH,LOW,1,32,DOWN,100.0,1,0,34.5,34.5,-1.13453125,-1.20255,62.5,62.5,INSUFFICIENT_EPISODES,0.1111111111111111
HIGH_VOL,intelligence_score,momentum_score,HIGH,LOW,1,32,UP,100.0,1,1,44.79166666666667,44.79166666666667,3.287809375,2.8035,78.125,78.125,INSUFFICIENT_EPISODES,0.1111111111111111
FLAT,intelligence_score,relative_strength,HIGH,HIGH,1,31,DOWN,100.0,1,0,36.51612903225806,36.51612903225806,-1.0567322580645162,-0.9838,64.51612903225806,64.51612903225806,INSUFFICIENT_EPISODES,0.1111111111111111
FLAT,relative_strength,liquidity_score,HIGH,LOW,1,31,DOWN,100.0,1,0,30.06451612903226,30.06451612903226,-0.9712096774193548,-1.0735,58.06451612903226,58.06451612903226,INSUFFICIENT_EPISODES,0.1111111111111111
HIGH_VOL,intelligence_score,liquidity_score,HIGH,LOW,1,31,UP,100.0,1,1,40.86021505376344,40.86021505376344,3.3994032258064513,2.9697,74.19354838709677,74.19354838709677,INSUFFICIENT_EPISODES,0.1111111111111111
LOW_VOL,change_pct,relative_strength,LOW,HIGH,1,31,UP,100.0,1,1,18.424876489392624,18.424876489392624,0.7205258064516128,0.9425,58.06451612903226,58.06451612903226,INSUFFICIENT_EPISODES,0.1111111111111111
FLAT,change_pct,intelligence_score,HIGH,HIGH,1,30,DOWN,100.0,1,0,35.33333333333333,35.33333333333333,-1.0313233333333334,-0.97845,63.33333333333333,63.33333333333333,INSUFFICIENT_EPISODES,0.1111111111111111
FLAT,change_pct,liquidity_score,HIGH,LOW,1,30,DOWN,100.0,1,0,31.999999999999996,31.999999999999996,-1.0230066666666666,-1.20255,60.0,60.0,INSUFFICIENT_EPISODES,0.1111111111111111
FLAT,intelligence_score,volatility_score,HIGH,HIGH,1,30,DOWN,100.0,1,0,45.33333333333333,45.33333333333333,-1.6416900000000003,-2.0916,73.33333333333333,73.33333333333333,INSUFFICIENT_EPISODES,0.1111111111111111
HIGH_VOL,change_pct,momentum_score,LOW,HIGH,1,30,UP,100.0,1,1,50.0,50.0,3.923493333333333,3.9269,83.33333333333334,83.33333333333334,INSUFFICIENT_EPISODES,0.1111111111111111
HIGH_VOL,change_pct,trend_score,HIGH,LOW,1,30,UP,100.0,1,1,30.0,30.0,1.2246,1.27,63.33333333333333,63.33333333333333,INSUFFICIENT_EPISODES,0.1111111111111111
HIGH_VOL,trend_score,momentum_score,LOW,HIGH,1,30,UP,100.0,1,1,26.666666666666668,26.666666666666668,1.262023333333333,1.0855000000000001,60.0,60.0,INSUFFICIENT_EPISODES,0.1111111111111111
LOW_VOL,relative_strength,momentum_score,LOW,HIGH,1,30,DOWN,100.0,1,0,11.396396396396396,11.396396396396396,-0.28748000000000007,-0.77655,56.666666666666664,56.666666666666664,INSUFFICIENT_EPISODES,0.1111111111111111
FLAT,change_pct,volatility_score,LOW,HIGH,1,28,DOWN,100.0,1,0,39.85714285714286,39.85714285714286,-1.2032964285714285,-1.866,67.85714285714286,67.85714285714286,INSUFFICIENT_EPISODES,0.1111111111111111
HIGH_VOL,intelligence_score,relative_strength,LOW,HIGH,1,28,UP,100.0,1,1,23.809523809523807,23.809523809523807,1.1719678571428571,1.0631,57.14285714285714,57.14285714285714,INSUFFICIENT_EPISODES,0.1111111111111111
CHOPPY,intelligence_score,trend_score,HIGH,LOW,1,27,DOWN,100.0,1,0,5.516346965858365,5.516346965858365,-0.5403074074074073,-0.9856,51.85185185185185,51.85185185185185,INSUFFICIENT_EPISODES,0.1111111111111111
FLAT,momentum_score,liquidity_score,HIGH,HIGH,1,27,DOWN,100.0,1,0,31.259259259259252,31.259259259259252,-0.8762592592592592,-0.7281,59.25925925925925,59.25925925925925,INSUFFICIENT_EPISODES,0.1111111111111111
HIGH_VOL,trend_score,liquidity_score,LOW,HIGH,1,27,UP,100.0,1,1,33.33333333333333,33.33333333333333,1.4325666666666665,1.3392,66.66666666666666,66.66666666666666,INSUFFICIENT_EPISODES,0.1111111111111111
FLAT,intelligence_score,relative_strength,LOW,HIGH,1,26,DOWN,100.0,1,0,21.999999999999996,21.999999999999996,-0.48907692307692313,-0.4952,50.0,50.0,INSUFFICIENT_EPISODES,0.1111111111111111
FLAT,momentum_score,volatility_score,LOW,HIGH,1,26,DOWN,100.0,1,0,33.53846153846154,33.53846153846154,-0.9677538461538463,-1.866,61.53846153846154,61.53846153846154,INSUFFICIENT_EPISODES,0.1111111111111111
FLAT,relative_strength,liquidity_score,HIGH,HIGH,1,26,DOWN,100.0,1,0,29.692307692307686,29.692307692307686,-0.5910461538461539,-0.7276,57.692307692307686,57.692307692307686,INSUFFICIENT_EPISODES,0.1111111111111111
FLAT,relative_strength,volatility_score,LOW,HIGH,1,26,DOWN,100.0,1,0,41.230769230769226,41.230769230769226,-1.2483076923076921,-2.0451,69.23076923076923,69.23076923076923,INSUFFICIENT_EPISODES,0.1111111111111111
FLAT,volatility_score,liquidity_score,HIGH,HIGH,1,26,DOWN,100.0,1,0,37.38461538461538,37.38461538461538,-0.9345961538461539,-1.95435,65.38461538461539,65.38461538461539,INSUFFICIENT_EPISODES,0.1111111111111111
FLAT,change_pct,intelligence_score,HIGH,LOW,1,25,DOWN,100.0,1,0,24.0,24.0,-0.531948,-0.7271,52.0,52.0,INSUFFICIENT_EPISODES,0.1111111111111111
FLAT,change_pct,liquidity_score,HIGH,HIGH,1,25,DOWN,100.0,1,0,28.000000000000004,28.000000000000004,-0.5419280000000001,-0.7271,56.00000000000001,56.00000000000001,INSUFFICIENT_EPISODES,0.1111111111111111
FLAT,change_pct,trend_score,LOW,HIGH,1,25,DOWN,100.0,1,0,24.0,24.0,-0.5780960000000002,-0.5856,52.0,52.0,INSUFFICIENT_EPISODES,0.1111111111111111
FLAT,intelligence_score,momentum_score,LOW,HIGH,1,25,DOWN,100.0,1,0,28.000000000000004,28.000000000000004,-0.776044,-0.7281,56.00000000000001,56.00000000000001,INSUFFICIENT_EPISODES,0.1111111111111111
HIGH_VOL,intelligence_score,momentum_score,LOW,LOW,1,25,UP,100.0,1,1,46.66666666666667,46.66666666666667,2.692796,2.6316,80.0,80.0,INSUFFICIENT_EPISODES,0.1111111111111111
FLAT,trend_score,volatility_score,HIGH,LOW,1,24,DOWN,100.0,1,0,26.16666666666666,26.16666666666666,-0.38332499999999997,-0.7153499999999999,54.166666666666664,54.166666666666664,INSUFFICIENT_EPISODES,0.1111111111111111
HIGH_VOL,relative_strength,trend_score,LOW,LOW,1,24,UP,100.0,1,1,37.50000000000001,37.50000000000001,1.7653583333333334,1.8415,70.83333333333334,70.83333333333334,INSUFFICIENT_EPISODES,0.1111111111111111
FLAT,change_pct,liquidity_score,LOW,HIGH,1,23,DOWN,100.0,1,0,32.869565217391305,32.869565217391305,-0.7837695652173914,-1.9048,60.86956521739131,60.86956521739131,INSUFFICIENT_EPISODES,0.1111111111111111
FLAT,relative_strength,trend_score,LOW,HIGH,1,23,DOWN,100.0,1,0,24.173913043478258,24.173913043478258,-0.5746130434782609,-0.5856,52.17391304347826,52.17391304347826,INSUFFICIENT_EPISODES,0.1111111111111111
HIGH_VOL,change_pct,liquidity_score,LOW,LOW,1,23,UP,100.0,1,1,44.92753623188406,44.92753623188406,3.9792913043478264,3.5285,78.26086956521739,78.26086956521739,INSUFFICIENT_EPISODES,0.1111111111111111
HIGH_VOL,change_pct,relative_strength,LOW,HIGH,1,23,UP,100.0,1,1,44.92753623188406,44.92753623188406,3.881513043478261,4.5414,78.26086956521739,78.26086956521739,INSUFFICIENT_EPISODES,0.1111111111111111
TREND_DOWN,change_pct,momentum_score,LOW,HIGH,1,23,UP,100.0,1,1,14.40412887081639,14.40412887081639,1.3929521739130435,0.69,52.17391304347826,52.17391304347826,INSUFFICIENT_EPISODES,0.1111111111111111
FLAT,momentum_score,volatility_score,HIGH,LOW,1,22,DOWN,100.0,1,0,26.54545454545454,26.54545454545454,-0.5845545454545453,-0.7153499999999999,54.54545454545454,54.54545454545454,INSUFFICIENT_EPISODES,0.1111111111111111
FLAT,relative_strength,liquidity_score,LOW,HIGH,1,22,DOWN,100.0,1,0,31.09090909090909,31.09090909090909,-0.7367136363636365,-2.041,59.09090909090909,59.09090909090909,INSUFFICIENT_EPISODES,0.1111111111111111
FLAT,volatility_score,liquidity_score,LOW,HIGH,1,22,DOWN,100.0,1,0,21.999999999999996,21.999999999999996,-0.3307,-0.42319999999999997,50.0,50.0,INSUFFICIENT_EPISODES,0.1111111111111111
HIGH_VOL,intelligence_score,liquidity_score,LOW,HIGH,1,22,UP,100.0,1,1,34.848484848484844,34.848484848484844,1.4962090909090906,1.8062,68.18181818181817,68.18181818181817,INSUFFICIENT_EPISODES,0.1111111111111111
FLAT,momentum_score,liquidity_score,LOW,HIGH,1,21,DOWN,100.0,1,0,29.14285714285714,29.14285714285714,-0.376947619047619,-1.819,57.14285714285714,57.14285714285714,INSUFFICIENT_EPISODES,0.1111111111111111
HIGH_VOL,relative_strength,trend_score,HIGH,LOW,1,21,UP,100.0,1,1,28.571428571428577,28.571428571428577,0.9651619047619048,0.9702,61.904761904761905,61.904761904761905,INSUFFICIENT_EPISODES,0.1111111111111111
CHOPPY,change_pct,momentum_score,HIGH,LOW,1,20,UP,100.0,1,1,11.902356902356908,11.902356902356908,0.737125,0.71455,55.00000000000001,55.00000000000001,INSUFFICIENT_EPISODES,0.1111111111111111
FLAT,change_pct,intelligence_score,LOW,HIGH,1,20,DOWN,100.0,1,0,31.999999999999996,31.999999999999996,-0.6410799999999999,-1.4684,60.0,60.0,INSUFFICIENT_EPISODES,0.1111111111111111
FLAT,change_pct,liquidity_score,LOW,LOW,1,20,DOWN,100.0,1,0,41.99999999999999,41.99999999999999,-1.861,-1.71935,70.0,70.0,INSUFFICIENT_EPISODES,0.1111111111111111
FLAT,change_pct,volatility_score,HIGH,LOW,1,20,DOWN,100.0,1,0,27.0,27.0,-0.283265,-0.7153499999999999,55.00000000000001,55.00000000000001,INSUFFICIENT_EPISODES,0.1111111111111111
FLAT,intelligence_score,volatility_score,HIGH,LOW,1,20,DOWN,100.0,1,1,17.0,17.0,0.27447000000000005,0.09955,45.0,45.0,INSUFFICIENT_EPISODES,0.1111111111111111
FLAT,relative_strength,volatility_score,HIGH,LOW,1,20,DOWN,100.0,1,0,27.0,27.0,-0.283265,-0.7153499999999999,55.00000000000001,55.00000000000001,INSUFFICIENT_EPISODES,0.1111111111111111
FLAT,trend_score,volatility_score,LOW,HIGH,1,20,DOWN,100.0,1,0,41.99999999999999,41.99999999999999,-1.067765,-1.4526,70.0,70.0,INSUFFICIENT_EPISODES,0.1111111111111111
LOW_VOL,change_pct,momentum_score,HIGH,HIGH,2,175,DOWN,50.0,1,1,2.8501442722562524,2.8501442722562524,0.14726964956195238,0.196,44.680851063829785,50.0,INSUFFICIENT_EPISODES,0.05555555555555555
LOW_VOL,change_pct,intelligence_score,HIGH,LOW,2,148,UP,50.0,1,2,5.085976964126199,5.085976964126199,0.06806390086206891,-0.22595,37.93103448275862,50.0,INSUFFICIENT_EPISODES,0.05555555555555555
LOW_VOL,intelligence_score,momentum_score,LOW,HIGH,2,104,DOWN,50.0,1,1,3.8430520736746905,3.8430520736746905,0.18839562499999996,0.39985000000000004,42.5,54.166666666666664,INSUFFICIENT_EPISODES,0.05555555555555555
FLAT,relative_strength,momentum_score,HIGH,HIGH,2,77,UP,50.0,1,1,13.512609751541188,13.512609751541188,-0.061430227987421315,-0.11085,50.0,58.490566037735846,INSUFFICIENT_EPISODES,0.05555555555555555
FLAT,change_pct,momentum_score,HIGH,HIGH,2,75,UP,50.0,1,1,12.988062518626442,12.988062518626442,-0.08649042642140464,-0.19874999999999995,47.82608695652174,59.61538461538461,INSUFFICIENT_EPISODES,0.05555555555555555
LOW_VOL,change_pct,volatility_score,HIGH,HIGH,1,122,DOWN,100.0,0,1,-6.745680106335844,-6.745680106335844,0.21640081967213115,0.0535,38.52459016393443,38.52459016393443,INSUFFICIENT_EPISODES,0.0
LOW_VOL,change_pct,intelligence_score,HIGH,HIGH,1,71,DOWN,100.0,0,1,-3.0167491435097062,-3.0167491435097062,0.9249338028169014,0.1018,42.25352112676056,42.25352112676056,INSUFFICIENT_EPISODES,0.0
LOW_VOL,intelligence_score,volatility_score,HIGH,HIGH,1,71,DOWN,100.0,0,1,-0.199847735059,-0.199847735059,0.31039154929577456,-0.0417,45.07042253521127,45.07042253521127,INSUFFICIENT_EPISODES,0.0
LOW_VOL,trend_score,liquidity_score,HIGH,LOW,1,69,UP,100.0,0,0,-3.4077555816686256,-3.4077555816686256,-0.10589420289855075,-0.0062,36.231884057971016,36.231884057971016,INSUFFICIENT_EPISODES,0.0
TREND_UP,intelligence_score,trend_score,HIGH,HIGH,8,1191,DOWN,62.5,8,3,12.429369118219219,9.619364959783752,-0.41401797272021335,-0.33915,45.04504504504504,69.89247311827957,NOT_REPEATABLE,0.5555555555555556
TREND_UP,change_pct,relative_strength,HIGH,HIGH,9,1077,DOWN,55.55555555555556,9,5,13.061489254264094,5.698302469135802,0.5356114651514684,-0.18265,42.64705882352941,95.23809523809523,NOT_REPEATABLE,0.5555555555555556
TREND_UP,intelligence_score,liquidity_score,HIGH,HIGH,8,1043,DOWN,62.5,8,3,12.531509211690459,6.993122269146868,-0.39364932418216225,-0.2469,45.05494505494506,73.52941176470588,NOT_REPEATABLE,0.5555555555555556
TREND_UP,intelligence_score,momentum_score,HIGH,HIGH,8,1020,DOWN,62.5,8,3,10.730567087081432,7.03496783166676,-0.3267440604251744,-0.10575000000000001,45.36082474226804,70.06802721088435,NOT_REPEATABLE,0.5555555555555556
TREND_UP,momentum_score,liquidity_score,HIGH,HIGH,9,959,DOWN,55.55555555555556,9,6,13.117310509023792,5.079365079365078,0.4422516678614862,0.2249,42.857142857142854,90.0,NOT_REPEATABLE,0.5555555555555556
TREND_UP,change_pct,volatility_score,HIGH,LOW,8,944,DOWN,62.5,8,4,14.546331385045274,7.0207689767239785,0.42935178369531907,-0.28795,44.26229508196721,92.3076923076923,NOT_REPEATABLE,0.5555555555555556
TREND_UP,trend_score,liquidity_score,HIGH,HIGH,8,937,DOWN,62.5,8,3,13.32626356778748,9.454869487467956,-0.36874850615722843,-0.507225,45.55555555555556,73.52941176470588,NOT_REPEATABLE,0.5555555555555556
TREND_DOWN,volatility_score,liquidity_score,LOW,LOW,8,818,DOWN,62.5,8,4,23.50774685700025,25.44772442041635,0.20894016713772845,-0.550575,47.88732394366197,82.95454545454545,NOT_REPEATABLE,0.5555555555555556
TREND_DOWN,momentum_score,liquidity_score,HIGH,HIGH,8,769,DOWN,62.5,8,5,13.380896172025343,16.868460397048743,0.2353698797077698,-0.14654999999999999,33.33333333333333,60.95890410958904,NOT_REPEATABLE,0.5555555555555556
TREND_DOWN,trend_score,momentum_score,HIGH,HIGH,8,711,DOWN,62.5,8,5,14.585644169565349,14.605623062439719,0.08055094386541534,-0.24125000000000002,38.46153846153847,63.55140186915887,NOT_REPEATABLE,0.5555555555555556
TREND_UP,relative_strength,momentum_score,LOW,LOW,9,709,UP,55.55555555555556,9,5,10.506274416390745,7.388305795441824,0.48974822615787567,0.264,43.20987654320987,85.0,NOT_REPEATABLE,0.5555555555555556
TREND_DOWN,intelligence_score,momentum_score,HIGH,HIGH,8,684,DOWN,62.5,8,4,15.12016907316126,15.04660824850024,0.06507053005021685,-0.32842499999999997,45.45454545454545,63.366336633663366,NOT_REPEATABLE,0.5555555555555556
TREND_UP,relative_strength,trend_score,LOW,HIGH,8,684,DOWN,62.5,8,3,10.476522402348095,8.138895722198335,-0.3500124208341622,-0.2385,42.47787610619469,64.86486486486487,NOT_REPEATABLE,0.5555555555555556
TREND_UP,intelligence_score,volatility_score,LOW,LOW,9,679,UP,55.55555555555556,9,5,15.514240527285162,13.619193236497734,0.7528383082341981,0.4951,42.281879194630875,92.3076923076923,NOT_REPEATABLE,0.5555555555555556
TREND_DOWN,change_pct,trend_score,HIGH,HIGH,8,674,DOWN,62.5,8,5,14.075410415513677,12.589198100405607,0.1268302073891141,0.12985,38.88888888888889,65.13761467889908,NOT_REPEATABLE,0.5555555555555556
TREND_UP,intelligence_score,relative_strength,HIGH,LOW,8,583,DOWN,62.5,8,3,14.093160797037667,8.261918247899555,-0.6379568065221339,-0.16720000000000002,44.0,87.5,NOT_REPEATABLE,0.5555555555555556
TREND_UP,trend_score,liquidity_score,HIGH,LOW,8,582,DOWN,62.5,8,3,9.303276677081946,7.741314725226492,-0.4088725449443475,-0.280225,43.75,60.46511627906976,NOT_REPEATABLE,0.5555555555555556
TREND_UP,trend_score,liquidity_score,LOW,HIGH,9,577,DOWN,55.55555555555556,9,6,15.598438838595639,8.37606837606838,0.8399980010640282,0.03275,46.15384615384615,92.3076923076923,NOT_REPEATABLE,0.5555555555555556
TREND_UP,trend_score,volatility_score,LOW,LOW,9,571,UP,55.55555555555556,9,6,18.544183200263817,19.35319377348363,1.1918465532945133,0.4951,44.89795918367347,90.47619047619048,NOT_REPEATABLE,0.5555555555555556
TREND_DOWN,intelligence_score,momentum_score,LOW,HIGH,8,514,UP,62.5,8,5,20.460616527959786,19.700318409615573,0.5112923502964817,0.3323,42.10526315789473,83.60655737704919,NOT_REPEATABLE,0.5555555555555556
TREND_DOWN,intelligence_score,trend_score,LOW,HIGH,8,352,UP,62.5,8,5,17.770401822195538,22.815006101410077,-0.03751642592130433,0.1311,44.44444444444444,70.27027027027027,NOT_REPEATABLE,0.5555555555555556
TREND_UP,intelligence_score,momentum_score,HIGH,LOW,8,307,DOWN,62.5,8,4,16.098470705009255,14.213299653939865,-0.5753881144718644,-0.38770000000000004,44.0,90.0,NOT_REPEATABLE,0.5555555555555556
TREND_UP,relative_strength,momentum_score,HIGH,HIGH,9,1081,DOWN,55.55555555555556,8,5,12.616811712471339,3.765321109376746,0.3673883422223217,-0.1919,43.037974683544306,95.0,NOT_REPEATABLE,0.49382716049382713
TREND_UP,intelligence_score,trend_score,LOW,LOW,9,731,UP,55.55555555555556,8,7,12.959000373750138,5.221608609459078,1.2319154192142856,0.43989999999999996,39.21568627450981,92.5,NOT_REPEATABLE,0.49382716049382713
TREND_UP,intelligence_score,liquidity_score,LOW,HIGH,9,468,DOWN,55.55555555555556,8,6,15.143108926257135,11.08968662497275,0.9605424974337535,0.23650000000000002,42.10526315789473,95.65217391304348,NOT_REPEATABLE,0.49382716049382713
TREND_DOWN,change_pct,momentum_score,LOW,LOW,8,1978,UP,62.5,7,5,14.341032210201135,14.487792207104327,0.408410858970784,0.27225,43.75,68.15286624203821,NOT_REPEATABLE,0.48611111111111116
TREND_DOWN,intelligence_score,trend_score,LOW,LOW,8,1954,UP,62.5,7,5,17.72458584755948,18.5950276528231,0.5623714836184439,0.19979999999999998,41.75257731958763,80.80000000000001,NOT_REPEATABLE,0.48611111111111116
TREND_DOWN,intelligence_score,momentum_score,LOW,LOW,8,1792,UP,62.5,7,5,16.913547845642086,17.063738468507083,0.40047828774928945,0.26225,42.28855721393035,75.0,NOT_REPEATABLE,0.48611111111111116
TREND_DOWN,trend_score,momentum_score,LOW,LOW,8,1673,UP,62.5,7,5,16.12637089358145,17.410810083503364,0.522214065328129,0.223575,41.62162162162162,75.28089887640449,NOT_REPEATABLE,0.48611111111111116
TREND_DOWN,momentum_score,volatility_score,LOW,LOW,8,1637,UP,62.5,7,5,11.386370761122926,13.61408372378593,0.31337622327954484,-0.013625000000000005,41.66666666666667,70.52631578947368,NOT_REPEATABLE,0.48611111111111116
TREND_DOWN,relative_strength,momentum_score,LOW,LOW,8,1600,UP,62.5,7,5,15.539049805830121,16.291855228493798,0.4297409555947444,0.28065,43.21608040201005,70.66666666666667,NOT_REPEATABLE,0.48611111111111116
TREND_DOWN,change_pct,intelligence_score,LOW,LOW,8,1536,UP,62.5,7,5,18.046602416190392,17.408536242384994,0.53011219936675,0.30102500000000004,42.19653179190752,77.92207792207793,NOT_REPEATABLE,0.48611111111111116
TREND_DOWN,change_pct,relative_strength,LOW,LOW,8,1529,UP,62.5,7,5,15.532180803401863,15.546830885900507,0.4824930326014669,0.283525,43.81443298969072,70.74829931972789,NOT_REPEATABLE,0.48611111111111116
TREND_DOWN,change_pct,trend_score,LOW,LOW,8,1395,UP,62.5,7,5,17.32535218368364,17.730270556280477,0.7021226414372865,0.306675,42.95302013422819,79.41176470588235,NOT_REPEATABLE,0.48611111111111116
TREND_DOWN,trend_score,liquidity_score,LOW,HIGH,8,1348,UP,62.5,7,5,14.271706235740883,17.58463375857094,0.537444900711566,0.13679999999999998,41.66666666666667,68.36734693877551,NOT_REPEATABLE,0.48611111111111116
TREND_DOWN,intelligence_score,relative_strength,LOW,LOW,8,1327,UP,62.5,7,5,18.600188746892208,17.62906227401163,0.6153561929468434,0.41517499999999996,43.125,81.11111111111111,NOT_REPEATABLE,0.48611111111111116
TREND_DOWN,change_pct,liquidity_score,LOW,HIGH,8,1305,UP,62.5,7,6,11.21363266756737,12.022356684940336,0.4319496221546167,0.1753,42.857142857142854,66.97247706422019,NOT_REPEATABLE,0.48611111111111116
TREND_DOWN,relative_strength,volatility_score,LOW,LOW,8,1276,UP,62.5,7,4,12.72502025339189,11.92928363969489,0.38981624889672584,0.011825000000000002,42.1875,74.71264367816092,NOT_REPEATABLE,0.48611111111111116
TREND_DOWN,relative_strength,volatility_score,HIGH,LOW,8,1241,DOWN,62.5,7,5,11.799839466709399,14.926135882952536,0.24231490903402975,-0.14504999999999998,41.509433962264154,69.47368421052632,NOT_REPEATABLE,0.48611111111111116
TREND_DOWN,relative_strength,trend_score,LOW,LOW,8,1207,UP,62.5,7,5,17.144244615995888,19.057600222526425,0.7660166255529193,0.2771,41.66666666666667,80.0,NOT_REPEATABLE,0.48611111111111116
TREND_DOWN,intelligence_score,liquidity_score,LOW,HIGH,8,1197,UP,62.5,7,5,15.369623487610092,18.19778453075158,0.5602180331100848,0.338325,45.33333333333333,70.37037037037037,NOT_REPEATABLE,0.48611111111111116
TREND_UP,trend_score,momentum_score,HIGH,HIGH,8,1167,DOWN,62.5,7,2,11.266061975879083,9.18944328517292,-0.5160629099397622,-0.30355,44.761904761904766,69.87179487179486,NOT_REPEATABLE,0.48611111111111116
TREND_DOWN,relative_strength,liquidity_score,LOW,HIGH,8,1094,UP,62.5,7,6,11.911327485646915,12.453111313471275,0.5221500432718437,0.192625,42.384105960264904,70.9090909090909,NOT_REPEATABLE,0.48611111111111116
TREND_DOWN,change_pct,volatility_score,HIGH,LOW,8,1027,DOWN,62.5,7,5,13.370996778403315,13.049715466386136,0.22667971577103463,-0.16595,42.857142857142854,72.04301075268818,NOT_REPEATABLE,0.48611111111111116
TREND_DOWN,intelligence_score,liquidity_score,HIGH,HIGH,8,1025,UP,62.5,7,5,7.701063546604242,10.37462913223822,0.23205323531087005,0.319975,37.2093023255814,63.86554621848739,NOT_REPEATABLE,0.48611111111111116
TREND_UP,change_pct,trend_score,HIGH,HIGH,8,946,DOWN,62.5,7,3,11.423172796302099,8.408922891003321,-0.3728209897763918,-0.3183,39.726027397260275,67.1875,NOT_REPEATABLE,0.48611111111111116
TREND_UP,change_pct,relative_strength,LOW,LOW,8,852,UP,62.5,7,5,6.475914318797185,4.741709338966079,0.10883616170866636,0.11215,41.25874125874126,56.95364238410596,NOT_REPEATABLE,0.48611111111111116
TREND_DOWN,relative_strength,trend_score,LOW,HIGH,8,559,DOWN,62.5,7,4,11.861772497681688,12.839466813228011,-0.14643442342473995,-0.142925,46.06741573033708,75.0,NOT_REPEATABLE,0.48611111111111116
TREND_DOWN,change_pct,intelligence_score,LOW,HIGH,8,553,UP,62.5,7,5,6.599244610333761,9.061057632049401,0.25738157817397467,0.15195,39.62264150943396,67.27272727272727,NOT_REPEATABLE,0.48611111111111116
TREND_UP,momentum_score,liquidity_score,LOW,HIGH,8,549,DOWN,62.5,7,4,11.315715649558587,8.291506661741344,-0.24732436444500522,-0.28932500000000005,44.44444444444444,73.68421052631578,NOT_REPEATABLE,0.48611111111111116
TREND_UP,change_pct,liquidity_score,HIGH,LOW,8,524,DOWN,62.5,7,5,8.833878253116493,6.90092325302038,-0.045521612019625596,-0.199125,41.17647058823529,62.66666666666667,NOT_REPEATABLE,0.48611111111111116
TREND_DOWN,trend_score,liquidity_score,HIGH,LOW,8,494,UP,62.5,7,4,19.05670392858761,21.86092643533801,-0.04183570224930866,0.24730000000000002,46.2962962962963,73.07692307692307,NOT_REPEATABLE,0.48611111111111116
TREND_UP,relative_strength,liquidity_score,HIGH,LOW,8,461,DOWN,62.5,7,4,7.430720743888163,3.2549109802298943,-0.22555749707911524,-0.24295,41.66666666666667,60.3448275862069,NOT_REPEATABLE,0.48611111111111116
TREND_DOWN,intelligence_score,relative_strength,HIGH,LOW,8,439,UP,62.5,7,3,6.991412294379775,6.343281348427388,0.14564067875132747,0.30655,34.883720930232556,69.64285714285714,NOT_REPEATABLE,0.48611111111111116
TREND_UP,intelligence_score,relative_strength,LOW,HIGH,8,433,DOWN,62.5,7,4,7.115420104525464,4.209185282543412,-0.00989354116072716,-0.263725,36.734693877551024,55.55555555555556,NOT_REPEATABLE,0.48611111111111116
TREND_UP,change_pct,trend_score,LOW,LOW,8,400,UP,62.5,7,6,10.034882418307262,8.932051480271452,0.6801649880236182,0.5796749999999999,38.70967741935484,72.41379310344827,NOT_REPEATABLE,0.48611111111111116
CHOPPY,trend_score,momentum_score,LOW,LOW,6,336,DOWN,83.33333333333334,5,1,10.672562097832293,8.262969119815718,-0.37805377637958165,-0.4851,36.36363636363637,78.125,NOT_REPEATABLE,0.462962962962963
CHOPPY,intelligence_score,momentum_score,HIGH,HIGH,5,319,DOWN,80.0,5,1,12.017826400854734,13.913574591540689,-0.5478019688379334,-0.5599,46.93877551020408,62.16216216216216,NOT_REPEATABLE,0.4444444444444445
CHOPPY,change_pct,intelligence_score,HIGH,HIGH,5,315,DOWN,80.0,5,1,11.596797753529987,10.084745762711867,-0.5701317643780437,-0.69905,44.44444444444444,62.0253164556962,NOT_REPEATABLE,0.4444444444444445
CHOPPY,volatility_score,liquidity_score,LOW,LOW,5,219,DOWN,80.0,5,1,19.261870162727348,15.05657518512183,-1.300424152935979,-0.7727,51.11111111111111,83.87096774193549,NOT_REPEATABLE,0.4444444444444445
TREND_DOWN,intelligence_score,volatility_score,LOW,LOW,8,1641,DOWN,50.0,8,4,18.583026167569898,18.30705364474909,0.3955872727165698,0.008874999999999994,42.30769230769231,78.70967741935485,NOT_REPEATABLE,0.4444444444444444
TREND_DOWN,trend_score,volatility_score,LOW,LOW,8,1554,DOWN,50.0,8,5,17.69631074021693,16.812305895164098,0.5622356545417754,0.14550000000000002,42.1875,77.30496453900709,NOT_REPEATABLE,0.4444444444444444
TREND_DOWN,change_pct,volatility_score,LOW,LOW,8,1490,DOWN,50.0,8,4,14.672626528099732,12.534192980412374,0.3515331748290983,-0.02500000000000001,41.333333333333336,71.91011235955057,NOT_REPEATABLE,0.4444444444444444
TREND_DOWN,intelligence_score,liquidity_score,LOW,LOW,8,1109,UP,50.0,8,5,20.946669023981304,21.494997188927762,0.33399170039693393,0.09945000000000001,48.31460674157304,86.25,NOT_REPEATABLE,0.4444444444444444
TREND_DOWN,trend_score,liquidity_score,LOW,LOW,8,812,UP,50.0,8,4,21.262199419388487,20.81091834355118,0.5680519675957535,0.16225,48.717948717948715,95.83333333333334,NOT_REPEATABLE,0.4444444444444444
TREND_UP,change_pct,momentum_score,LOW,LOW,8,676,UP,50.0,8,4,7.813421466016752,8.06566542769633,0.09452466150600533,-0.023575000000000002,42.10526315789473,56.666666666666664,NOT_REPEATABLE,0.4444444444444444
TREND_UP,change_pct,liquidity_score,LOW,HIGH,8,639,UP,50.0,8,4,9.970471158942974,4.476622359052163,-0.24791767809053433,-0.0401,45.714285714285715,69.38775510204081,NOT_REPEATABLE,0.4444444444444444
TREND_UP,change_pct,trend_score,LOW,HIGH,8,573,UP,50.0,8,2,11.721375551115766,11.091910590687137,-0.446698537935719,-0.2034,44.89795918367347,64.44444444444444,NOT_REPEATABLE,0.4444444444444444
CHOPPY,volatility_score,liquidity_score,LOW,HIGH,8,554,UP,50.0,8,4,10.19283062375563,7.86123366768528,-0.09386021989495316,-0.10699999999999998,46.601941747572816,71.9298245614035,NOT_REPEATABLE,0.4444444444444444
CHOPPY,relative_strength,momentum_score,HIGH,HIGH,7,504,DOWN,57.14285714285714,7,2,12.085127035392174,14.350064350064345,-0.2162208133657771,-0.4333,47.05882352941176,72.0,NOT_REPEATABLE,0.4444444444444444
TREND_UP,change_pct,intelligence_score,LOW,HIGH,8,474,UP,50.0,8,3,12.995702815945243,7.645995746038118,-0.5870931530045532,-0.048775,46.25,81.25,NOT_REPEATABLE,0.4444444444444444
CHOPPY,change_pct,volatility_score,HIGH,LOW,7,425,DOWN,57.14285714285714,7,4,13.608750094962753,15.732449413743637,-0.1825089489418359,0.1281,45.28301886792453,75.75757575757575,NOT_REPEATABLE,0.4444444444444444
TREND_UP,relative_strength,volatility_score,LOW,HIGH,7,418,DOWN,57.14285714285714,7,3,8.98457072791861,6.601307189542482,-0.06941335050947608,-0.0186,38.775510204081634,62.16216216216216,NOT_REPEATABLE,0.4444444444444444
CHOPPY,momentum_score,volatility_score,HIGH,LOW,7,397,DOWN,57.14285714285714,7,3,14.590867354715305,13.48104228428772,-0.20716967670217604,-0.1286,47.368421052631575,74.13793103448276,NOT_REPEATABLE,0.4444444444444444
CHOPPY,momentum_score,liquidity_score,LOW,HIGH,7,377,DOWN,57.14285714285714,7,3,12.505316740189494,10.748510748510748,-0.48929401935101924,-0.8791,44.047619047619044,71.42857142857143,NOT_REPEATABLE,0.4444444444444444
TREND_UP,trend_score,momentum_score,HIGH,LOW,8,352,UP,50.0,8,4,13.23590962425071,11.583858068383238,-0.28037087596787347,-0.0204,46.2962962962963,79.16666666666666,NOT_REPEATABLE,0.4444444444444444
TREND_DOWN,change_pct,momentum_score,HIGH,LOW,7,336,DOWN,57.14285714285714,7,4,17.18852346850339,18.00320540339429,-0.00981144453870299,0.0829,41.02564102564102,74.02597402597402,NOT_REPEATABLE,0.4444444444444444
TREND_UP,intelligence_score,trend_score,LOW,HIGH,7,311,DOWN,57.14285714285714,7,2,10.70565824290326,7.529291900152829,-0.39035201562281346,-0.1525,43.39622641509434,64.58333333333334,NOT_REPEATABLE,0.4444444444444444
CHOPPY,relative_strength,trend_score,HIGH,LOW,7,255,UP,57.14285714285714,7,5,12.653220753673603,8.61704740849914,0.19601719235099363,0.33635,42.857142857142854,73.91304347826086,NOT_REPEATABLE,0.4444444444444444
TREND_UP,change_pct,momentum_score,HIGH,HIGH,9,1272,DOWN,55.55555555555556,7,5,12.465338323662191,5.221599592460518,0.496953753601453,-0.013499999999999998,40.625,92.85714285714286,NOT_REPEATABLE,0.4320987654320988
TREND_UP,intelligence_score,momentum_score,LOW,HIGH,9,541,UP,55.55555555555556,7,5,13.319281554132893,9.360093782844208,0.8600269232012976,0.33655,38.46153846153847,100.0,NOT_REPEATABLE,0.4320987654320988
TREND_DOWN,relative_strength,trend_score,HIGH,HIGH,8,809,UP,62.5,6,5,8.755877531690397,12.662451403033867,0.1764208815781568,0.26435,41.7910447761194,65.38461538461539,NOT_REPEATABLE,0.4166666666666667
TREND_DOWN,change_pct,relative_strength,LOW,HIGH,8,560,DOWN,62.5,6,5,9.069529071595563,9.804531381423509,-0.06035702390865527,-0.259075,44.0,60.810810810810814,NOT_REPEATABLE,0.4166666666666667
TREND_UP,relative_strength,trend_score,HIGH,LOW,8,342,UP,62.5,6,5,8.920229332257549,7.653441968109112,0.5646117037334389,0.12345,39.130434782608695,76.0,NOT_REPEATABLE,0.4166666666666667
TREND_DOWN,change_pct,relative_strength,HIGH,HIGH,8,1202,UP,50.0,7,4,14.97193390025729,18.710462039313533,0.12296969939475255,-0.137675,40.95238095238095,73.70892018779342,NOT_REPEATABLE,0.38888888888888884
TREND_DOWN,relative_strength,liquidity_score,HIGH,HIGH,8,1128,UP,50.0,7,5,9.762699544811769,14.107937933554712,0.19028390284052277,0.0639,37.34939759036144,59.479553903345725,NOT_REPEATABLE,0.38888888888888884
TREND_DOWN,change_pct,momentum_score,HIGH,HIGH,8,1087,UP,50.0,7,5,14.258731000126806,18.370245006921692,0.23830073606409824,-0.080625,39.705882352941174,70.98214285714286,NOT_REPEATABLE,0.38888888888888884
TREND_UP,momentum_score,volatility_score,HIGH,LOW,8,1073,DOWN,50.0,7,5,13.397071505510723,5.039701303183353,0.5040125134038185,-0.047275000000000005,42.5,92.85714285714286,NOT_REPEATABLE,0.38888888888888884
TREND_DOWN,relative_strength,momentum_score,HIGH,HIGH,8,1032,UP,50.0,7,5,15.531455668470551,18.966232280846732,0.15301108632856908,-0.0592,41.0958904109589,72.63157894736842,NOT_REPEATABLE,0.38888888888888884
TREND_DOWN,intelligence_score,trend_score,HIGH,HIGH,8,1016,DOWN,50.0,7,4,10.390744112267829,8.919650411199118,0.09405842100524509,0.21565,37.34939759036144,68.70229007633588,NOT_REPEATABLE,0.38888888888888884
TREND_DOWN,intelligence_score,relative_strength,LOW,HIGH,8,979,UP,50.0,7,5,16.40280577908802,18.893275573251973,0.17729214395514103,0.022049999999999986,46.835443037974684,74.64788732394366,NOT_REPEATABLE,0.38888888888888884
TREND_DOWN,relative_strength,trend_score,HIGH,LOW,8,953,UP,50.0,7,4,15.845853726030477,18.722543337418948,0.19399997401513835,-0.070275,44.5945945945946,73.77049180327869,NOT_REPEATABLE,0.38888888888888884
TREND_DOWN,change_pct,liquidity_score,HIGH,HIGH,8,917,UP,50.0,7,5,10.323922068136724,14.839119002961617,0.2207713079492128,0.018225000000000005,35.9375,62.03208556149733,NOT_REPEATABLE,0.38888888888888884
TREND_DOWN,momentum_score,volatility_score,HIGH,LOW,8,880,UP,50.0,7,5,14.733926508909411,14.67925673427073,0.2642812708518125,-0.128975,42.42424242424242,73.5632183908046,NOT_REPEATABLE,0.38888888888888884
TREND_DOWN,intelligence_score,volatility_score,HIGH,LOW,8,876,UP,50.0,7,4,8.471427765801296,7.935502361993409,0.2709271872291241,-0.09785,41.02564102564102,75.55555555555556,NOT_REPEATABLE,0.38888888888888884
TREND_DOWN,trend_score,liquidity_score,HIGH,HIGH,8,874,UP,50.0,7,4,7.531525930042468,10.451415120597378,0.14910505557885084,0.0047750000000000015,42.465753424657535,67.36842105263158,NOT_REPEATABLE,0.38888888888888884
TREND_DOWN,intelligence_score,relative_strength,HIGH,HIGH,8,783,DOWN,50.0,7,4,11.603391155963454,12.702548966342913,0.17587702774337458,0.145875,43.859649122807014,64.70588235294117,NOT_REPEATABLE,0.38888888888888884
TREND_UP,relative_strength,liquidity_score,LOW,HIGH,8,772,UP,50.0,7,5,9.271824162715916,4.650646629248323,-0.21000768450630714,0.084925,41.05263157894737,70.45454545454545,NOT_REPEATABLE,0.38888888888888884
TREND_DOWN,change_pct,trend_score,HIGH,LOW,8,765,UP,50.0,7,4,16.363419307718942,16.43376960815189,0.22628531704042149,-0.0572,41.509433962264154,75.93360995850622,NOT_REPEATABLE,0.38888888888888884
TREND_DOWN,relative_strength,momentum_score,HIGH,LOW,8,730,UP,50.0,7,4,9.820090332097559,12.886444330316676,-0.05209569361658095,-0.10314999999999999,44.44444444444444,57.56302521008403,NOT_REPEATABLE,0.38888888888888884
TREND_DOWN,change_pct,intelligence_score,HIGH,HIGH,8,669,DOWN,50.0,7,4,12.85269745386186,14.745607950647706,0.11493819749815715,-0.01235,45.91836734693878,66.01941747572816,NOT_REPEATABLE,0.38888888888888884
TREND_UP,momentum_score,liquidity_score,HIGH,LOW,8,602,UP,50.0,7,3,7.727840351457846,5.865729752301155,-0.18998526685521058,-0.232575,39.53488372093023,65.06024096385542,NOT_REPEATABLE,0.38888888888888884
CHOPPY,relative_strength,volatility_score,HIGH,LOW,8,430,UP,50.0,7,4,11.400697185740317,9.817295236617074,-0.049864584284897456,0.1082,45.56962025316456,73.46938775510205,NOT_REPEATABLE,0.38888888888888884
CHOPPY,change_pct,relative_strength,HIGH,HIGH,7,527,DOWN,57.14285714285714,6,2,11.169253861732384,10.540540540540539,-0.2505829652427775,-0.027,44.927536231884055,73.58490566037736,NOT_REPEATABLE,0.38095238095238093
TREND_UP,volatility_score,liquidity_score,LOW,LOW,7,466,DOWN,57.14285714285714,6,5,7.805122415128355,5.058199115924072,0.011090127872233969,0.1274,36.17021276595745,66.66666666666666,NOT_REPEATABLE,0.38095238095238093
CHOPPY,change_pct,intelligence_score,HIGH,LOW,7,319,UP,57.14285714285714,6,3,14.943102602929669,14.153561517113783,0.1339447672870032,0.3503,43.07692307692308,80.0,NOT_REPEATABLE,0.38095238095238093
CHOPPY,intelligence_score,relative_strength,LOW,HIGH,7,282,UP,57.14285714285714,6,3,12.797641202516905,10.7909604519774,0.14034852781764515,0.3503,42.42424242424242,77.5,NOT_REPEATABLE,0.38095238095238093
TREND_UP,change_pct,momentum_score,LOW,HIGH,7,279,DOWN,57.14285714285714,6,3,10.790889003226193,9.809459028955681,-0.3536815367966616,-0.0684,43.103448275862064,70.73170731707317,NOT_REPEATABLE,0.38095238095238093
TREND_UP,intelligence_score,liquidity_score,HIGH,LOW,7,275,DOWN,57.14285714285714,6,2,10.097962050134726,9.422891671775119,-0.31771429695466197,-0.13845000000000002,41.935483870967744,61.111111111111114,NOT_REPEATABLE,0.38095238095238093
TREND_UP,change_pct,liquidity_score,HIGH,HIGH,9,875,DOWN,55.55555555555556,6,6,12.639353887336702,7.076978939724038,0.5390296341843225,0.14225,41.42857142857143,92.3076923076923,NOT_REPEATABLE,0.37037037037037035
TREND_UP,change_pct,intelligence_score,HIGH,LOW,9,551,UP,55.55555555555556,6,6,13.405696204767771,9.00755822705488,0.8936519913016063,0.1557,41.66666666666667,96.7741935483871,NOT_REPEATABLE,0.37037037037037035
CHOPPY,intelligence_score,liquidity_score,LOW,HIGH,6,299,DOWN,83.33333333333334,4,1,8.359819796568507,3.176641731892249,-0.6436212570684198,-0.434825,45.714285714285715,75.60975609756098,NOT_REPEATABLE,0.37037037037037035
CHOPPY,relative_strength,trend_score,LOW,LOW,6,303,DOWN,66.66666666666666,5,1,13.78670822105878,12.369708349260014,-0.48690806850934204,-0.49655,39.682539682539684,78.57142857142857,NOT_REPEATABLE,0.3703703703703703
TREND_DOWN,trend_score,volatility_score,HIGH,LOW,8,963,UP,50.0,6,3,8.824184712271567,9.320954141134935,0.052760010442098104,-0.17685,41.509433962264154,77.6595744680851,NOT_REPEATABLE,0.3333333333333333
TREND_DOWN,momentum_score,liquidity_score,LOW,LOW,8,877,UP,50.0,6,4,18.02947157435642,18.95473936198849,0.31143668124386104,0.15017499999999998,44.871794871794876,78.84615384615384,NOT_REPEATABLE,0.3333333333333333
TREND_DOWN,change_pct,liquidity_score,LOW,LOW,8,784,UP,50.0,6,4,18.766344320377556,17.483288500293725,0.4362086533444155,0.1677,45.94594594594595,80.48780487804879,NOT_REPEATABLE,0.3333333333333333
TREND_DOWN,change_pct,intelligence_score,HIGH,LOW,8,770,UP,50.0,6,5,17.223146155009683,17.577713259144037,0.24704722889306935,0.10744999999999999,42.42424242424242,78.57142857142857,NOT_REPEATABLE,0.3333333333333333
TREND_DOWN,change_pct,trend_score,LOW,HIGH,8,694,UP,50.0,6,4,8.798657961818945,7.70054115858507,-0.013283931254034376,-0.028625,42.241379310344826,76.27118644067797,NOT_REPEATABLE,0.3333333333333333
TREND_DOWN,relative_strength,liquidity_score,LOW,LOW,8,672,UP,50.0,6,4,19.054486386519873,24.04222132447045,0.4384473779911827,0.22790000000000002,45.76271186440678,81.63265306122449,NOT_REPEATABLE,0.3333333333333333
TREND_DOWN,trend_score,momentum_score,HIGH,LOW,8,657,UP,50.0,6,4,10.051050187681767,8.671096229151052,0.03740631669173761,0.14200000000000002,46.835443037974684,78.68852459016394,NOT_REPEATABLE,0.3333333333333333
TREND_DOWN,relative_strength,liquidity_score,HIGH,LOW,8,634,UP,50.0,6,5,19.921782283256967,23.466432222399675,0.15835928952550438,0.23867500000000003,43.47826086956522,82.6086956521739,NOT_REPEATABLE,0.3333333333333333
TREND_DOWN,intelligence_score,momentum_score,HIGH,LOW,8,538,UP,50.0,6,5,7.1435524022765176,8.561857369952028,0.3014592473033915,0.03405,39.285714285714285,71.9298245614035,NOT_REPEATABLE,0.3333333333333333
TREND_DOWN,change_pct,liquidity_score,HIGH,LOW,8,522,UP,50.0,6,5,20.94898116813676,22.080746700778498,0.09774780978464581,-0.03165000000000001,43.24324324324324,87.71929824561403,NOT_REPEATABLE,0.3333333333333333
TREND_DOWN,trend_score,momentum_score,LOW,HIGH,8,487,UP,50.0,6,4,17.937719287322704,19.30267579076992,0.5027590453050397,0.11560000000000001,44.44444444444444,80.7017543859649,NOT_REPEATABLE,0.3333333333333333
TREND_DOWN,momentum_score,liquidity_score,HIGH,LOW,8,429,UP,50.0,6,5,22.243396082814943,22.09248252761713,0.21933531115307403,0.09409999999999999,45.45454545454545,87.5,NOT_REPEATABLE,0.3333333333333333
CHOPPY,trend_score,momentum_score,HIGH,HIGH,5,372,DOWN,60.0,5,1,10.585558877236025,15.190443993689435,-0.40957461445963406,-0.11929999999999999,43.66197183098591,64.1025641025641,NOT_REPEATABLE,0.3333333333333333
CHOPPY,change_pct,trend_score,HIGH,HIGH,5,365,DOWN,60.0,5,1,10.39252573461059,10.084745762711867,-0.39558835920111646,-0.3157,46.666666666666664,59.183673469387756,NOT_REPEATABLE,0.3333333333333333
CHOPPY,change_pct,liquidity_score,LOW,HIGH,5,324,DOWN,60.0,5,2,10.113944561756941,10.91581868640148,-0.1453726381749652,-1.0399,48.93617021276596,58.333333333333336,NOT_REPEATABLE,0.3333333333333333
TREND_DOWN,intelligence_score,volatility_score,HIGH,HIGH,5,302,DOWN,60.0,5,3,13.173232360137268,12.399827087420606,0.3348845587550312,-0.1947,42.62295081967213,59.45945945945946,NOT_REPEATABLE,0.3333333333333333
CHOPPY,relative_strength,trend_score,LOW,HIGH,5,239,DOWN,60.0,5,2,9.448342774101164,11.15003995328539,0.12380699146278826,0.3215,42.42424242424242,58.536585365853654,NOT_REPEATABLE,0.3333333333333333
CHOPPY,trend_score,liquidity_score,HIGH,LOW,5,234,UP,60.0,5,2,13.720699890484962,5.987484999142806,-0.2545510738126346,0.20975,46.05263157894737,66.66666666666666,NOT_REPEATABLE,0.3333333333333333
CHOPPY,change_pct,trend_score,LOW,HIGH,5,233,DOWN,60.0,5,2,11.17083025179286,8.11504879301489,0.21325465292877058,-0.3404,47.05882352941176,58.46153846153847,NOT_REPEATABLE,0.3333333333333333
CHOPPY,momentum_score,liquidity_score,HIGH,LOW,6,230,UP,50.0,6,1,16.179197863860225,14.404986306609025,-0.6825033641263379,-0.23135000000000003,43.28358208955223,79.16666666666666,NOT_REPEATABLE,0.3333333333333333
TREND_DOWN,change_pct,relative_strength,HIGH,LOW,6,228,DOWN,50.0,6,4,17.488129353587215,17.280886547996072,0.21675084776334788,0.2894,42.857142857142854,67.04545454545455,NOT_REPEATABLE,0.3333333333333333
CHOPPY,trend_score,momentum_score,HIGH,LOW,5,219,DOWN,60.0,5,2,10.81208056208342,13.63488843813388,0.15251129714145512,-0.7953,51.92307692307693,56.36363636363636,NOT_REPEATABLE,0.3333333333333333
CHOPPY,volatility_score,liquidity_score,HIGH,HIGH,4,196,DOWN,75.0,4,1,7.529090138403643,7.357076578710064,-0.4342021271929825,-0.564025,42.5,56.666666666666664,NOT_REPEATABLE,0.3333333333333333
CHOPPY,intelligence_score,relative_strength,HIGH,LOW,5,185,DOWN,60.0,5,2,11.395789542556049,11.907615710861148,-0.23226797043191455,0.2807,47.82608695652174,63.63636363636363,NOT_REPEATABLE,0.3333333333333333
CHOPPY,relative_strength,liquidity_score,LOW,LOW,5,177,DOWN,60.0,5,3,11.28365835076647,7.751412429378535,0.43215827995338,-0.3062,45.45454545454545,65.625,NOT_REPEATABLE,0.3333333333333333
TREND_DOWN,intelligence_score,liquidity_score,HIGH,LOW,5,159,UP,60.0,5,3,21.034335794323948,20.82174853259191,0.38037368283934836,0.7583500000000001,50.0,74.35897435897436,NOT_REPEATABLE,0.3333333333333333
TREND_DOWN,momentum_score,volatility_score,LOW,HIGH,7,682,DOWN,57.14285714285714,5,4,19.367091323616354,22.162074872918247,-0.25461587672286246,-0.17105,44.11764705882353,80.0,NOT_REPEATABLE,0.31746031746031744
TREND_UP,momentum_score,volatility_score,LOW,HIGH,7,311,DOWN,57.14285714285714,5,4,9.347012838840644,5.301614273576888,-7.898416719828319e-05,0.28375,40.0,72.41379310344827,NOT_REPEATABLE,0.31746031746031744
TREND_UP,intelligence_score,volatility_score,HIGH,HIGH,6,390,DOWN,66.66666666666666,4,1,13.929832030361917,10.333384979676413,-0.7505038663478296,-0.675975,43.333333333333336,70.83333333333334,NOT_REPEATABLE,0.29629629629629617
TREND_DOWN,volatility_score,liquidity_score,LOW,HIGH,8,1699,UP,50.0,5,6,7.935748849406817,7.860086305559105,0.44107607697252105,0.112125,43.63636363636363,70.86614173228347,NOT_REPEATABLE,0.2777777777777778
TREND_DOWN,intelligence_score,volatility_score,LOW,HIGH,6,640,UP,50.0,5,3,17.90669367306812,22.508804306555533,0.12214333446385224,0.1726,45.16129032258064,71.42857142857143,NOT_REPEATABLE,0.2777777777777778
TREND_DOWN,trend_score,volatility_score,LOW,HIGH,6,586,UP,50.0,5,3,17.781852517570137,21.62859636354376,0.005367498596397217,0.040500000000000036,47.540983606557376,72.05882352941177,NOT_REPEATABLE,0.2777777777777778
TREND_DOWN,change_pct,volatility_score,LOW,HIGH,6,570,UP,50.0,5,4,16.546422705996665,21.894782939664072,0.19820952214335955,0.18715,44.26229508196721,71.875,NOT_REPEATABLE,0.2777777777777778
TREND_DOWN,relative_strength,volatility_score,HIGH,HIGH,6,492,UP,50.0,5,3,13.131726701874825,15.42250213596057,-0.047460221285929104,-0.16884999999999997,44.31818181818182,68.62745098039215,NOT_REPEATABLE,0.2777777777777778
TREND_DOWN,volatility_score,liquidity_score,HIGH,HIGH,6,489,UP,50.0,5,4,12.311164473539108,16.558205532922084,0.059197557698436896,-0.23129999999999998,37.89473684210527,68.0327868852459,NOT_REPEATABLE,0.2777777777777778
CHOPPY,intelligence_score,volatility_score,HIGH,LOW,6,353,UP,50.0,5,3,11.482928973548205,9.518318799547146,-0.08036018372487967,0.017100000000000004,46.875,66.66666666666666,NOT_REPEATABLE,0.2777777777777778
TREND_UP,change_pct,volatility_score,LOW,HIGH,6,326,UP,50.0,5,3,10.066678978297576,10.005686353463524,-0.19437022891374567,-0.283325,42.62295081967213,68.57142857142857,NOT_REPEATABLE,0.2777777777777778
CHOPPY,intelligence_score,liquidity_score,LOW,LOW,6,317,UP,50.0,5,3,12.681435431226257,6.122262916595922,-0.04213985379052537,-0.10435,42.10526315789473,78.94736842105263,NOT_REPEATABLE,0.2777777777777778
TREND_DOWN,momentum_score,volatility_score,HIGH,HIGH,6,296,UP,50.0,5,3,14.22828262515673,14.031915363073388,-0.12722727268178097,-0.2297,38.095238095238095,80.95238095238095,NOT_REPEATABLE,0.2777777777777778
TREND_UP,trend_score,volatility_score,LOW,HIGH,6,277,DOWN,50.0,5,4,9.58707299459355,10.473902228738062,0.24164475474642863,0.259075,39.473684210526315,60.97560975609756,NOT_REPEATABLE,0.2777777777777778
CHOPPY,intelligence_score,momentum_score,LOW,HIGH,6,250,UP,50.0,5,3,14.70931066427696,11.8086691259067,0.06495814838778619,0.08055000000000001,45.45454545454545,78.26086956521739,NOT_REPEATABLE,0.2777777777777778
CHOPPY,trend_score,liquidity_score,LOW,LOW,6,187,DOWN,50.0,5,4,13.454800743267228,10.445052280752078,0.1995353538311815,0.038425,41.02564102564102,78.94736842105263,NOT_REPEATABLE,0.2777777777777778
CHOPPY,momentum_score,liquidity_score,LOW,LOW,5,177,DOWN,60.0,4,4,9.843481860589979,7.253936057181493,0.5255499567099567,0.22105,45.83333333333333,66.66666666666666,NOT_REPEATABLE,0.26666666666666666
TREND_DOWN,intelligence_score,trend_score,HIGH,LOW,5,165,UP,60.0,4,3,14.337118926286843,15.177418281073157,0.681443433862434,1.233,44.44444444444444,66.66666666666666,NOT_REPEATABLE,0.26666666666666666
TREND_UP,change_pct,volatility_score,HIGH,HIGH,7,439,DOWN,57.14285714285714,4,3,6.944739563032878,4.425849613088201,-0.14521803344043288,-0.10305,40.0,61.29032258064516,NOT_REPEATABLE,0.25396825396825395
TREND_DOWN,relative_strength,volatility_score,LOW,HIGH,6,466,UP,50.0,4,4,17.413292986805107,24.099785273722453,0.1340380839488142,0.22197499999999998,40.0,76.19047619047619,NOT_REPEATABLE,0.2222222222222222
TREND_DOWN,trend_score,volatility_score,HIGH,HIGH,6,372,UP,50.0,4,4,11.25033804925556,14.898931090473909,0.13501866850076702,0.1258,45.0,72.0,NOT_REPEATABLE,0.2222222222222222
TREND_UP,volatility_score,liquidity_score,HIGH,LOW,6,359,UP,50.0,4,4,6.370958756699211,3.5295686869044465,0.13837546886102758,-0.022250000000000002,41.0958904109589,61.40350877192983,NOT_REPEATABLE,0.2222222222222222
CHOPPY,intelligence_score,momentum_score,HIGH,LOW,4,163,DOWN,50.0,4,2,10.787321902457052,11.564844213460457,0.16708057598039222,0.00912500000000005,50.0,54.166666666666664,NOT_REPEATABLE,0.2222222222222222
CHOPPY,change_pct,liquidity_score,LOW,LOW,4,144,DOWN,50.0,4,3,14.478144626531009,9.274666847532004,0.7135984788685591,0.06025,48.97959183673469,68.96551724137932,NOT_REPEATABLE,0.2222222222222222
CHOPPY,intelligence_score,trend_score,LOW,HIGH,4,133,UP,50.0,4,2,8.370963048682178,7.506104099953278,-0.019701542549124568,-0.25644999999999996,48.275862068965516,54.54545454545454,NOT_REPEATABLE,0.2222222222222222
CHOPPY,intelligence_score,volatility_score,HIGH,HIGH,3,144,DOWN,66.66666666666666,3,1,4.801005899542942,2.960269761893841,-0.2637242414950161,-0.3678,40.54054054054054,50.0,NOT_REPEATABLE,0.22222222222222215
TREND_UP,intelligence_score,trend_score,HIGH,LOW,3,99,UP,66.66666666666666,3,1,23.487901083863694,26.768661761163642,-0.36305559636291346,0.1279,47.61904761904761,78.37837837837837,NOT_REPEATABLE,0.22222222222222215
CHOPPY,relative_strength,momentum_score,LOW,HIGH,3,81,DOWN,66.66666666666666,3,1,13.065371032534593,10.53546214836537,-0.42605397989107674,-0.5466,50.0,59.09090909090909,NOT_REPEATABLE,0.22222222222222215
FLAT,change_pct,momentum_score,LOW,LOW,3,79,DOWN,66.66666666666666,3,1,17.08549870882366,8.267326732673263,-0.43384468599033815,-0.35819999999999996,35.0,63.888888888888886,NOT_REPEATABLE,0.22222222222222215
TREND_UP,change_pct,momentum_score,HIGH,LOW,3,73,DOWN,66.66666666666666,3,1,4.595023636239298,4.159733777038271,0.48971970306513407,0.0834,44.827586206896555,50.0,NOT_REPEATABLE,0.22222222222222215
CHOPPY,trend_score,volatility_score,HIGH,HIGH,4,194,UP,50.0,3,2,1.9091187728447019,3.158870290306173,-0.03975426696120146,0.10025,41.77215189873418,52.38095238095239,NOT_REPEATABLE,0.16666666666666666
CHOPPY,relative_strength,volatility_score,HIGH,HIGH,4,190,UP,50.0,3,2,6.489335549943624,4.89984789907052,-0.12470493563895789,-0.32147499999999996,41.02564102564102,56.25,NOT_REPEATABLE,0.16666666666666666
CHOPPY,momentum_score,volatility_score,LOW,HIGH,4,169,UP,50.0,3,2,3.6969553731943776,3.662748043476824,0.40545269385026755,0.08280000000000001,35.0,56.81818181818182,NOT_REPEATABLE,0.16666666666666666
CHOPPY,change_pct,volatility_score,LOW,HIGH,4,148,DOWN,50.0,3,2,5.104419484844972,2.8369856759687258,0.2765021501521078,-0.114725,38.983050847457626,53.84615384615385,NOT_REPEATABLE,0.16666666666666666
CHOPPY,intelligence_score,volatility_score,LOW,HIGH,4,203,UP,50.0,2,2,5.721588182039068,2.2364891856417293,0.5232185869187309,0.12675,38.666666666666664,64.1025641025641,NOT_REPEATABLE,0.1111111111111111
FLAT,change_pct,relative_strength,LOW,LOW,3,88,FLAT,33.33333333333333,3,1,20.524985378678966,18.29325789721829,-0.37431022514071294,-0.2837,38.095238095238095,65.85365853658537,NOT_REPEATABLE,0.11111111111111108
FLAT,intelligence_score,trend_score,LOW,LOW,3,78,FLAT,33.33333333333333,3,2,21.9792435305822,17.698019801980198,-0.36341013984674325,-0.0375,37.5,68.96551724137932,NOT_REPEATABLE,0.11111111111111108
FLAT,change_pct,intelligence_score,LOW,LOW,3,63,FLAT,33.33333333333333,3,0,23.67914358055721,20.198019801980198,-0.6697265217391304,-0.4296,40.0,69.56521739130434,NOT_REPEATABLE,0.11111111111111108
CHOPPY,relative_strength,volatility_score,LOW,HIGH,4,175,UP,75.0,1,3,2.125650261672167,-0.3415026554354189,0.4042707616086743,0.14175,39.62264150943396,50.0,NOT_REPEATABLE,0.08333333333333333
TREND_UP,intelligence_score,relative_strength,LOW,LOW,9,609,UP,77.77777777777779,9,7,12.850516593210523,6.601307189542482,1.0181952055638437,0.5359,42.15686274509804,86.95652173913044,REPEATABLE_CANDIDATE,0.7777777777777779
TREND_UP,relative_strength,liquidity_score,LOW,LOW,8,397,UP,87.5,8,6,7.9131022609627895,5.499330766566693,0.5496933193387276,0.48644999999999994,46.75324675324675,58.333333333333336,REPEATABLE_CANDIDATE,0.7777777777777777
TREND_UP,intelligence_score,momentum_score,LOW,LOW,9,518,UP,77.77777777777779,8,7,11.788894905093295,7.981956315289645,0.8910659848162472,0.6664,41.37931034482759,85.0,REPEATABLE_CANDIDATE,0.6913580246913581
TREND_UP,relative_strength,trend_score,LOW,LOW,9,509,UP,77.77777777777779,8,7,14.881476543921899,10.773796549353637,1.0509796041094173,0.6664,42.10526315789473,87.5,REPEATABLE_CANDIDATE,0.6913580246913581
TREND_UP,change_pct,trend_score,HIGH,LOW,9,460,UP,77.77777777777779,8,7,13.873419312916967,4.9952877774238065,1.1606323962584186,0.38405,43.333333333333336,93.93939393939394,REPEATABLE_CANDIDATE,0.6913580246913581
TREND_UP,trend_score,momentum_score,LOW,HIGH,9,396,UP,77.77777777777779,8,8,16.123948177144477,7.278276336001293,1.4793249387068088,0.49965000000000004,43.47826086956522,95.45454545454545,REPEATABLE_CANDIDATE,0.6913580246913581
CHOPPY,relative_strength,liquidity_score,HIGH,HIGH,8,397,DOWN,87.5,7,4,7.930372688927751,5.692023258884219,-0.2260809353541168,-0.32785000000000003,42.857142857142854,70.96774193548387,REPEATABLE_CANDIDATE,0.6805555555555555
TREND_UP,relative_strength,trend_score,HIGH,HIGH,8,835,DOWN,75.0,8,3,12.92425666812263,11.228000418640633,-0.49494565129869206,-0.58235,42.3728813559322,66.15384615384615,REPEATABLE_CANDIDATE,0.6666666666666666
TREND_UP,intelligence_score,relative_strength,HIGH,HIGH,8,744,DOWN,75.0,8,3,12.809304055009347,10.513612281755712,-0.26704248746494086,-0.2933,43.63636363636363,68.0,REPEATABLE_CANDIDATE,0.6666666666666666
TREND_UP,change_pct,intelligence_score,LOW,LOW,8,499,UP,75.0,8,6,7.139340684331015,6.385700432403457,0.45052970025567135,0.5663,43.75,55.68181818181818,REPEATABLE_CANDIDATE,0.6666666666666666
TREND_UP,volatility_score,liquidity_score,HIGH,HIGH,7,413,DOWN,85.71428571428571,7,3,12.755931731942809,7.320261437908498,-0.4974591093173279,-0.4962,45.09803921568628,67.5,REPEATABLE_CANDIDATE,0.6666666666666666
TREND_UP,change_pct,liquidity_score,LOW,LOW,8,334,UP,75.0,8,6,7.805434078638159,7.683653233970475,0.32209715612187073,0.47175,47.05882352941176,54.166666666666664,REPEATABLE_CANDIDATE,0.6666666666666666
TREND_UP,trend_score,liquidity_score,LOW,LOW,7,263,UP,85.71428571428571,7,6,15.408819807600427,9.569425679417037,1.1851042823555613,0.9418,47.05882352941176,90.9090909090909,REPEATABLE_CANDIDATE,0.6666666666666666
TREND_UP,momentum_score,liquidity_score,LOW,LOW,7,238,UP,85.71428571428571,7,5,7.587884742419843,7.7311623484668415,0.4947841748463178,0.56905,47.5,59.09090909090909,REPEATABLE_CANDIDATE,0.6666666666666666
TREND_UP,relative_strength,volatility_score,HIGH,LOW,9,830,DOWN,66.66666666666666,9,4,16.169732810214786,10.498924004134945,0.3181525825948404,-0.465,45.1219512195122,95.23809523809523,REPEATABLE_CANDIDATE,0.6666666666666665
TREND_UP,momentum_score,volatility_score,LOW,LOW,9,511,DOWN,66.66666666666666,9,5,14.798361808412933,11.288296356849614,0.6828971903734311,-0.092,42.42424242424242,85.0,REPEATABLE_CANDIDATE,0.6666666666666665
TREND_UP,volatility_score,liquidity_score,LOW,HIGH,9,1101,UP,66.66666666666666,8,5,15.716551944307412,11.979234438167708,0.6803831231801561,0.1858,43.946188340807176,90.32258064516128,REPEATABLE_CANDIDATE,0.5925925925925924
TREND_UP,trend_score,momentum_score,LOW,LOW,9,474,UP,66.66666666666666,8,7,13.161385384981685,7.888806295942325,0.8163522828619103,0.6567,41.935483870967744,85.71428571428571,REPEATABLE_CANDIDATE,0.5925925925925924
TREND_UP,change_pct,intelligence_score,HIGH,HIGH,8,853,DOWN,75.0,7,3,12.0535261007232,9.159455437052166,-0.2360670245920282,-0.13397499999999998,41.17647058823529,68.8,REPEATABLE_CANDIDATE,0.5833333333333333
TREND_UP,relative_strength,volatility_score,LOW,LOW,8,753,UP,75.0,7,5,10.783497525361504,4.533772798327221,0.5761680534448803,0.25095,44.11764705882353,85.18518518518519,REPEATABLE_CANDIDATE,0.5833333333333333
TREND_UP,relative_strength,liquidity_score,HIGH,HIGH,8,716,DOWN,75.0,7,4,11.554419231610286,9.152081138062442,-0.15566735039823945,-0.34349999999999997,43.75,64.02877697841727,REPEATABLE_CANDIDATE,0.5833333333333333
TREND_UP,intelligence_score,liquidity_score,LOW,LOW,8,574,UP,75.0,7,6,6.663094810271772,4.544593519912432,0.33349796721225944,0.2821,43.333333333333336,63.29113924050633,REPEATABLE_CANDIDATE,0.5833333333333333
TREND_UP,trend_score,volatility_score,HIGH,LOW,7,1007,DOWN,71.42857142857143,7,2,12.470651549319955,6.892523364485981,-0.4546095918169747,-0.395,46.96969696969697,66.47058823529412,REPEATABLE_CANDIDATE,0.5555555555555556
TREND_UP,intelligence_score,volatility_score,HIGH,LOW,7,902,DOWN,71.42857142857143,7,3,12.060580457022201,6.866096303175196,-0.4415232075794529,-0.16899999999999998,44.73684210526316,68.08510638297872,REPEATABLE_CANDIDATE,0.5555555555555556
CHOPPY,change_pct,momentum_score,HIGH,HIGH,7,572,DOWN,71.42857142857143,7,2,12.645777778942389,15.271723336239468,-0.31574463850671897,-0.47600000000000003,43.43434343434344,75.0,REPEATABLE_CANDIDATE,0.5555555555555556
CHOPPY,change_pct,momentum_score,LOW,LOW,7,489,DOWN,71.42857142857143,7,2,12.30440968440453,11.120036952985362,-0.39419416760482145,-0.63425,47.82608695652174,70.83333333333334,REPEATABLE_CANDIDATE,0.5555555555555556
CHOPPY,momentum_score,liquidity_score,HIGH,HIGH,7,373,DOWN,71.42857142857143,7,2,11.187738492680557,9.831649831649825,-0.47064512710973233,-0.5466,50.0,71.7948717948718,REPEATABLE_CANDIDATE,0.5555555555555556
TREND_DOWN,momentum_score,liquidity_score,LOW,HIGH,8,1453,UP,75.0,6,6,8.83341571014359,11.94265422490335,0.39789776260525894,0.19715,43.01075268817204,66.4,REPEATABLE_CANDIDATE,0.5
TREND_UP,change_pct,volatility_score,LOW,LOW,8,630,UP,75.0,6,5,8.499638393083139,5.611102782410618,0.1731602678845853,0.1953,42.95302013422819,72.72727272727273,REPEATABLE_CANDIDATE,0.5
TREND_UP,relative_strength,momentum_score,LOW,HIGH,7,468,UP,71.42857142857143,6,5,11.22884474405159,7.602551973412902,-0.10246881734460668,0.2914,43.29896907216495,74.0,REPEATABLE_CANDIDATE,0.47619047619047616
CHOPPY,relative_strength,momentum_score,LOW,LOW,7,463,DOWN,71.42857142857143,6,3,9.317910613423232,6.006731578314694,-0.28577012292226495,-0.0778,42.22222222222222,71.875,REPEATABLE_CANDIDATE,0.47619047619047616
CHOPPY,change_pct,relative_strength,LOW,LOW,7,437,DOWN,71.42857142857143,6,2,11.50520237586197,12.49398749398749,-0.42477587527407606,-0.6133,43.47826086956522,70.37037037037037,REPEATABLE_CANDIDATE,0.47619047619047616
CHOPPY,change_pct,liquidity_score,HIGH,HIGH,7,398,DOWN,71.42857142857143,6,3,9.936559421764985,10.365526041841566,-0.4378123707261589,-0.1681,44.776119402985074,71.42857142857143,REPEATABLE_CANDIDATE,0.47619047619047616
CHOPPY,relative_strength,volatility_score,LOW,LOW,7,374,DOWN,71.42857142857143,6,2,14.301919425068913,13.763328805106351,-0.5378012080216905,-0.6832499999999999,43.47826086956522,79.48717948717949,REPEATABLE_CANDIDATE,0.47619047619047616
CHOPPY,intelligence_score,liquidity_score,HIGH,HIGH,6,417,DOWN,83.33333333333334,5,3,6.997747052033637,9.121420309559882,-0.0981443440584248,-0.241175,44.827586206896555,60.86956521739131,REPEATABLE_CANDIDATE,0.462962962962963
CHOPPY,trend_score,liquidity_score,HIGH,HIGH,6,376,DOWN,83.33333333333334,5,3,6.066979076027963,6.280634812692313,-0.0307920373361986,-0.21539999999999998,45.16129032258064,60.3448275862069,REPEATABLE_CANDIDATE,0.462962962962963
TREND_UP,relative_strength,volatility_score,HIGH,HIGH,6,352,DOWN,83.33333333333334,5,2,10.090623453871876,7.602544628653622,-0.291465675535975,-0.54555,41.17647058823529,65.0,REPEATABLE_CANDIDATE,0.462962962962963
CHOPPY,trend_score,liquidity_score,LOW,HIGH,6,351,DOWN,83.33333333333334,5,2,11.315851569453612,7.709790956784482,-0.7613902539523411,-0.3655,45.94594594594595,74.0,REPEATABLE_CANDIDATE,0.462962962962963
CHOPPY,intelligence_score,relative_strength,HIGH,HIGH,6,328,DOWN,83.33333333333334,5,2,7.664915630502903,4.482284821267868,-0.31859183274703123,-0.2702,44.44444444444444,58.139534883720934,REPEATABLE_CANDIDATE,0.462962962962963
CHOPPY,trend_score,momentum_score,LOW,HIGH,5,191,DOWN,80.0,5,2,13.119254594439965,7.831161780673179,-0.6568127454844006,-0.6831,46.42857142857143,75.0,REPEATABLE_CANDIDATE,0.4444444444444445
TREND_DOWN,volatility_score,liquidity_score,HIGH,LOW,6,469,UP,66.66666666666666,6,4,20.20483079167253,20.452006112244668,0.15400032022730017,0.574025,50.0,75.0,REPEATABLE_CANDIDATE,0.4444444444444443
CHOPPY,intelligence_score,trend_score,HIGH,HIGH,6,461,DOWN,66.66666666666666,6,2,7.742773167981057,7.094265171163796,-0.26355239021569404,-0.13244999999999998,42.592592592592595,57.971014492753625,REPEATABLE_CANDIDATE,0.4444444444444443
CHOPPY,trend_score,volatility_score,HIGH,LOW,6,415,DOWN,66.66666666666666,6,2,13.026355294820123,12.351069432723492,-0.09906425648190227,-0.31520000000000004,48.78048780487805,67.3913043478261,REPEATABLE_CANDIDATE,0.4444444444444443
TREND_DOWN,change_pct,volatility_score,HIGH,HIGH,6,388,DOWN,66.66666666666666,6,3,17.935538287752337,19.06616410516623,-0.1462725431689267,-0.135025,40.0,72.41379310344827,REPEATABLE_CANDIDATE,0.4444444444444443
CHOPPY,momentum_score,volatility_score,LOW,LOW,6,377,DOWN,66.66666666666666,6,2,14.308461786502221,13.534870929164654,-0.40844055736156254,-0.75265,51.61290322580645,80.0,REPEATABLE_CANDIDATE,0.4444444444444443
CHOPPY,change_pct,volatility_score,LOW,LOW,6,359,DOWN,66.66666666666666,6,2,15.829781950291391,14.898507292801021,-0.43603442608806375,-0.627075,50.0,77.27272727272727,REPEATABLE_CANDIDATE,0.4444444444444443
CHOPPY,intelligence_score,relative_strength,LOW,LOW,6,354,DOWN,66.66666666666666,6,3,12.504715547425805,10.365340404786757,-0.2820812124437047,-0.41095000000000004,42.465753424657535,76.92307692307693,REPEATABLE_CANDIDATE,0.4444444444444443
CHOPPY,relative_strength,liquidity_score,LOW,HIGH,6,352,DOWN,66.66666666666666,6,3,11.415295349776606,6.1494392310932895,-0.5475214937982386,-0.489925,43.75,72.41379310344827,REPEATABLE_CANDIDATE,0.4444444444444443
CHOPPY,change_pct,intelligence_score,LOW,LOW,6,319,DOWN,66.66666666666666,6,2,13.976557610415641,13.28775812416345,-0.34947108882099714,-0.734925,44.5945945945946,70.83333333333334,REPEATABLE_CANDIDATE,0.4444444444444443
CHOPPY,change_pct,trend_score,LOW,LOW,6,282,DOWN,66.66666666666666,6,2,14.284477157382135,13.827904008215256,-0.48915033523892015,-0.74195,42.42424242424242,75.0,REPEATABLE_CANDIDATE,0.4444444444444443
CHOPPY,change_pct,trend_score,HIGH,LOW,6,259,DOWN,66.66666666666666,6,3,15.25755883629187,11.641495873627065,0.24037097858885467,-0.181675,43.18181818181818,76.5625,REPEATABLE_CANDIDATE,0.4444444444444443
CHOPPY,change_pct,liquidity_score,HIGH,LOW,6,254,UP,66.66666666666666,6,3,15.654566523914747,12.85842709055828,-0.5669148469027779,0.22275,40.909090909090914,82.75862068965517,REPEATABLE_CANDIDATE,0.4444444444444443
CHOPPY,relative_strength,liquidity_score,HIGH,LOW,6,228,UP,66.66666666666666,6,2,15.596392879252392,11.952311237508468,-0.5521049847514142,0.14955000000000002,43.28358208955223,77.27272727272727,REPEATABLE_CANDIDATE,0.4444444444444443
CHOPPY,intelligence_score,trend_score,LOW,LOW,7,497,DOWN,71.42857142857143,5,3,12.71865473367019,11.857110660356101,0.10839477663594395,-0.2568,40.816326530612244,78.2051282051282,REPEATABLE_CANDIDATE,0.39682539682539686
CHOPPY,intelligence_score,volatility_score,LOW,LOW,7,418,DOWN,71.42857142857143,5,2,14.878166921716494,12.626341429586867,-0.05669361825052586,-0.4196,46.875,79.71014492753623,REPEATABLE_CANDIDATE,0.39682539682539686
TREND_UP,intelligence_score,volatility_score,LOW,HIGH,7,376,UP,71.42857142857143,5,6,8.009511880892237,4.976006883542372,0.5150760229737155,0.33885,41.66666666666667,71.42857142857143,REPEATABLE_CANDIDATE,0.39682539682539686
CHOPPY,trend_score,volatility_score,LOW,LOW,7,374,DOWN,85.71428571428571,4,2,11.351658267721003,8.92255892255892,-0.026733185999259935,-0.34195,39.6551724137931,78.57142857142857,REPEATABLE_CANDIDATE,0.38095238095238093
TREND_UP,trend_score,volatility_score,HIGH,HIGH,6,468,DOWN,66.66666666666666,5,2,10.779524835526944,9.325545562793476,-0.44602255516009914,-0.58475,43.54838709677419,67.16417910447761,REPEATABLE_CANDIDATE,0.3703703703703703
TREND_UP,momentum_score,volatility_score,HIGH,HIGH,6,456,DOWN,66.66666666666666,5,2,9.14168033544452,5.491631667585184,-0.320117342232291,-0.3608,41.17647058823529,62.745098039215684,REPEATABLE_CANDIDATE,0.3703703703703703
CHOPPY,intelligence_score,momentum_score,LOW,LOW,6,371,DOWN,66.66666666666666,5,3,11.653799653145635,7.837620923454169,-0.25303442910195434,-0.42867500000000003,39.285714285714285,75.75757575757575,REPEATABLE_CANDIDATE,0.3703703703703703
CHOPPY,relative_strength,trend_score,HIGH,HIGH,6,364,DOWN,66.66666666666666,5,2,8.462876517163272,5.326884665867721,-0.2441202293901591,-0.244425,43.63636363636363,61.702127659574465,REPEATABLE_CANDIDATE,0.3703703703703703
CHOPPY,change_pct,intelligence_score,LOW,HIGH,4,172,UP,75.0,4,2,12.586510740964604,12.85631386164527,0.3298693510850859,1.03235,51.42857142857142,57.89473684210527,REPEATABLE_CANDIDATE,0.3333333333333333
TREND_DOWN,relative_strength,momentum_score,LOW,HIGH,4,129,UP,75.0,4,3,22.11068582013786,21.256446876789816,0.6879257216117216,1.6518,61.904761904761905,66.66666666666666,REPEATABLE_CANDIDATE,0.3333333333333333
CHOPPY,volatility_score,liquidity_score,HIGH,LOW,3,151,UP,100.0,2,3,10.531545524655213,5.7912457912457915,0.8720475661375663,0.4985,40.0,63.888888888888886,REPEATABLE_CANDIDATE,0.2222222222222222
TREND_UP,change_pct,relative_strength,HIGH,LOW,6,303,UP,66.66666666666666,3,5,9.139151112615915,3.8023539413524183,-0.07822629515833249,0.14622500000000002,38.88888888888889,81.48148148148148,REPEATABLE_CANDIDATE,0.22222222222222215
CHOPPY,change_pct,volatility_score,HIGH,HIGH,3,199,UP,66.66666666666666,3,2,6.60196593945393,4.239207757684682,0.051601428601014875,0.2807,45.33333333333333,51.35135135135135,REPEATABLE_CANDIDATE,0.22222222222222215
CHOPPY,momentum_score,volatility_score,HIGH,HIGH,3,179,DOWN,66.66666666666666,3,2,5.2346658640560575,3.6644951140065163,-0.09332668541110689,-0.0959,44.26229508196721,50.0,REPEATABLE_CANDIDATE,0.22222222222222215
CHOPPY,trend_score,volatility_score,LOW,HIGH,4,171,DOWN,75.0,2,2,7.207539474845911,2.046902995539293,0.25785361348021796,-0.3644,45.23809523809524,62.857142857142854,REPEATABLE_CANDIDATE,0.16666666666666666
CHOPPY,change_pct,relative_strength,HIGH,LOW,3,102,DOWN,66.66666666666666,2,2,5.737181458688639,2.7356902356902357,-0.2528416339869281,-0.0568,41.17647058823529,60.0,REPEATABLE_CANDIDATE,0.14814814814814808
FLAT,change_pct,relative_strength,HIGH,HIGH,3,102,UP,66.66666666666666,2,2,11.27225071735785,7.1002805049088344,0.29487205972771185,0.4787,47.82608695652174,58.18181818181818,REPEATABLE_CANDIDATE,0.14814814814814808
