scenario,factor_a,factor_b,state_a,state_b,observations,down_count,flat_count,up_count,mean_return_5d,median_return_5d,oos_folds,down_pct,flat_pct,up_pct,dominant_outcome,dominant_probability_pct,oos_stability,source_factor,source_state,source_predictive_status,source_mean_lift,source_positive_rate_lift,candidate_score
TREND_DOWN,change_pct,momentum_score,LOW,HIGH,23,8,3,12,1.3929521739130435,0.69,1,34.78260869565217,13.043478260869565,52.17391304347826,UP,52.17391304347826,SINGLE_FOLD,momentum_score,HIGH,POSITIVE,0.2410687260166132,4.267674895593927,59.59867391304348
TREND_DOWN,relative_strength,momentum_score,LOW,HIGH,129,48,13,68,0.6879257216117216,0.6926749999999999,4,37.2093023255814,10.07751937984496,52.71317829457365,UP,52.71317829457365,REPEATED,momentum_score,HIGH,POSITIVE,0.2410687260166132,4.267674895593927,58.732806902632255
TREND_DOWN,relative_strength,volatility_score,LOW,HIGH,466,176,76,214,0.1340380839488142,0.1528166666666666,6,37.76824034334764,16.30901287553648,45.92274678111588,UP,45.92274678111588,REPEATED,volatility_score,HIGH,POSITIVE,0.4261586163380032,2.8347344015128826,55.91293720085996
TREND_DOWN,change_pct,volatility_score,LOW,HIGH,570,228,88,254,0.1982095221433595,0.1220333333333334,6,40.0,15.43859649122807,44.56140350877193,UP,44.56140350877193,REPEATED,volatility_score,HIGH,POSITIVE,0.4261586163380032,2.8347344015128826,55.55245111948873
TREND_DOWN,intelligence_score,volatility_score,LOW,HIGH,640,252,102,286,0.1221433344638522,0.0302083333333334,6,39.375,15.937499999999998,44.6875,UP,44.6875,REPEATED,volatility_score,HIGH,POSITIVE,0.4261586163380032,2.8347344015128826,55.29821667231926
TREND_DOWN,trend_score,momentum_score,HIGH,HIGH,711,296,96,319,0.0805509438654153,0.1445375,8,41.63150492264416,13.502109704641349,44.86638537271448,UP,44.86638537271448,REPEATED,momentum_score,HIGH,POSITIVE,0.2410687260166132,4.267674895593927,55.26914009204156
TREND_DOWN,intelligence_score,momentum_score,HIGH,HIGH,684,297,80,307,0.0650705300502167,0.1448,8,43.42105263157895,11.695906432748536,44.88304093567251,UP,44.88304093567251,REPEATED,momentum_score,HIGH,POSITIVE,0.2410687260166132,4.267674895593927,55.208393585923595
TREND_DOWN,change_pct,momentum_score,HIGH,HIGH,1087,483,129,475,0.2383007360640982,0.187075,8,44.43422263109476,11.86752529898804,43.6982520699172,DOWN,44.43422263109476,REPEATED,momentum_score,HIGH,POSITIVE,0.2410687260166132,4.267674895593927,54.8897557502377
TREND_DOWN,momentum_score,volatility_score,HIGH,LOW,880,411,87,382,0.2642812708518125,0.06883125,8,46.70454545454545,9.886363636363637,43.40909090909091,DOWN,46.70454545454545,REPEATED,momentum_score,HIGH,POSITIVE,0.2410687260166132,4.267674895593927,54.73049726334997
TREND_DOWN,volatility_score,liquidity_score,HIGH,HIGH,489,186,85,218,0.0591975576984368,0.0733333333333333,6,38.036809815950924,17.38241308793456,44.58077709611453,UP,44.58077709611453,REPEATED,volatility_score,HIGH,POSITIVE,0.4261586163380032,2.8347344015128826,54.656764884606716
TREND_DOWN,momentum_score,liquidity_score,HIGH,HIGH,769,337,100,332,0.2353698797077698,0.13459375,8,43.82314694408323,13.003901170351106,43.17295188556567,DOWN,43.82314694408323,REPEATED,momentum_score,HIGH,POSITIVE,0.2410687260166132,4.267674895593927,54.34980128410452
TREND_DOWN,volatility_score,liquidity_score,HIGH,LOW,469,198,64,207,0.1540003202273001,0.0934083333333333,6,42.21748400852879,13.646055437100213,44.136460554371006,UP,44.136460554371006,REPEATED,volatility_score,HIGH,POSITIVE,0.4261586163380032,2.8347344015128826,54.28646215550751
TREND_DOWN,trend_score,volatility_score,LOW,HIGH,586,242,87,257,0.0053674985963972,-0.0148166666666666,6,41.29692832764505,14.846416382252558,43.85665529010239,UP,43.85665529010239,REPEATED,volatility_score,HIGH,POSITIVE,0.4261586163380032,2.8347344015128826,53.88349278308437
TREND_DOWN,intelligence_score,momentum_score,LOW,HIGH,514,239,65,210,0.5112923502964817,0.2663312499999999,8,46.49805447470817,12.64591439688716,40.856031128404666,DOWN,46.49805447470817,REPEATED,momentum_score,HIGH,POSITIVE,0.2410687260166132,4.267674895593927,53.412492879887076
TREND_DOWN,relative_strength,momentum_score,HIGH,HIGH,1032,468,124,440,0.1530110863285691,0.03695,8,45.34883720930232,12.015503875968992,42.63565891472868,DOWN,45.34883720930232,REPEATED,momentum_score,HIGH,POSITIVE,0.2410687260166132,4.267674895593927,53.40071434637152
TREND_DOWN,trend_score,volatility_score,HIGH,HIGH,372,142,62,168,0.135018668500767,-0.0228499999999999,6,38.17204301075269,16.666666666666664,45.16129032258064,UP,45.16129032258064,REPEATED,volatility_score,HIGH,POSITIVE,0.4261586163380032,2.8347344015128826,53.276383665084474
TREND_DOWN,trend_score,momentum_score,LOW,HIGH,487,240,49,198,0.5027590453050397,0.302075,8,49.28131416837782,10.061601642710473,40.6570841889117,DOWN,49.28131416837782,REPEATED,momentum_score,HIGH,POSITIVE,0.2410687260166132,4.267674895593927,52.9108794154369
TREND_DOWN,momentum_score,liquidity_score,HIGH,LOW,429,199,45,185,0.2193353111530741,0.1673749999999999,8,46.386946386946384,10.48951048951049,43.12354312354312,DOWN,46.386946386946384,REPEATED,momentum_score,HIGH,POSITIVE,0.2410687260166132,4.267674895593927,52.80021967930849
TREND_DOWN,intelligence_score,volatility_score,HIGH,HIGH,302,120,46,136,0.3348845587550312,0.27126,5,39.735099337748345,15.2317880794702,45.033112582781456,UP,45.033112582781456,REPEATED,volatility_score,HIGH,POSITIVE,0.4261586163380032,2.8347344015128826,52.74753537655661
TREND_DOWN,momentum_score,volatility_score,LOW,HIGH,682,285,98,299,-0.2546158767228624,-0.4217071428571428,7,41.78885630498534,14.36950146627566,43.841642228739005,UP,43.841642228739005,REPEATED,volatility_score,HIGH,POSITIVE,0.4261586163380032,2.8347344015128826,52.568562845124696
TREND_DOWN,relative_strength,volatility_score,HIGH,HIGH,492,208,73,211,-0.0474602212859291,-0.2297166666666665,6,42.27642276422765,14.83739837398374,42.886178861788615,UP,42.886178861788615,REPEATED,volatility_score,HIGH,POSITIVE,0.4261586163380032,2.8347344015128826,52.48887775535897
TREND_DOWN,change_pct,volatility_score,HIGH,HIGH,388,156,61,171,-0.1462725431689267,-0.2047833333333333,6,40.20618556701031,15.721649484536082,44.0721649484536,UP,44.0721649484536,REPEATED,volatility_score,HIGH,POSITIVE,0.4261586163380032,2.8347344015128826,51.10080223260896
TREND_DOWN,momentum_score,volatility_score,HIGH,HIGH,296,115,52,129,-0.1272272726817809,-0.1800583333333333,6,38.85135135135135,17.56756756756757,43.58108108108108,UP,43.58108108108108,REPEATED,volatility_score,HIGH,POSITIVE,0.4261586163380032,2.8347344015128826,48.86494471767218
TREND_UP,relative_strength,trend_score,LOW,HIGH,684,309,98,277,-0.3500124208341622,-0.54145,8,45.17543859649123,14.327485380116958,40.49707602339181,DOWN,45.17543859649123,REPEATED,trend_score,HIGH,POSITIVE,0.2296110887217864,3.167648517442508,48.747013919221004
TREND_UP,change_pct,trend_score,LOW,HIGH,573,270,73,230,-0.4466985379357189,-0.5833375000000001,8,47.12041884816754,12.739965095986038,40.139616055846425,DOWN,47.12041884816754,REPEATED,trend_score,HIGH,POSITIVE,0.2296110887217864,3.167648517442508,47.90612336616783
TREND_UP,trend_score,momentum_score,HIGH,LOW,352,160,47,145,-0.2803708759678735,-0.3383125,8,45.45454545454545,13.352272727272728,41.19318181818182,DOWN,45.45454545454545,REPEATED,trend_score,HIGH,POSITIVE,0.2296110887217864,3.167648517442508,46.83132743834245
TREND_UP,trend_score,volatility_score,HIGH,LOW,1007,489,133,385,-0.4546095918169747,-0.7333214285714286,7,48.560079443892754,13.20754716981132,38.232373386295926,DOWN,48.560079443892754,REPEATED,trend_score,HIGH,POSITIVE,0.2296110887217864,3.167648517442508,45.959325427211056
TREND_UP,trend_score,liquidity_score,HIGH,HIGH,937,466,118,353,-0.3687485061572284,-0.5315125,8,49.73319103521878,12.593383137673426,37.67342582710779,DOWN,49.73319103521878,REPEATED,trend_score,HIGH,POSITIVE,0.2296110887217864,3.167648517442508,45.82968329632165
TREND_UP,trend_score,liquidity_score,HIGH,LOW,582,263,102,217,-0.4088725449443475,-0.4037624999999999,8,45.18900343642612,17.525773195876287,37.2852233676976,DOWN,45.18900343642612,REPEATED,trend_score,HIGH,POSITIVE,0.2296110887217864,3.167648517442508,45.24086064297586
TREND_UP,intelligence_score,trend_score,HIGH,HIGH,1191,589,159,443,-0.4140179727202133,-0.570025,8,49.454240134340886,13.350125944584384,37.19563392107473,DOWN,49.454240134340886,REPEATED,trend_score,HIGH,POSITIVE,0.2296110887217864,3.167648517442508,45.12554405747366
TREND_UP,change_pct,trend_score,HIGH,HIGH,946,459,147,340,-0.3728209897763917,-0.4908125,8,48.5200845665962,15.53911205073996,35.94080338266385,DOWN,48.5200845665962,REPEATED,trend_score,HIGH,POSITIVE,0.2296110887217864,3.167648517442508,44.07669843378189
TREND_UP,trend_score,momentum_score,HIGH,HIGH,1167,569,173,425,-0.5160629099397622,-0.5540375,8,48.75749785775493,14.82433590402742,36.41816623821765,DOWN,48.75749785775493,REPEATED,trend_score,HIGH,POSITIVE,0.2296110887217864,3.167648517442508,43.83785168851884
TREND_UP,relative_strength,trend_score,HIGH,HIGH,835,420,122,293,-0.494945651298692,-0.5962625,8,50.29940119760479,14.610778443113771,35.08982035928144,DOWN,50.29940119760479,REPEATED,trend_score,HIGH,POSITIVE,0.2296110887217864,3.167648517442508,42.61509210278798
TREND_UP,intelligence_score,trend_score,LOW,HIGH,311,137,55,119,-0.3903520156228136,-0.4345071428571428,7,44.05144694533762,17.684887459807076,38.2636655948553,DOWN,44.05144694533762,REPEATED,trend_score,HIGH,POSITIVE,0.2296110887217864,3.167648517442508,42.531905516741226
TREND_UP,trend_score,volatility_score,HIGH,HIGH,468,224,82,162,-0.4460225551600992,-0.55665,6,47.86324786324786,17.52136752136752,34.61538461538461,DOWN,47.86324786324786,REPEATED,trend_score,HIGH,POSITIVE,0.2296110887217864,3.167648517442508,41.74527183958412
