scenario,factor,horizon_days,global_oos_fold_count,oos_fold_count,oos_finite_ic_folds,regime_total_dates,regime_oos_dates,oos_mean_ic,oos_ic_std,oos_icir,oos_positive_ic_fold_pct,mean_quintile_spread,positive_spread_fold_pct,bootstrap_95ci_low,bootstrap_95ci_high,raw_sign_test_p_value,adjusted_p_value,evidence_classification
CHOPPY,intelligence_score,1,7,7,7,31,22,0.08791032072832623,0.2085544857286734,0.42152208053053525,57.14285714285714,0.32346996657051463,42.857142857142854,-0.40335026775041694,1.1055007137273964,1.0,1.0,WEAK_OOS_EVIDENCE
CHOPPY,intelligence_score,5,7,7,7,31,22,-0.09464418346584637,0.15826189365916468,-0.59802256422935,14.285714285714285,-1.7359187576477761,14.285714285714285,-3.40292889434683,-0.5838810127025665,0.125,0.875,INCONSISTENT_OOS_EVIDENCE
CHOPPY,intelligence_score,10,7,7,7,31,22,-0.17401178762161834,0.13583659650138047,-1.2810376003483708,0.0,-3.297901988111707,14.285714285714285,-4.998067032353753,-1.5976221203190988,0.125,0.875,INCONSISTENT_OOS_EVIDENCE
CHOPPY,intelligence_score,20,7,7,7,31,22,-0.1849490431608996,0.11169790254437638,-1.6557969214097046,0.0,-5.825598588095694,0.0,-7.470155850879411,-4.293638099327207,0.015625,0.6875,INCONSISTENT_OOS_EVIDENCE
CHOPPY,trend_score,1,7,7,7,31,22,0.09095716669883318,0.20548472576167717,0.44264685057090825,71.42857142857143,,,,,,,WEAK_OOS_EVIDENCE
CHOPPY,trend_score,5,7,7,7,31,22,-0.11616808385660196,0.2429140723774802,-0.47822706490252537,42.857142857142854,,,,,,,WEAK_OOS_EVIDENCE
CHOPPY,trend_score,10,7,7,7,31,22,-0.11706095531552006,0.15652469744154862,-0.7478753016547718,28.57142857142857,,,,,,,WEAK_OOS_EVIDENCE
CHOPPY,trend_score,20,7,7,7,31,22,-0.15536966871834587,0.13294071418627482,-1.1687139614779254,14.285714285714285,,,,,,,WEAK_OOS_EVIDENCE
CHOPPY,volatility_score,1,7,7,7,31,22,0.023983127167537956,0.21928117912494455,0.1093715715285924,42.857142857142854,0.23923295238336909,50.0,-0.48558299601522315,0.9893392675075371,1.0,1.0,WEAK_OOS_EVIDENCE
CHOPPY,volatility_score,5,7,7,7,31,22,0.030505106983779583,0.12648828091025982,0.24116943296448287,57.14285714285714,1.2901096742251916,83.33333333333334,-0.2598861318263956,3.048011065162907,0.21875,0.875,WEAK_OOS_EVIDENCE
CHOPPY,volatility_score,10,7,7,7,31,22,-0.12276570030028379,0.09498133397964834,-1.29252449040765,0.0,-0.8725202151372472,33.33333333333333,-2.951920295698925,1.874809893989737,0.6875,1.0,INCONSISTENT_OOS_EVIDENCE
CHOPPY,volatility_score,20,7,7,7,31,22,-0.070130619871731,0.17711895760829313,-0.3959520811252071,28.57142857142857,-2.9250651829147514,16.666666666666664,-5.686729643286606,-0.05053694335805892,0.21875,0.875,INCONSISTENT_OOS_EVIDENCE
FLAT,intelligence_score,1,7,2,2,6,3,0.04090442336672672,0.20061374709829102,0.20389641267547598,50.0,0.29468354341736686,100.0,0.16185042016806728,0.42751666666666643,0.5,1.0,WEAK_OOS_EVIDENCE
FLAT,intelligence_score,5,7,2,2,6,3,-0.035036503184166116,0.21410744216488986,-0.16363981947523137,50.0,0.4295443977591037,50.0,-0.7001000000000002,1.5591887955182075,1.0,1.0,WEAK_OOS_EVIDENCE
FLAT,intelligence_score,10,7,2,2,6,3,0.08667052024213338,0.19277801805850084,0.4495871527003258,50.0,2.21004824929972,100.0,1.53895,2.8811464985994397,0.5,1.0,WEAK_OOS_EVIDENCE
FLAT,intelligence_score,20,7,2,1,6,3,0.3859061900299013,,,100.0,8.298772829131654,100.0,8.298772829131654,8.298772829131654,1.0,1.0,INSUFFICIENT_TEMPORAL_COVERAGE
FLAT,trend_score,1,7,2,2,6,3,-0.09666339834856025,0.23800617534715707,-0.40613819455552574,50.0,,,,,,,WEAK_OOS_EVIDENCE
FLAT,trend_score,5,7,2,2,6,3,0.09640765592123268,0.06513439413457786,1.4801343775769122,100.0,,,,,,,WEAK_OOS_EVIDENCE
FLAT,trend_score,10,7,2,2,6,3,0.176037698802719,0.09055886830980935,1.9439034750354822,100.0,,,,,,,WEAK_OOS_EVIDENCE
FLAT,trend_score,20,7,2,1,6,3,0.3109979105587247,,,100.0,,,,,,,INSUFFICIENT_TEMPORAL_COVERAGE
FLAT,volatility_score,1,7,2,2,6,3,-0.04227919716400705,0.23676011154367127,-0.1785739873509415,50.0,-0.3130467879256966,50.0,-1.060275,0.43418142414860683,1.0,1.0,WEAK_OOS_EVIDENCE
FLAT,volatility_score,5,7,2,2,6,3,0.014860408493323124,0.08865791360343525,0.16761513878832496,50.0,0.368710919762642,100.0,0.03702600619195051,0.7003958333333334,0.5,1.0,WEAK_OOS_EVIDENCE
FLAT,volatility_score,10,7,2,2,6,3,-0.1545923737889875,0.16292241517616932,-0.9488711152595272,0.0,-3.037615499226006,0.0,-5.2519374999999995,-0.8232934984520122,0.5,1.0,INCONSISTENT_OOS_EVIDENCE
FLAT,volatility_score,20,7,2,1,6,3,-0.06760112595019258,,,0.0,-0.9768191950464392,0.0,-0.9768191950464392,-0.9768191950464392,1.0,1.0,INSUFFICIENT_TEMPORAL_COVERAGE
HIGH_VOL,intelligence_score,1,7,1,1,5,5,-0.28813781302450747,,,0.0,-1.3153485544848038,0.0,-1.3153485544848038,-1.3153485544848038,1.0,1.0,INSUFFICIENT_TEMPORAL_COVERAGE
HIGH_VOL,intelligence_score,5,7,1,1,5,5,-0.07445084054395816,,,0.0,-0.5032679021497406,0.0,-0.5032679021497406,-0.5032679021497406,1.0,1.0,INSUFFICIENT_TEMPORAL_COVERAGE
HIGH_VOL,intelligence_score,10,7,1,1,5,5,-0.14787511982535698,,,0.0,-2.830209340252038,0.0,-2.830209340252038,-2.830209340252038,1.0,1.0,INSUFFICIENT_TEMPORAL_COVERAGE
HIGH_VOL,intelligence_score,20,7,1,1,5,5,-0.33956058684556434,,,0.0,-4.775931134173462,0.0,-4.775931134173462,-4.775931134173462,1.0,1.0,INSUFFICIENT_TEMPORAL_COVERAGE
HIGH_VOL,trend_score,1,7,1,1,5,5,-0.006895305559201024,,,0.0,,,,,,,INSUFFICIENT_TEMPORAL_COVERAGE
HIGH_VOL,trend_score,5,7,1,1,5,5,0.09710625181243804,,,100.0,,,,,,,INSUFFICIENT_TEMPORAL_COVERAGE
HIGH_VOL,trend_score,10,7,1,1,5,5,-0.15903727881101273,,,0.0,,,,,,,INSUFFICIENT_TEMPORAL_COVERAGE
HIGH_VOL,trend_score,20,7,1,1,5,5,-0.24075203438432854,,,0.0,,,,,,,INSUFFICIENT_TEMPORAL_COVERAGE
HIGH_VOL,volatility_score,1,7,1,1,5,5,-0.02635078635193218,,,0.0,,,,,,,INSUFFICIENT_TEMPORAL_COVERAGE
HIGH_VOL,volatility_score,5,7,1,1,5,5,-0.10272706260704244,,,0.0,,,,,,,INSUFFICIENT_TEMPORAL_COVERAGE
HIGH_VOL,volatility_score,10,7,1,1,5,5,0.062350798928681866,,,100.0,,,,,,,INSUFFICIENT_TEMPORAL_COVERAGE
HIGH_VOL,volatility_score,20,7,1,1,5,5,0.04566802300017203,,,100.0,,,,,,,INSUFFICIENT_TEMPORAL_COVERAGE
LOW_VOL,intelligence_score,1,7,1,1,18,2,-0.15816637180149162,,,0.0,-1.2346603896103896,0.0,-1.2346603896103896,-1.2346603896103896,1.0,1.0,INSUFFICIENT_TEMPORAL_COVERAGE
LOW_VOL,intelligence_score,5,7,1,1,18,2,-0.0443743126305378,,,0.0,-0.26230995670995666,0.0,-0.26230995670995666,-0.26230995670995666,1.0,1.0,INSUFFICIENT_TEMPORAL_COVERAGE
LOW_VOL,intelligence_score,10,7,1,1,18,2,-0.10865968536814019,,,0.0,-0.12475930735930763,0.0,-0.12475930735930763,-0.12475930735930763,1.0,1.0,INSUFFICIENT_TEMPORAL_COVERAGE
LOW_VOL,intelligence_score,20,7,1,1,18,2,-0.10227769011768496,,,0.0,-0.11245562770562767,0.0,-0.11245562770562767,-0.11245562770562767,1.0,1.0,INSUFFICIENT_TEMPORAL_COVERAGE
LOW_VOL,trend_score,1,7,1,1,18,2,-0.2538362169390219,,,0.0,,,,,,,INSUFFICIENT_TEMPORAL_COVERAGE
LOW_VOL,trend_score,5,7,1,1,18,2,-0.10052015079041858,,,0.0,,,,,,,INSUFFICIENT_TEMPORAL_COVERAGE
LOW_VOL,trend_score,10,7,1,1,18,2,-0.15519067902445877,,,0.0,,,,,,,INSUFFICIENT_TEMPORAL_COVERAGE
LOW_VOL,trend_score,20,7,1,1,18,2,-0.03679694655951984,,,0.0,,,,,,,INSUFFICIENT_TEMPORAL_COVERAGE
LOW_VOL,volatility_score,1,7,1,1,18,2,0.14193404422141273,,,100.0,0.4849105555555555,100.0,0.4849105555555555,0.4849105555555555,1.0,1.0,INSUFFICIENT_TEMPORAL_COVERAGE
LOW_VOL,volatility_score,5,7,1,1,18,2,-0.15910358788722279,,,0.0,-1.6564255555555554,0.0,-1.6564255555555554,-1.6564255555555554,1.0,1.0,INSUFFICIENT_TEMPORAL_COVERAGE
LOW_VOL,volatility_score,10,7,1,1,18,2,-0.0001785173496630831,,,0.0,-1.0252936111111113,0.0,-1.0252936111111113,-1.0252936111111113,1.0,1.0,INSUFFICIENT_TEMPORAL_COVERAGE
LOW_VOL,volatility_score,20,7,1,1,18,2,0.05273912558617941,,,100.0,1.8589625,100.0,1.8589625,1.8589625,1.0,1.0,INSUFFICIENT_TEMPORAL_COVERAGE
TREND_DOWN,intelligence_score,1,7,7,7,82,66,-0.021236151745065122,0.08418999366637263,-0.25224080464027065,42.857142857142854,0.016464718733312234,57.14285714285714,-0.3059577480653587,0.3009327920991233,1.0,1.0,WEAK_OOS_EVIDENCE
TREND_DOWN,intelligence_score,5,7,7,7,82,66,-0.05451515712741092,0.1973548428838212,-0.27622913292025414,42.857142857142854,-0.8024087819718219,42.857142857142854,-2.2632689682035476,0.4629147632884755,1.0,1.0,WEAK_OOS_EVIDENCE
TREND_DOWN,intelligence_score,10,7,7,7,82,66,-0.08273225662375923,0.16298092329470557,-0.5076192658091708,28.57142857142857,-1.6445981101107623,28.57142857142857,-3.5692759187553813,0.09228268334465753,0.453125,1.0,WEAK_OOS_EVIDENCE
TREND_DOWN,intelligence_score,20,7,7,7,82,66,-0.13046196279466243,0.15176340402804178,-0.8596404622721601,28.57142857142857,-2.6991664872105914,28.57142857142857,-4.833934509424669,-0.6924778374917732,0.453125,1.0,WEAK_OOS_EVIDENCE
TREND_DOWN,trend_score,1,7,7,7,82,66,-0.025235417342844253,0.1161108094278961,-0.21733908726659293,57.14285714285714,,,,,,,WEAK_OOS_EVIDENCE
TREND_DOWN,trend_score,5,7,7,7,82,66,-0.05423425702546686,0.1950161717297315,-0.27810133151741323,42.857142857142854,,,,,,,WEAK_OOS_EVIDENCE
TREND_DOWN,trend_score,10,7,7,7,82,66,-0.07614500092534875,0.16298603580543283,-0.46718726882987727,28.57142857142857,,,,,,,WEAK_OOS_EVIDENCE
TREND_DOWN,trend_score,20,7,7,7,82,66,-0.10306804253879605,0.19736250546938047,-0.5222270678702262,28.57142857142857,,,,,,,WEAK_OOS_EVIDENCE
TREND_DOWN,volatility_score,1,7,7,7,82,66,-0.03204079446868741,0.11326803044172022,-0.2828758860177529,42.857142857142854,-0.8021366152376278,16.666666666666664,-1.6115179662928003,-0.009742045661411902,0.21875,0.875,INCONSISTENT_OOS_EVIDENCE
TREND_DOWN,volatility_score,5,7,7,7,82,66,-0.08755968365474424,0.1735119474312417,-0.5046320149766164,14.285714285714285,-1.4871970117271538,16.666666666666664,-2.8501688372357967,0.4275541100382351,0.21875,0.875,INCONSISTENT_OOS_EVIDENCE
TREND_DOWN,volatility_score,10,7,7,7,82,66,-0.11549545570360216,0.1573645325109654,-0.7339357468974418,28.57142857142857,-1.7245426088293228,16.666666666666664,-3.3482028253114478,0.29887936647168295,0.21875,0.875,INCONSISTENT_OOS_EVIDENCE
TREND_DOWN,volatility_score,20,7,7,7,82,66,-0.12479058328167048,0.18093824036112086,-0.6896860665418789,28.57142857142857,-2.1536979104010334,33.33333333333333,-4.693963397920821,0.6552041249392045,0.6875,1.0,WEAK_OOS_EVIDENCE
TREND_UP,intelligence_score,1,7,7,7,82,42,-0.06071372102866985,0.17249514661749063,-0.3519735031345723,28.57142857142857,-0.6420428425375398,28.57142857142857,-1.3768781845420675,-0.03492224309692473,0.453125,1.0,WEAK_OOS_EVIDENCE
TREND_UP,intelligence_score,5,7,7,7,82,42,-0.12497618584527725,0.1271235484155234,-0.9831080661528803,14.285714285714285,-1.939019216878884,14.285714285714285,-3.022533691435119,-0.7110304985763621,0.125,0.875,INCONSISTENT_OOS_EVIDENCE
TREND_UP,intelligence_score,10,7,7,7,82,42,-0.06713577920646667,0.126108890491989,-0.5323635704394007,28.57142857142857,-1.7565699742705785,14.285714285714285,-3.330642104083233,-0.02686560227910917,0.125,0.875,INCONSISTENT_OOS_EVIDENCE
TREND_UP,intelligence_score,20,7,7,7,82,42,-0.11389283517823039,0.14389620242788073,-0.7914929876993264,28.57142857142857,-3.9356366547908928,28.57142857142857,-7.048184461756743,-0.634546325532338,0.453125,1.0,WEAK_OOS_EVIDENCE
TREND_UP,trend_score,1,7,7,7,82,42,-0.06962758052408403,0.1093492544567341,-0.6367449039319548,28.57142857142857,,,,,,,WEAK_OOS_EVIDENCE
TREND_UP,trend_score,5,7,7,7,82,42,-0.15255703549190894,0.16280850422488635,-0.937033579530851,14.285714285714285,,,,,,,WEAK_OOS_EVIDENCE
TREND_UP,trend_score,10,7,7,7,82,42,-0.0689668625100114,0.1757123721609033,-0.39249861385319573,42.857142857142854,,,,,,,WEAK_OOS_EVIDENCE
TREND_UP,trend_score,20,7,7,7,82,42,-0.10270146373650187,0.12978451062397747,-0.7913229648340481,14.285714285714285,,,,,,,WEAK_OOS_EVIDENCE
TREND_UP,volatility_score,1,7,7,7,82,42,0.018162348166918134,0.11525113811447335,0.15758931724282285,42.857142857142854,-0.05404443463501905,80.0,-0.3369793403196863,0.11572939576271643,0.375,1.0,WEAK_OOS_EVIDENCE
TREND_UP,volatility_score,5,7,7,7,82,42,-0.046123044163132156,0.19647331958881742,-0.23475474562988613,57.14285714285714,-0.25579194153431223,40.0,-1.401619712435802,1.0948251189846638,1.0,1.0,WEAK_OOS_EVIDENCE
TREND_UP,volatility_score,10,7,7,7,82,42,-0.08320386428917917,0.22110724828708975,-0.3763054577982253,42.857142857142854,-1.1180872337173684,20.0,-2.7913357855598795,0.9020285262014852,0.375,1.0,INCONSISTENT_OOS_EVIDENCE
TREND_UP,volatility_score,20,7,7,7,82,42,-0.08698454045187688,0.13555467864045798,-0.6416933839856064,28.57142857142857,-3.2666587112857597,0.0,-5.091812498930006,-1.4970280207328828,0.0625,0.875,INCONSISTENT_OOS_EVIDENCE
