id_x,trade_date,symbol,sector,change_pct,sector_strength,position_pct,total_score,intelligence_score,created_at,rank,grade,id_y,return_1d,return_5d,return_10d,return_20d,success_1d,success_5d,success_10d,success_20d,strong_win,strong_loss,top10_pick,top20_pick,future_direction
13134,2025-07-03,ETERNAL.NS,CONSUMER,0.42,0.42,75.85,85.91836734693878,76.53061224489795,2026-06-16 15:55:08,5,B,29147,0.21084914701934235,0.7667241709794901,-0.46003450258771145,17.998849913743527,1,1,0,1,1,0,1,1,BULLISH
13329,2025-07-09,BAJFINANCE.NS,FINANCIALS,1.4,0.46833333333333327,78.63,88.46938775510205,81.22448979591837,2026-06-16 15:55:08,2,B,26820,0.7495215819689511,-2.0040399744843738,2.944928768870926,-6.7988517967255,1,0,1,0,0,1,1,1,BEARISH
13381,2025-07-10,RELIANCE.NS,ENERGY,-0.12,-0.08,78.19,77.44897959183673,75.3061224489796,2026-06-16 15:55:08,16,C,34850,-1.4500395465330873,-2.689164249934086,-7.533614553124172,-8.423411547587659,0,0,0,0,0,1,0,1,BEARISH
13386,2025-07-10,HDFCBANK.NS,BANKING,-0.25,-0.14666666666666667,83.08,73.16326530612245,75.3061224489796,2026-06-16 15:55:08,18,C,29929,-1.1215232778386999,-0.962017744990527,0.39876383212042665,-0.5383311733625737,0,0,1,0,0,0,0,1,BEARISH
13481,2025-07-14,INDUSINDBK.NS,BANKING,1.02,0.03833333333333332,83.56,77.04081632653062,79.08163265306122,2026-06-16 15:55:08,3,B,31485,1.5444905486399234,-1.0142923005993625,-7.555325034578154,-9.722222222222225,1,0,0,0,0,1,1,1,BEARISH
13680,2025-07-18,BAJFINANCE.NS,FINANCIALS,2.03,-0.6116666666666667,81.37,72.14285714285714,75.91836734693878,2026-06-16 15:55:08,6,C,26827,0.6847133757961832,-2.9989384288747347,-7.048832271762205,-3.9065817409766406,1,0,0,0,0,0,1,1,BEARISH
13723,2025-07-21,HDFCBANK.NS,BANKING,2.2,0.8333333333333334,76.9,89.48979591836735,83.6734693877551,2026-06-16 15:55:08,9,C,29936,0.3299175206198405,0.3999000249937516,-0.42489377655586097,-0.46988252936766267,1,1,0,0,0,0,1,1,BEARISH
13773,2025-07-22,HINDALCO.NS,METALS,1.08,0.31999999999999995,83.82,82.75510204081633,84.08163265306122,2026-06-16 15:55:08,2,B,30714,0.7753061372364355,0.38403014274329267,-0.4275052532425088,1.5651039779726206,1,1,0,1,0,0,1,1,BULLISH
13774,2025-07-22,TATASTEEL.NS,METALS,0.01,0.31999999999999995,80.75,81.53061224489795,79.79591836734693,2026-06-16 15:55:08,5,B,36412,-0.16560353287535687,-0.8280176643768365,-2.0976447497546538,-0.6869479882237516,0,0,0,0,0,0,1,1,BEARISH
13776,2025-07-22,POWERGRID.NS,ENERGY,0.27,-0.22800000000000004,84.95,76.53061224489795,80.40816326530611,2026-06-16 15:55:08,7,B,34599,0.4869039623908625,-1.5782404298186663,-3.962390866353261,-3.156480859637352,1,0,0,0,0,0,1,1,BEARISH
13777,2025-07-22,HDFCBANK.NS,BANKING,0.33,-0.41,84.06,73.57142857142857,77.9591836734694,2026-06-16 15:55:08,14,C,29937,0.8569577998106745,0.722435354491555,-1.4697822729310945,-0.9416571172338132,1,1,0,0,0,0,0,1,BEARISH
13825,2025-07-23,SBIN.NS,BANKING,0.69,0.7666666666666666,76.29,77.44897959183673,75.3061224489796,2026-06-16 15:55:08,7,B,35377,-0.603180405775901,-2.315237921160056,-1.888746725156888,0.6153658685188653,0,0,0,1,0,0,1,1,BULLISH
13924,2025-07-25,HDFCBANK.NS,BANKING,-0.48,-1.085,79.2,73.77551020408164,78.57142857142857,2026-06-16 15:55:08,19,C,29940,0.19455252918288393,0.37912800558715637,-1.531477601516503,-2.0203531876683627,1,1,0,0,0,0,0,1,BEARISH
13926,2025-07-25,APOLLOHOSP.NS,PHARMA,1.43,1.4549999999999998,78.39,72.34693877551021,77.75510204081633,2026-06-16 15:55:08,1,B,25537,-1.499631786838053,-1.5665796344647518,-5.141594697730468,5.121510343442458,0,0,0,1,1,0,1,1,BULLISH
14216,2025-08-04,HINDALCO.NS,METALS,2.27,2.4675000000000002,79.78,75.81632653061224,79.59183673469389,2026-06-16 15:55:08,5,B,30723,-0.08724734622655557,-2.159371819107172,2.762832630507489,8.034026465028354,0,0,1,1,1,0,1,1,BULLISH
14323,2025-08-06,M&M.NS,AUTO,0.48,-0.41200000000000003,84.21,68.77551020408163,75.10204081632654,2026-06-16 15:55:08,19,C,33315,-0.5081332300542244,1.6948102246320627,4.573199070487991,10.342370255615807,0,1,1,1,1,0,0,1,BULLISH
14952,2025-08-26,BRITANNIA.NS,FMCG,3.87,0.7157142857142856,79.62,74.89795918367348,76.53061224489797,2026-06-16 15:55:09,19,C,27889,-0.7718324516520684,2.4715983002341515,7.5188621975544185,3.555632642442112,0,1,1,1,0,0,0,1,BULLISH
15001,2025-08-28,CIPLA.NS,PHARMA,0.03,-0.4975,84.72,69.6938775510204,76.12244897959184,2026-06-16 15:55:09,12,C,28149,0.5758400303739882,-0.1581978105423021,-1.2339429222299563,-4.467506169714606,1,0,0,0,0,0,0,1,BEARISH
15049,2025-08-29,ASIANPAINT.NS,FMCG,1.19,0.9057142857142857,78.72,75.51020408163265,77.85714285714286,2026-06-16 15:55:09,3,B,25819,2.0487572460890937,2.4338918446756206,1.0998173588501656,-6.980068291908193,1,1,1,0,0,1,1,1,BEARISH
15094,2025-09-01,M&M.NS,AUTO,3.62,2.826,77.87,86.3265306122449,84.08163265306122,2026-06-16 15:55:09,5,B,33331,-2.440127888037645,7.416902937805396,6.481872473909636,3.097665440067558,0,1,1,1,0,0,1,1,BULLISH
15152,2025-09-02,NESTLEIND.NS,FMCG,2.26,0.6771428571428572,75.9,75.10204081632654,76.53061224489795,2026-06-16 15:55:09,4,B,33850,-0.5079523690565522,0.10825214422516066,0.2747939045715675,-3.9970022483137644,0,1,1,0,0,0,1,1,BEARISH
15194,2025-09-03,COALINDIA.NS,METALS,2.55,3.5675,79.95,89.28571428571428,84.08163265306122,2026-06-16 15:55:09,4,B,28412,0.42329399692149233,0.5387378142637163,2.552591072344789,-0.3335043612108803,1,1,1,0,0,0,1,1,BEARISH
15243,2025-09-04,NESTLEIND.NS,FMCG,1.49,0.5714285714285714,83.87,76.93877551020408,75.10204081632654,2026-06-16 15:55:09,2,B,33852,-0.3381164440046107,0.6762328880092402,-0.2886359887844302,-3.5213590631700336,0,1,0,0,0,0,1,1,BEARISH
15781,2025-09-19,ADANIPORTS.NS,INFRASTRUCTURE,1.06,0.385,81.52,83.36734693877551,79.38775510204081,2026-06-16 15:55:09,2,A,25316,1.1486202549376727,-2.507353971144415,-1.912032497548673,2.745482560582718,1,0,0,1,0,0,1,1,BULLISH
16031,2025-09-26,SBIN.NS,BANKING,-0.49,-1.3283333333333334,84.04,70.3061224489796,76.02040816326532,2026-06-16 15:55:10,6,C,35422,1.6103623315245876,1.9954489760195937,3.0340159869303926,8.553591224692218,1,1,1,1,1,0,1,1,BULLISH
16079,2025-09-29,TATASTEEL.NS,METALS,0.94,0.325,80.66,81.93877551020408,82.44897959183673,2026-06-16 15:55:10,5,B,36459,-0.12427506213751897,1.4498757249378726,0.9054325955734414,9.592851224997046,0,1,1,1,1,0,1,1,BULLISH
16176,2025-10-01,ADANIENT.NS,DIVERSIFIED,3.46,3.46,83.2,80.0,81.63265306122449,2026-06-16 15:55:10,4,B,25065,-0.10799552589963078,-1.9400624831256887,-1.3538010568133572,-4.308250086782112,0,0,0,0,0,0,1,1,BEARISH
16227,2025-10-03,NTPC.NS,ENERGY,0.51,0.8280000000000001,76.17,75.51020408163265,75.30612244897958,2026-06-16 15:55:10,12,C,34131,-0.8479532163742624,-0.6725146198830443,-0.29239766081871343,-1.9883040935672547,0,0,0,0,0,0,0,1,BEARISH
16520,2025-10-13,AXISBANK.NS,BANKING,0.78,0.034999999999999996,76.69,74.59183673469387,75.91836734693877,2026-06-16 15:55:10,4,B,26108,-1.075991930060521,3.0598520511096248,4.766308002689984,2.6899798251513114,0,1,1,1,0,0,1,1,BULLISH
16663,2025-10-16,AXISBANK.NS,BANKING,2.28,1.3166666666666667,80.24,87.24489795918367,79.59183673469389,2026-06-16 15:55:10,1,A,26111,0.32600518264650097,3.8117529047897802,3.051074145281284,4.455404162835406,1,1,1,1,0,0,1,1,BULLISH
16955,2025-10-27,ETERNAL.NS,CONSUMER,2.17,2.17,80.72,95.30612244897958,82.44897959183673,2026-06-16 15:55:10,5,B,29225,0.2697033263410351,-3.3263410248726295,-8.360803116571764,-9.40964938567575,1,0,0,0,0,1,1,1,BEARISH
17007,2025-10-28,KOTAKBANK.NS,BANKING,0.57,0.6049999999999999,76.12,85.0,75.81632653061224,2026-06-16 15:55:11,6,B,32852,-0.47667530544242925,-2.9711218067382523,-3.531099592743439,-2.6379118844872345,0,0,0,0,0,0,1,1,BEARISH
17054,2025-10-29,POWERGRID.NS,ENERGY,2.46,2.0620000000000003,82.12,93.87755102040816,79.89795918367346,2026-06-16 15:55:11,3,B,34666,-1.3035381750465627,-8.51532080582361,-8.633824276282375,-7.330286101235833,0,0,0,0,0,1,1,1,BEARISH
17055,2025-10-29,BPCL.NS,ENERGY,2.19,2.0620000000000003,84.18,88.16326530612244,76.53061224489795,2026-06-16 15:55:11,8,B,27673,2.729100833093938,5.702384372306798,7.7133007756391745,4.768744613616767,1,1,1,1,0,0,1,1,BULLISH
17152,2025-10-31,ITC.NS,FMCG,0.38,-0.4828571428571428,84.71,82.85714285714286,78.36734693877551,2026-06-16 15:55:11,12,C,32078,-1.5225407398596487,-3.520875460925422,-3.1521351254906627,-3.830141548709414,0,0,0,0,0,0,0,1,BEARISH
17250,2025-11-04,BAJFINANCE.NS,FINANCIALS,1.33,0.05333333333333332,84.59,85.81632653061224,83.67346938775509,2026-06-16 15:55:11,2,B,26900,-1.42857142857142,-4.143803216650895,-4.86281929990539,-3.3680227057710526,0,0,0,0,0,0,1,1,BEARISH
17497,2025-11-12,BHARTIARTL.NS,TELECOM,1.54,1.54,84.98,80.20408163265307,76.3265306122449,2026-06-16 15:55:11,8,C,27423,0.8679718391358858,4.146976564760343,2.5556948596778857,-0.3279004725624545,1,1,1,0,0,0,1,1,BEARISH
17740,2025-11-19,HCLTECH.NS,IT,4.23,2.6775,78.21,90.51020408163265,82.6530612244898,2026-06-16 15:55:11,11,C,29759,-1.0345242391434992,-2.6885600866113206,-1.3292433537832258,-0.4571153614820107,0,0,0,0,0,0,0,1,BEARISH
17888,2025-11-24,HDFCBANK.NS,BANKING,0.11,-0.3283333333333333,79.9,83.36734693877551,78.57142857142857,2026-06-16 15:55:11,12,C,30021,-0.9357954261121977,0.29525096331882555,0.39533603563029035,-1.1459740779662644,0,1,1,0,0,0,0,1,BEARISH
17987,2025-11-26,JSWSTEEL.NS,METALS,3.81,2.31,75.14,83.77551020408163,76.3265306122449,2026-06-16 15:55:11,1,A,32613,0.5370755370755212,-0.9355509355509513,-4.9896049896050005,-5.466042966042978,1,0,0,0,0,1,1,1,BEARISH
18180,2025-12-02,BHARTIARTL.NS,TELECOM,0.68,0.68,81.21,87.34693877551021,82.65306122448979,2026-06-16 15:55:12,4,C,27437,-0.8555133079847909,-0.6796577946768148,-0.09505703422053231,0.07604562737642154,0,0,0,1,0,0,1,1,BULLISH
18235,2025-12-03,HINDALCO.NS,METALS,1.17,-0.47500000000000003,79.52,77.24489795918367,76.12244897959184,2026-06-16 15:55:12,2,B,30805,-0.6737718975866716,0.6676466985177074,3.9813793948303324,9.634938135489415,0,1,1,1,1,0,1,1,BULLISH
18278,2025-12-04,INFY.NS,IT,1.2,1.2375,80.19,91.12244897959184,84.48979591836735,2026-06-16 15:55:12,6,C,31842,1.1642463695543401,0.02503755633450745,1.8277416124186308,2.679018527791699,1,1,1,1,0,0,1,1,BULLISH
18328,2025-12-05,BAJFINANCE.NS,FINANCIALS,1.84,1.6516666666666666,80.86,92.75510204081634,83.26530612244898,2026-06-16 15:55:12,3,B,26922,-2.0610687022900676,-2.9293893129771034,-3.788167938931302,-6.6078244274809155,0,0,0,0,0,1,1,1,BEARISH
18478,2025-12-10,RELIANCE.NS,ENERGY,0.49,0.24000000000000005,84.72,84.08163265306122,83.87755102040818,2026-06-16 15:55:12,13,C,34954,0.5270349404645656,0.48799531524497364,1.3859066952957222,-4.313878586765578,1,1,1,0,0,0,0,1,BEARISH
18527,2025-12-11,KOTAKBANK.NS,BANKING,2.38,0.5466666666666666,82.88,78.06122448979592,77.75510204081633,2026-06-16 15:55:12,5,B,32883,-0.1651224658288293,-0.7155306852582342,-0.7338776259058907,-2.4493165764608764,0,0,0,0,0,0,1,1,BEARISH
18575,2025-12-12,BPCL.NS,ENERGY,3.91,0.96,84.54,87.75510204081633,84.48979591836735,2026-06-16 15:55:12,8,B,27704,0.5341734009039826,0.24654156964798718,1.7942747568826216,-1.7257909875359572,1,1,1,0,0,0,1,1,BEARISH
18625,2025-12-15,INFY.NS,IT,0.54,0.325,84.42,76.83673469387756,76.53061224489795,2026-06-16 15:55:12,20,C,31849,-0.8650734378889633,5.153099327856607,0.9210853871048018,-0.48543689320388067,0,1,1,0,0,0,0,1,BEARISH
18626,2025-12-15,HCLTECH.NS,IT,0.65,0.325,84.24,76.63265306122449,76.12244897959184,2026-06-16 15:55:12,21,C,29777,-1.918052256532064,-0.8135391923990525,-4.085510688836102,-1.1282660332541568,0,0,0,0,0,0,0,0,BEARISH
18672,2025-12-16,TATACONSUM.NS,FMCG,1.08,0.14142857142857143,81.69,78.36734693877551,78.16326530612245,2026-06-16 15:55:12,4,C,36253,0.846226173177183,1.341995042311293,1.8890503461834265,0.12821608684502947,1,1,1,1,0,0,1,1,BULLISH
18722,2025-12-17,INFY.NS,IT,0.57,0.3125,82.22,80.51020408163265,79.18367346938774,2026-06-16 15:55:12,17,C,31851,1.5480649188514328,3.8327091136079954,1.735330836454429,-0.13732833957553342,1,1,1,0,0,0,0,1,BEARISH
18726,2025-12-17,BHARTIARTL.NS,TELECOM,0.29,0.29,82.49,76.73469387755102,76.83673469387755,2026-06-16 15:55:12,11,C,27448,-0.7590132827324478,0.7447817836812057,0.11385199240987148,-4.055977229601518,0,1,1,0,0,0,0,1,BEARISH
18775,2025-12-18,HCLTECH.NS,IT,0.39,1.3900000000000001,77.87,77.04081632653062,76.73469387755101,2026-06-16 15:55:12,19,C,29780,-1.1436138196701577,-0.030095100517635726,-1.2760322619477575,2.20296135789093,0,0,0,1,0,0,0,1,BULLISH
18870,2025-12-22,TECHM.NS,IT,2.12,2.06,78.34,80.51020408163265,75.71428571428572,2026-06-16 15:55:12,9,C,37034,-0.831966964231496,-2.5566284083318234,-2.726665452116359,1.9311349972672591,0,0,0,1,0,0,1,1,BULLISH
19116,2025-12-30,BHARTIARTL.NS,TELECOM,0.87,0.87,79.87,77.14285714285714,75.0,2026-06-16 15:55:13,16,C,27456,0.2762167825507061,0.26192970759119916,-3.471759215163353,-6.767311172492624,1,1,0,0,0,1,0,1,BEARISH
19163,2025-12-31,JSWSTEEL.NS,METALS,4.79,1.94,79.79,87.44897959183673,80.0,2026-06-16 15:55:13,1,A,32637,0.5752060439560479,2.146291208791209,1.459478021978022,6.241414835164839,1,1,1,1,1,0,1,1,BULLISH
19406,2026-01-07,INFY.NS,IT,1.66,1.5699999999999998,81.01,86.22448979591837,78.46938775510203,2026-06-16 15:55:13,13,C,31865,-1.5680292861500942,-2.3917022574740723,0.9395973154362471,-7.248322147651004,0,0,1,0,0,1,0,1,BEARISH
19455,2026-01-08,BEL.NS,POWER,0.0,0.0,75.73,94.28571428571429,84.89795918367346,2026-06-16 15:55:13,1,B,27204,0.7217610970768675,0.4691447130999749,0.3969686033922854,3.3682184530253823,1,1,1,1,0,0,1,1,BULLISH
19507,2026-01-09,HCLTECH.NS,IT,0.89,0.3325,77.87,83.9795918367347,80.0,2026-06-16 15:55:13,18,C,29795,0.37317924641867206,2.20296135789093,2.7446731672083726,-3.57529794149513,1,1,1,0,0,0,0,1,BEARISH
19657,2026-01-14,BEL.NS,POWER,0.94,0.94,78.58,83.06122448979592,78.9795918367347,2026-06-16 15:55:13,10,B,27208,0.0,-3.5799808429118882,6.441570881226048,6.2978927203065025,0,0,1,1,1,0,1,1,BULLISH
19855,2026-01-20,TATACONSUM.NS,FMCG,0.41,-1.6057142857142856,83.35,73.6734693877551,76.3265306122449,2026-06-16 15:55:13,10,C,36277,-1.8059071729957883,-4.489451476793253,-2.70042194092827,-1.2911392405063253,0,0,0,0,0,0,1,1,BEARISH
19901,2026-01-21,JSWSTEEL.NS,METALS,1.26,0.655,84.17,75.40816326530611,78.57142857142857,2026-06-16 15:55:13,2,B,32652,0.8343265792610405,5.355014473012097,5.550825813042742,4.580282649412582,1,1,1,1,0,0,1,1,BULLISH
20239,2026-02-02,BPCL.NS,ENERGY,0.6,-0.30200000000000005,77.18,84.6938775510204,81.42857142857143,2026-06-16 15:55:14,3,B,27738,1.840741750749932,5.890373602399788,2.086173984183265,2.208890100899924,1,1,1,1,0,0,1,1,BULLISH
20339,2026-02-04,POWERGRID.NS,ENERGY,2.19,2.4539999999999997,77.1,92.04081632653062,83.26530612244898,2026-06-16 15:55:14,2,B,34733,-0.017277125086369912,1.7449896337249522,3.8527988942640063,3.472702142363515,0,1,1,1,0,0,1,1,BULLISH
20437,2026-02-06,POWERGRID.NS,ENERGY,1.18,0.43999999999999995,84.41,87.14285714285714,83.06122448979593,2026-06-16 15:55:14,2,B,34735,-1.0247651579846286,-1.8958155422715666,2.1178479931682284,0.8368915456874428,0,0,1,1,0,0,1,1,BULLISH
20485,2026-02-09,BEL.NS,POWER,1.78,1.78,82.39,86.53061224489797,80.61224489795919,2026-06-16 15:55:14,7,B,27225,0.0,0.1600731763091673,0.5602561170820921,5.957008918362683,0,1,1,1,1,0,1,1,BULLISH
20537,2026-02-10,M&M.NS,AUTO,1.83,1.244,84.08,79.59183673469389,75.10204081632654,2026-06-16 15:55:14,12,C,33442,-0.02448446596659478,-5.076445943740148,-6.599923826105892,-13.809238805158069,0,0,0,0,0,1,0,1,BEARISH
20681,2026-02-13,SBILIFE.NS,FINANCIALS,0.6,-0.21166666666666675,80.5,77.24489795918367,76.73469387755102,2026-06-16 15:55:14,17,C,35258,0.40310687248058424,2.251499360928127,0.14747812407826172,-6.144921836594238,1,1,1,0,0,1,0,1,BEARISH
20928,2026-02-20,HINDALCO.NS,METALS,3.32,1.7850000000000001,76.91,88.06122448979592,81.02040816326532,2026-06-16 15:55:15,1,A,30860,-2.0840012824623275,-1.175590467030031,1.031313455167252,-10.2009190980015,0,0,1,0,0,1,1,1,BEARISH
21028,2026-02-24,BPCL.NS,ENERGY,0.63,0.6839999999999999,82.71,79.79591836734694,75.71428571428571,2026-06-16 15:55:15,10,C,27754,1.762585124849786,-4.8204032581119005,-13.192682601148345,-24.008545867271994,1,0,0,0,0,1,1,1,BEARISH
21219,2026-03-02,HINDALCO.NS,METALS,1.65,0.054999999999999966,78.04,82.95918367346938,79.38775510204081,2026-06-16 15:55:15,2,B,30866,-1.9361702127659624,1.765957446808513,-0.3563829787234067,-2.5265957446808507,0,1,0,0,0,0,1,1,BEARISH
21279,2026-03-04,COALINDIA.NS,METALS,2.09,-2.7249999999999996,75.96,71.53061224489795,75.51020408163265,2026-06-16 15:55:15,6,B,28536,3.2747328507411235,2.6657474434103237,4.607606572446286,5.60726186372516,1,1,1,1,1,0,1,1,BULLISH
21318,2026-03-05,HINDALCO.NS,METALS,3.6,2.9275,81.94,88.87755102040816,83.87755102040816,2026-06-16 15:55:15,2,A,30868,0.41363422168699215,1.5498193622702712,-6.063144667260075,-0.04712288601497937,1,1,0,0,0,0,1,1,BEARISH
21319,2026-03-05,TATASTEEL.NS,METALS,1.95,2.9275,76.83,87.65306122448979,81.22448979591837,2026-06-16 15:55:15,5,B,36566,-1.0520017948845717,-3.5399112529291488,-5.015705240065814,-1.2165328812883272,0,0,0,0,0,0,1,1,BEARISH
21369,2026-03-06,POWERGRID.NS,ENERGY,-0.1,0.10200000000000005,84.77,83.06122448979592,84.89795918367346,2026-06-16 15:55:15,3,B,34754,-1.3204078221627908,0.6017048303526698,-0.5181347150258916,-1.4374059836202424,0,1,0,0,0,0,1,1,BEARISH
21373,2026-03-06,HINDALCO.NS,METALS,0.41,-0.9450000000000001,82.98,71.12244897959184,76.12244897959184,2026-06-16 15:55:15,5,B,30869,-1.4130774846177865,-5.094378975909899,-8.827823547815203,-0.7404317447074797,0,0,0,0,0,0,1,1,BEARISH
21423,2026-03-09,APOLLOHOSP.NS,PHARMA,0.71,0.03749999999999999,80.88,70.71428571428571,78.57142857142857,2026-06-16 15:55:15,1,B,25690,0.3085229463941381,-3.7151304794960796,-8.150147833911813,-3.8243990230106695,1,0,0,0,0,0,1,1,BEARISH
21522,2026-03-11,HINDALCO.NS,METALS,0.26,-0.5175,83.03,75.81632653061224,79.18367346938776,2026-06-16 15:55:15,5,B,30872,1.1104160150140734,-2.7160879991658917,-9.430716296527999,1.9966635387342275,1,0,0,1,0,0,1,1,BULLISH
21565,2026-03-12,ONGC.NS,ENERGY,-0.07,0.976,77.1,80.20408163265306,81.02040816326532,2026-06-16 15:55:15,13,C,34499,-2.384032526335239,-0.5359452966179962,4.213638883755304,6.301977453335801,0,0,1,1,1,0,0,1,BULLISH
21713,2026-03-17,HINDALCO.NS,METALS,1.68,2.1325,77.16,77.65306122448979,81.42857142857143,2026-06-16 15:55:16,5,B,30876,-0.3843484759515318,-8.754604174451503,-2.177974697058664,8.391608391608395,0,0,0,1,1,0,1,1,BULLISH
21721,2026-03-17,SHRIRAMFIN.NS,FINANCIALS,1.27,0.9033333333333333,81.24,67.65306122448979,75.10204081632654,2026-06-16 15:55:16,7,B,35797,1.6922158072864821,-10.053752737407923,-11.248258013139557,4.036432410909821,1,0,0,1,0,0,1,1,BULLISH
21767,2026-03-18,SHRIRAMFIN.NS,FINANCIALS,1.69,1.6933333333333334,84.43,70.71428571428572,78.36734693877551,2026-06-16 15:55:16,4,B,35798,-7.028191072826945,-6.421299921691466,-9.162098668754897,2.319890368050111,0,0,0,1,0,0,1,1,BULLISH
21865,2026-03-20,SUNPHARMA.NS,PHARMA,1.87,1.68,79.69,69.48979591836735,77.14285714285714,2026-06-16 15:55:16,4,B,36059,-1.0522761802937268,-1.1198019244837019,-3.516965843227731,-5.458330988689438,0,0,0,0,0,1,1,1,BEARISH
21866,2026-03-20,DRREDDY.NS,PHARMA,1.91,1.68,76.84,68.46938775510205,75.91836734693878,2026-06-16 15:55:16,6,C,28807,-3.510662868581117,-3.387481715297559,-8.276233736238355,2.471321887751167,0,0,0,1,0,0,1,1,BULLISH
22055,2026-03-27,NTPC.NS,ENERGY,-0.73,-0.292,79.32,79.18367346938776,83.9795918367347,2026-06-16 15:55:16,10,C,34250,-1.331026221216558,-1.8101956608545067,4.512178889924144,6.828164514840952,0,0,1,1,1,0,1,1,BULLISH
22354,2026-04-08,AXISBANK.NS,BANKING,6.63,5.286666666666666,80.44,72.55102040816327,78.77551020408163,2026-06-16 15:55:16,5,B,26227,-1.0877719429857464,1.2453113278319512,2.7456864216053947,-3.023255813953485,0,1,1,0,0,0,1,1,BEARISH
22399,2026-04-09,POWERGRID.NS,ENERGY,1.1,0.364,82.8,80.61224489795919,83.46938775510205,2026-06-16 15:55:16,7,B,34775,1.5598792351559803,6.709158000670916,6.138879570613872,5.317007715531688,1,1,1,1,1,0,1,1,BULLISH
22401,2026-04-09,JSWSTEEL.NS,METALS,1.29,1.6075,75.9,78.06122448979592,80.20408163265307,2026-06-16 15:55:16,2,B,32703,0.4215921302802272,2.529552781681401,3.802595684880549,5.629494916094892,1,1,1,1,1,0,1,1,BULLISH
22544,2026-04-15,ADANIPORTS.NS,INFRASTRUCTURE,3.17,3.13,78.36,78.06122448979592,78.77551020408163,2026-06-16 15:55:17,1,B,25454,2.5135599947082947,5.0800370419367615,9.875644926577587,14.949067336949332,1,1,1,1,1,0,1,1,BULLISH
22644,2026-04-17,NESTLEIND.NS,FMCG,2.24,1.9028571428571428,80.74,76.93877551020408,77.75510204081633,2026-06-16 15:55:17,1,B,34003,0.06222775357810998,10.55538270068451,13.456751711263223,11.271001866832615,1,1,1,1,1,0,1,1,BULLISH
22789,2026-04-22,TATACONSUM.NS,FMCG,3.2,0.7757142857142857,82.81,81.63265306122449,81.63265306122449,2026-06-16 15:55:17,7,B,36337,0.49210928219923483,-0.8993721364330486,-2.239945698286091,2.55387748175803,1,0,0,1,0,0,1,1,BULLISH
22837,2026-04-23,COALINDIA.NS,METALS,1.46,0.022499999999999992,80.56,80.30612244897958,77.9591836734694,2026-06-16 15:55:17,4,B,28568,1.1871740818817316,6.834572284477979,3.55042716076778,2.1191612115832714,1,1,1,1,0,0,1,1,BULLISH
22839,2026-04-23,BEL.NS,POWER,0.28,0.28,82.31,79.59183673469389,78.77551020408163,2026-06-16 15:55:17,9,B,27273,-1.222358039782198,-4.144904989443267,-2.3335926214023783,-6.567396377375266,0,0,0,0,0,1,1,1,BEARISH
23181,2026-05-04,ADANIENT.NS,DIVERSIFIED,3.21,3.21,79.22,85.71428571428571,83.06122448979592,2026-06-16 15:55:17,2,A,25208,-0.9534537554813461,0.5833366858430221,8.210966729693864,17.045500261495768,0,1,1,1,1,0,1,1,BULLISH
23280,2026-05-06,SHRIRAMFIN.NS,FINANCIALS,4.12,2.415,81.14,80.51020408163265,78.9795918367347,2026-06-16 15:55:17,2,B,35829,1.150283836271283,-8.320884374066335,-8.032068519071803,-9.077781097500246,1,0,0,0,0,1,1,1,BEARISH
23332,2026-05-07,SHRIRAMFIN.NS,FINANCIALS,1.15,0.49833333333333335,83.31,75.20408163265306,75.10204081632654,2026-06-16 15:55:18,1,B,35830,-0.7778270073352018,-7.9308817013735,-9.934524688623048,-9.949293555850929,0,0,0,0,0,1,1,1,BEARISH
23377,2026-05-08,TATACONSUM.NS,FMCG,2.13,-0.03857142857142848,81.6,75.71428571428572,75.71428571428571,2026-06-16 15:55:18,6,C,36349,8.05985376636626,4.914130249957486,1.3263050501615292,-3.8513858187383057,1,1,1,0,0,0,1,1,BEARISH
23425,2026-05-11,COALINDIA.NS,METALS,1.76,-0.6375,84.74,77.44897959183675,78.16326530612245,2026-06-16 15:55:18,4,B,28580,-0.3014318010550064,-0.5059748089137617,-1.3887393691462995,1.6901711702013182,0,0,0,1,0,0,1,1,BULLISH
23476,2026-05-12,NTPC.NS,ENERGY,-0.06,-0.14400000000000007,80.92,84.48979591836735,82.0408163265306,2026-06-16 15:55:18,9,B,34279,-0.5729564553093965,-0.8403361344537844,-0.7639419404125287,-7.715813598166542,0,0,0,0,0,1,1,1,BEARISH
23477,2026-05-12,COALINDIA.NS,METALS,-0.3,0.1475,83.48,83.16326530612244,82.85714285714286,2026-06-16 15:55:18,5,B,28581,-0.17276751970629767,-1.3173523377605059,-1.0582010582010657,0.3995248893208003,0,0,0,1,0,0,1,1,BULLISH
23526,2026-05-13,ADANIENT.NS,DIVERSIFIED,3.86,3.86,80.56,78.36734693877551,78.16326530612244,2026-06-16 15:55:18,3,B,25215,8.602882305844679,8.278622898318662,19.019215372297836,19.291433146517218,1,1,1,1,1,0,1,1,BULLISH
23770,2026-05-20,NTPC.NS,ENERGY,0.78,1.436,80.64,81.22448979591836,80.20408163265306,2026-06-16 15:55:18,8,C,34285,-0.9300547840489176,1.4524143202955762,-6.5358644413301,-9.224104981526308,0,1,0,0,0,1,1,1,BEARISH
23817,2026-05-21,TATASTEEL.NS,METALS,0.76,0.5525,82.1,85.61224489795919,84.28571428571429,2026-06-16 15:55:18,4,B,36617,0.29245373477801573,2.934125994822119,0.7766804103940819,-9.770831335698544,1,1,1,0,0,1,1,1,BEARISH
23964,2026-05-26,TATASTEEL.NS,METALS,0.12,0.21500000000000002,84.8,82.75510204081633,81.42857142857143,2026-06-16 15:55:18,5,B,36620,2.0097876181878602,0.06176652254477857,-3.682234997861928,-10.581080439017441,1,1,0,0,0,1,1,1,BEARISH
23965,2026-05-26,COALINDIA.NS,METALS,0.03,0.21500000000000002,79.08,79.28571428571428,77.04081632653062,2026-06-16 15:55:18,7,B,28591,1.0695187165775477,3.055767761650115,1.4733165993670196,-5.926006766342897,1,1,1,0,0,1,1,1,BEARISH
24118,2026-05-29,NESTLEIND.NS,FMCG,-0.42,-1.3442857142857143,83.72,71.83673469387755,76.53061224489795,2026-06-16 15:55:19,6,B,34033,-2.0893422441083396,-2.483292296869501,0.07034822370735139,2.933520928596556,0,0,1,1,0,0,1,1,BULLISH
